"panel","level","task","nt","stim","idx","trial","Oz"
"A","subject","RL","NE","Pre-Stim",3,NA,-4.93265043747994
"A","subject","RL","NE","Post-Stim",3,NA,5.18040163341753
"A","subject","RL","NE","Pre-Stim",4,NA,3.62750729564801
"A","subject","RL","NE","Post-Stim",4,NA,-3.29210779386399
"A","subject","RL","NE","Pre-Stim",5,NA,0.600277741652677
"A","subject","RL","NE","Post-Stim",5,NA,-0.786950637306027
"A","subject","RL","NE","Pre-Stim",6,NA,-2.0954086399323
"A","subject","RL","NE","Post-Stim",6,NA,2.23692017252556
"A","subject","RL","NE","Pre-Stim",7,NA,4.58267725007138
"A","subject","RL","NE","Post-Stim",7,NA,-4.54323215436063
"A","subject","RL","NE","Pre-Stim",8,NA,4.16616830062082
"A","subject","RL","NE","Post-Stim",8,NA,-4.14119210154562
"A","subject","RL","NE","Pre-Stim",9,NA,-3.26011657403904
"A","subject","RL","NE","Post-Stim",9,NA,3.60696187042668
"A","subject","RL","NE","Pre-Stim",10,NA,0.0185617635704988
"A","subject","RL","NE","Post-Stim",10,NA,-0.063966914048034
"B","subject","UG","NE","Pre-Stim",1,NA,-3.12552002663659
"B","subject","UG","NE","Post-Stim",1,NA,2.44269656619699
"B","subject","UG","NE","Pre-Stim",2,NA,0.30505990952086
"B","subject","UG","NE","Post-Stim",2,NA,-0.994167532285351
"B","subject","UG","NE","Pre-Stim",3,NA,-2.68039341657395
"B","subject","UG","NE","Post-Stim",3,NA,2.84341308757605
"B","subject","UG","NE","Pre-Stim",4,NA,4.21451043606632
"B","subject","UG","NE","Post-Stim",4,NA,-3.70301863922119
"B","subject","UG","NE","Pre-Stim",5,NA,3.35550252274279
"B","subject","UG","NE","Post-Stim",5,NA,-2.62350141779069
"B","subject","UG","NE","Pre-Stim",6,NA,-4.45436554065512
"B","subject","UG","NE","Post-Stim",6,NA,4.05513735827342
"B","subject","UG","NE","Pre-Stim",7,NA,2.865431458778
"B","subject","UG","NE","Post-Stim",7,NA,-3.48547123666807
"B","subject","UG","NE","Pre-Stim",8,NA,0.828706790891157
"B","subject","UG","NE","Post-Stim",8,NA,-1.40349323737855
"B","subject","UG","NE","Pre-Stim",9,NA,-2.03453421164428
"B","subject","UG","NE","Post-Stim",9,NA,1.65208250658871
"B","subject","UG","NE","Pre-Stim",10,NA,4.96534343182341
"B","subject","UG","NE","Post-Stim",10,NA,-5.09542062757956
"C","trial","RL","NE","Pre-Stim",3,1,-2.62821680057741
"C","trial","RL","NE","Pre-Stim",3,2,-1.83186657106446
"C","trial","RL","NE","Pre-Stim",3,3,-3.32650180726172
"C","trial","RL","NE","Pre-Stim",3,4,-4.7054689915241
"C","trial","RL","NE","Pre-Stim",3,5,-3.71832724650144
"C","trial","RL","NE","Pre-Stim",3,6,-4.94168215080798
"C","trial","RL","NE","Pre-Stim",3,7,-1.91473837921807
"C","trial","RL","NE","Pre-Stim",3,8,-0.462633701317874
"C","trial","RL","NE","Pre-Stim",3,9,-2.67876756391146
"C","trial","RL","NE","Pre-Stim",3,10,-2.90254680847761
"C","trial","RL","NE","Pre-Stim",3,11,-2.95335254831622
"C","trial","RL","NE","Pre-Stim",3,12,-2.54814075876251
"C","trial","RL","NE","Pre-Stim",3,13,-3.91882576170771
"C","trial","RL","NE","Pre-Stim",3,14,-4.42549408610095
"C","trial","RL","NE","Pre-Stim",3,15,-4.11129055612185
"C","trial","RL","NE","Pre-Stim",3,16,-2.30035379590633
"C","trial","RL","NE","Pre-Stim",3,17,-4.75890664689225
"C","trial","RL","NE","Pre-Stim",3,18,-2.67539876534877
"C","trial","RL","NE","Pre-Stim",3,19,-3.27416346043706
"C","trial","RL","NE","Pre-Stim",3,20,-2.27208307315934
"C","trial","RL","NE","Pre-Stim",3,21,-5.18152459767981
"C","trial","RL","NE","Pre-Stim",3,22,-2.65672331185546
"C","trial","RL","NE","Pre-Stim",3,23,-4.70935492418813
"C","trial","RL","NE","Pre-Stim",3,24,-4.07539202223485
"C","trial","RL","NE","Pre-Stim",3,25,-3.23423665711268
"C","trial","RL","NE","Pre-Stim",3,26,-1.86906770708708
"C","trial","RL","NE","Pre-Stim",3,27,-3.57827948085881
"C","trial","RL","NE","Pre-Stim",3,28,-4.88256418033075
"C","trial","RL","NE","Pre-Stim",3,29,-4.48025953814198
"C","trial","RL","NE","Pre-Stim",3,30,-3.53646425198469
"C","trial","RL","NE","Pre-Stim",3,31,-3.5401193537998
"C","trial","RL","NE","Pre-Stim",3,32,-3.66842936743124
"C","trial","RL","NE","Pre-Stim",3,33,-6.34663429212991
"C","trial","RL","NE","Pre-Stim",3,34,-2.80428610988937
"C","trial","RL","NE","Pre-Stim",3,35,-4.48937004530744
"C","trial","RL","NE","Pre-Stim",3,36,-3.98233479682536
"C","trial","RL","NE","Pre-Stim",3,37,-4.22291910069723
"C","trial","RL","NE","Pre-Stim",3,38,-4.92863875469592
"C","trial","RL","NE","Pre-Stim",3,39,-3.33248176298628
"C","trial","RL","NE","Pre-Stim",3,40,-2.52081250169594
"C","trial","RL","NE","Pre-Stim",3,41,-3.52183494287412
"C","trial","RL","NE","Pre-Stim",3,42,-5.17716960581936
"C","trial","RL","NE","Pre-Stim",3,43,-4.81435220147741
"C","trial","RL","NE","Pre-Stim",3,44,-4.11266008854694
"C","trial","RL","NE","Pre-Stim",3,45,-4.76075742610017
"C","trial","RL","NE","Pre-Stim",3,46,-5.0136118568772
"C","trial","RL","NE","Pre-Stim",3,47,-4.54141389164356
"C","trial","RL","NE","Pre-Stim",3,48,-5.45989804071939
"C","trial","RL","NE","Pre-Stim",3,49,-4.30915298963801
"C","trial","RL","NE","Pre-Stim",3,50,-2.40853757007387
"C","trial","RL","NE","Pre-Stim",3,51,-4.35010031592942
"C","trial","RL","NE","Pre-Stim",3,52,-5.31883135674953
"C","trial","RL","NE","Pre-Stim",3,53,-6.17934961510052
"C","trial","RL","NE","Pre-Stim",3,54,-6.55465965491521
"C","trial","RL","NE","Pre-Stim",3,55,-5.20989146454512
"C","trial","RL","NE","Pre-Stim",3,56,-5.89356522835333
"C","trial","RL","NE","Pre-Stim",3,57,-4.40316477545265
"C","trial","RL","NE","Pre-Stim",3,58,-6.03021595825402
"C","trial","RL","NE","Pre-Stim",3,59,-5.35204742131526
"C","trial","RL","NE","Pre-Stim",3,60,-6.14096780140954
"C","trial","RL","NE","Pre-Stim",3,61,-5.84586391350295
"C","trial","RL","NE","Pre-Stim",3,62,-7.74668599369069
"C","trial","RL","NE","Pre-Stim",3,63,-7.85778630470707
"C","trial","RL","NE","Pre-Stim",3,64,-6.85068806513323
"C","trial","RL","NE","Pre-Stim",3,65,-7.67315736592324
"C","trial","RL","NE","Pre-Stim",3,66,-4.01269192562341
"C","trial","RL","NE","Pre-Stim",3,67,-6.94790660774558
"C","trial","RL","NE","Pre-Stim",3,68,-4.79265925981512
"C","trial","RL","NE","Pre-Stim",3,69,-6.07792724133104
"C","trial","RL","NE","Pre-Stim",3,70,-6.66244424099818
"C","trial","RL","NE","Pre-Stim",3,71,-6.39668979220242
"C","trial","RL","NE","Pre-Stim",3,72,-6.29019798296489
"C","trial","RL","NE","Pre-Stim",3,73,-5.77888761759122
"C","trial","RL","NE","Pre-Stim",3,74,-7.04529032640715
"C","trial","RL","NE","Pre-Stim",3,75,-6.49714467142039
"C","trial","RL","NE","Pre-Stim",3,76,-5.33539522688564
"C","trial","RL","NE","Pre-Stim",3,77,-6.72739424580764
"C","trial","RL","NE","Pre-Stim",3,78,-5.59834603815528
"C","trial","RL","NE","Pre-Stim",3,79,-6.04462878078274
"C","trial","RL","NE","Pre-Stim",3,80,-5.58388538636019
"C","trial","RL","NE","Pre-Stim",3,81,-3.58669873685137
"C","trial","RL","NE","Pre-Stim",3,82,-5.89687765490948
"C","trial","RL","NE","Pre-Stim",3,83,-4.05820865755644
"C","trial","RL","NE","Pre-Stim",3,84,-3.40195892430228
"C","trial","RL","NE","Pre-Stim",3,85,-4.49612625200305
"C","trial","RL","NE","Pre-Stim",3,86,-5.6795984929127
"C","trial","RL","NE","Pre-Stim",3,87,-10.7290002331792
"C","trial","RL","NE","Pre-Stim",3,88,-7.89970315564904
"C","trial","RL","NE","Pre-Stim",3,89,-4.74132465999844
"C","trial","RL","NE","Pre-Stim",3,90,-5.08424536384266
"C","trial","RL","NE","Pre-Stim",3,91,-6.90245590730349
"C","trial","RL","NE","Pre-Stim",3,92,-5.87112888771611
"C","trial","RL","NE","Pre-Stim",3,93,-6.5509290684116
"C","trial","RL","NE","Pre-Stim",3,94,-6.81466430827714
"C","trial","RL","NE","Pre-Stim",3,95,-7.03362661751001
"C","trial","RL","NE","Pre-Stim",3,96,-5.00734062535402
"C","trial","RL","NE","Pre-Stim",3,97,-8.27642864560942
"C","trial","RL","NE","Pre-Stim",3,98,-6.60564160434161
"C","trial","RL","NE","Pre-Stim",3,99,-6.82712508294701
"C","trial","RL","NE","Pre-Stim",3,100,-6.91910559842465
"C","trial","RL","NE","Pre-Stim",3,101,-4.28331479981937
"C","trial","RL","NE","Pre-Stim",3,102,-7.84690708923533
"C","trial","RL","NE","Pre-Stim",3,103,-6.56693749832044
"C","trial","RL","NE","Pre-Stim",3,104,-5.77107660210787
"C","trial","RL","NE","Pre-Stim",3,105,-5.37136604562078
"C","trial","RL","NE","Post-Stim",3,1,6.46447129104526
"C","trial","RL","NE","Post-Stim",3,2,4.62249591561616
"C","trial","RL","NE","Post-Stim",3,3,6.69578794178309
"C","trial","RL","NE","Post-Stim",3,4,9.17070189816832
"C","trial","RL","NE","Post-Stim",3,5,6.17500990367853
"C","trial","RL","NE","Post-Stim",3,6,9.25202901911473
"C","trial","RL","NE","Post-Stim",3,7,7.53577031173292
"C","trial","RL","NE","Post-Stim",3,8,6.71881660008964
"C","trial","RL","NE","Post-Stim",3,9,7.26667607306923
"C","trial","RL","NE","Post-Stim",3,10,5.36583979719869
"C","trial","RL","NE","Post-Stim",3,11,8.59101722307467
"C","trial","RL","NE","Post-Stim",3,12,2.0294865879362
"C","trial","RL","NE","Post-Stim",3,13,7.90282160607747
"C","trial","RL","NE","Post-Stim",3,14,2.55365083234795
"C","trial","RL","NE","Post-Stim",3,15,8.57988229749783
"C","trial","RL","NE","Post-Stim",3,16,6.07664511194239
"C","trial","RL","NE","Post-Stim",3,17,5.45220772314074
"C","trial","RL","NE","Post-Stim",3,18,8.0190609204737
"C","trial","RL","NE","Post-Stim",3,20,7.79417114703062
"C","trial","RL","NE","Post-Stim",3,21,6.95216396803151
"C","trial","RL","NE","Post-Stim",3,22,3.63254576031894
"C","trial","RL","NE","Post-Stim",3,23,3.05206029310708
"C","trial","RL","NE","Post-Stim",3,24,4.51266422706876
"C","trial","RL","NE","Post-Stim",3,25,3.73563203220875
"C","trial","RL","NE","Post-Stim",3,26,6.17906466586794
"C","trial","RL","NE","Post-Stim",3,27,8.62026741664619
"C","trial","RL","NE","Post-Stim",3,28,5.89060846280953
"C","trial","RL","NE","Post-Stim",3,29,8.25018268842049
"C","trial","RL","NE","Post-Stim",3,30,5.27006159053883
"C","trial","RL","NE","Post-Stim",3,31,5.53744751358326
"C","trial","RL","NE","Post-Stim",3,32,5.13560375685134
"C","trial","RL","NE","Post-Stim",3,33,1.54790487008498
"C","trial","RL","NE","Post-Stim",3,34,8.43385273722243
"C","trial","RL","NE","Post-Stim",3,35,3.65953420945495
"C","trial","RL","NE","Post-Stim",3,36,2.04817936787602
"C","trial","RL","NE","Post-Stim",3,37,5.26447710981639
"C","trial","RL","NE","Post-Stim",3,38,7.01884177386602
"C","trial","RL","NE","Post-Stim",3,39,3.72026135681333
"C","trial","RL","NE","Post-Stim",3,40,6.09960087685857
"C","trial","RL","NE","Post-Stim",3,41,5.20514407083895
"C","trial","RL","NE","Post-Stim",3,42,8.27807907546487
"C","trial","RL","NE","Post-Stim",3,43,6.2493340320056
"C","trial","RL","NE","Post-Stim",3,44,7.26729994564101
"C","trial","RL","NE","Post-Stim",3,45,6.14814776237848
"C","trial","RL","NE","Post-Stim",3,46,5.08950236460828
"C","trial","RL","NE","Post-Stim",3,47,5.27968256687491
"C","trial","RL","NE","Post-Stim",3,48,5.16890938150349
"C","trial","RL","NE","Post-Stim",3,49,6.29055778145835
"C","trial","RL","NE","Post-Stim",3,50,2.17593296088386
"C","trial","RL","NE","Post-Stim",3,51,5.51819338962808
"C","trial","RL","NE","Post-Stim",3,52,2.38205053368842
"C","trial","RL","NE","Post-Stim",3,53,-0.921189309011696
"C","trial","RL","NE","Post-Stim",3,54,5.79413515002424
"C","trial","RL","NE","Post-Stim",3,55,3.42086645968025
"C","trial","RL","NE","Post-Stim",3,56,5.74576177237131
"C","trial","RL","NE","Post-Stim",3,57,4.56302645022216
"C","trial","RL","NE","Post-Stim",3,58,6.78173066492225
"C","trial","RL","NE","Post-Stim",3,59,3.44142274571944
"C","trial","RL","NE","Post-Stim",3,60,4.46045195423043
"C","trial","RL","NE","Post-Stim",3,61,6.05034195658523
"C","trial","RL","NE","Post-Stim",3,62,6.01290545995907
"C","trial","RL","NE","Post-Stim",3,63,1.39619579205542
"C","trial","RL","NE","Post-Stim",3,64,3.99048650340041
"C","trial","RL","NE","Post-Stim",3,65,7.26634472970364
"C","trial","RL","NE","Post-Stim",3,66,4.45574504775864
"C","trial","RL","NE","Post-Stim",3,67,5.35869044421652
"C","trial","RL","NE","Post-Stim",3,68,8.13584877992981
"C","trial","RL","NE","Post-Stim",3,69,-0.20727638268744
"C","trial","RL","NE","Post-Stim",3,70,4.50599485302116
"C","trial","RL","NE","Post-Stim",3,71,5.31657235582162
"C","trial","RL","NE","Post-Stim",3,72,4.28646031099349
"C","trial","RL","NE","Post-Stim",3,73,4.28600758126627
"C","trial","RL","NE","Post-Stim",3,74,3.97599239286882
"C","trial","RL","NE","Post-Stim",3,75,3.93889475632685
"C","trial","RL","NE","Post-Stim",3,76,7.8326234732901
"C","trial","RL","NE","Post-Stim",3,77,6.39869430525003
"C","trial","RL","NE","Post-Stim",3,78,2.20811534074533
"C","trial","RL","NE","Post-Stim",3,79,9.51869332635208
"C","trial","RL","NE","Post-Stim",3,80,7.29820666457523
"C","trial","RL","NE","Post-Stim",3,81,-1.30610197469393
"C","trial","RL","NE","Post-Stim",3,82,5.92463335915314
"C","trial","RL","NE","Post-Stim",3,83,5.06338587854672
"C","trial","RL","NE","Post-Stim",3,84,4.24155219802828
"C","trial","RL","NE","Post-Stim",3,85,3.36483797743989
"C","trial","RL","NE","Post-Stim",3,86,6.44830900123959
"C","trial","RL","NE","Post-Stim",3,87,4.18010796422393
"C","trial","RL","NE","Post-Stim",3,88,3.14657077393585
"C","trial","RL","NE","Post-Stim",3,89,7.31391972070761
"C","trial","RL","NE","Post-Stim",3,90,-0.690344545721114
"C","trial","RL","NE","Post-Stim",3,91,6.07444948447015
"C","trial","RL","NE","Post-Stim",3,92,6.10149203778373
"C","trial","RL","NE","Post-Stim",3,93,8.10519160913817
"C","trial","RL","NE","Post-Stim",3,94,3.74630546126297
"C","trial","RL","NE","Post-Stim",3,95,1.46632603030617
"C","trial","RL","NE","Post-Stim",3,96,3.19775557565482
"C","trial","RL","NE","Post-Stim",3,97,-1.10592771297563
"C","trial","RL","NE","Post-Stim",3,98,8.05410071287328
"C","trial","RL","NE","Post-Stim",3,99,1.56539507514039
"C","trial","RL","NE","Post-Stim",3,100,5.83415544580022
"C","trial","RL","NE","Post-Stim",3,101,4.21779471524565
"C","trial","RL","NE","Post-Stim",3,102,4.50629138774811
"C","trial","RL","NE","Post-Stim",3,103,1.76811746110898
"C","trial","RL","NE","Post-Stim",3,104,7.7425007866114
"C","trial","RL","NE","Post-Stim",3,105,8.60887712936668
"C","trial","RL","NE","Pre-Stim",4,1,1.3806511626676
"C","trial","RL","NE","Pre-Stim",4,2,-0.909876520530292
"C","trial","RL","NE","Pre-Stim",4,3,0.98365036920087
"C","trial","RL","NE","Pre-Stim",4,4,4.16634267477846
"C","trial","RL","NE","Pre-Stim",4,5,0.62194816295802
"C","trial","RL","NE","Pre-Stim",4,6,4.16623942958505
"C","trial","RL","NE","Pre-Stim",4,7,4.19384496364581
"C","trial","RL","NE","Pre-Stim",4,8,2.78071964263912
"C","trial","RL","NE","Pre-Stim",4,9,8.47165713401257
"C","trial","RL","NE","Pre-Stim",4,10,2.8424134420646
"C","trial","RL","NE","Pre-Stim",4,11,3.10566889003362
"C","trial","RL","NE","Pre-Stim",4,12,5.25239292478773
"C","trial","RL","NE","Pre-Stim",4,13,3.18306197441907
"C","trial","RL","NE","Pre-Stim",4,14,0.92979470040638
"C","trial","RL","NE","Pre-Stim",4,15,1.90092915142408
"C","trial","RL","NE","Pre-Stim",4,16,5.10371549668028
"C","trial","RL","NE","Pre-Stim",4,17,6.79569277074565
"C","trial","RL","NE","Pre-Stim",4,18,3.90039506185813
"C","trial","RL","NE","Pre-Stim",4,19,7.42131734039565
"C","trial","RL","NE","Pre-Stim",4,20,6.53815239423601
"C","trial","RL","NE","Pre-Stim",4,21,4.28598916725505
"C","trial","RL","NE","Pre-Stim",4,22,6.13472331789089
"C","trial","RL","NE","Pre-Stim",4,23,5.59804799560558
"C","trial","RL","NE","Pre-Stim",4,24,3.16692430767253
"C","trial","RL","NE","Pre-Stim",4,25,3.34889055131266
"C","trial","RL","NE","Pre-Stim",4,26,8.72994227176329
"C","trial","RL","NE","Pre-Stim",4,27,4.66579475475514
"C","trial","RL","NE","Pre-Stim",4,28,10.3099700609706
"C","trial","RL","NE","Pre-Stim",4,29,8.80507636846053
"C","trial","RL","NE","Pre-Stim",4,30,5.28378815564704
"C","trial","RL","NE","Pre-Stim",4,31,8.36427398225667
"C","trial","RL","NE","Pre-Stim",4,32,4.80011524550141
"C","trial","RL","NE","Pre-Stim",4,33,2.44701095095118
"C","trial","RL","NE","Pre-Stim",4,34,3.70017752475119
"C","trial","RL","NE","Pre-Stim",4,35,1.1991481264059
"C","trial","RL","NE","Pre-Stim",4,36,7.70438638750508
"C","trial","RL","NE","Pre-Stim",4,37,3.7058781141018
"C","trial","RL","NE","Pre-Stim",4,38,3.68269382155138
"C","trial","RL","NE","Pre-Stim",4,39,7.34967496136811
"C","trial","RL","NE","Pre-Stim",4,40,6.91433362714587
"C","trial","RL","NE","Pre-Stim",4,41,6.80749389902036
"C","trial","RL","NE","Pre-Stim",4,42,8.71582132181674
"C","trial","RL","NE","Pre-Stim",4,43,4.51216439692771
"C","trial","RL","NE","Pre-Stim",4,44,8.4914056142724
"C","trial","RL","NE","Pre-Stim",4,45,8.01303531119273
"C","trial","RL","NE","Pre-Stim",4,46,9.633836565866
"C","trial","RL","NE","Pre-Stim",4,47,3.53567611763604
"C","trial","RL","NE","Pre-Stim",4,48,4.94894453688697
"C","trial","RL","NE","Pre-Stim",4,49,4.65543510297923
"C","trial","RL","NE","Pre-Stim",4,50,6.40033808228737
"C","trial","RL","NE","Pre-Stim",4,51,6.9062431819617
"C","trial","RL","NE","Pre-Stim",4,52,3.62841777772839
"C","trial","RL","NE","Pre-Stim",4,53,6.71184951429149
"C","trial","RL","NE","Pre-Stim",4,54,4.26583211565233
"C","trial","RL","NE","Pre-Stim",4,55,4.99270567641032
"C","trial","RL","NE","Pre-Stim",4,56,2.48425130034792
"C","trial","RL","NE","Pre-Stim",4,57,5.80161928437899
"C","trial","RL","NE","Pre-Stim",4,58,8.64510573437871
"C","trial","RL","NE","Pre-Stim",4,59,7.56545574547619
"C","trial","RL","NE","Pre-Stim",4,60,4.27136637862364
"C","trial","RL","NE","Pre-Stim",4,61,5.36676679573046
"C","trial","RL","NE","Pre-Stim",4,62,6.29057668538136
"C","trial","RL","NE","Pre-Stim",4,63,5.64147426010235
"C","trial","RL","NE","Pre-Stim",4,64,7.24359966779371
"C","trial","RL","NE","Pre-Stim",4,65,5.22070628009941
"C","trial","RL","NE","Pre-Stim",4,66,5.53497943493279
"C","trial","RL","NE","Pre-Stim",4,67,3.3356579529511
"C","trial","RL","NE","Pre-Stim",4,68,3.70829945834157
"C","trial","RL","NE","Pre-Stim",4,69,5.16580500482972
"C","trial","RL","NE","Pre-Stim",4,70,-0.61938696830233
"C","trial","RL","NE","Pre-Stim",4,71,2.80984148252143
"C","trial","RL","NE","Pre-Stim",4,72,3.12585781386547
"C","trial","RL","NE","Pre-Stim",4,73,0.123639928428632
"C","trial","RL","NE","Pre-Stim",4,74,-0.577299120125009
"C","trial","RL","NE","Pre-Stim",4,75,3.29968166957903
"C","trial","RL","NE","Pre-Stim",4,76,5.28766668733546
"C","trial","RL","NE","Pre-Stim",4,77,2.08824175085776
"C","trial","RL","NE","Pre-Stim",4,78,0.255987257183989
"C","trial","RL","NE","Pre-Stim",4,79,0.0534696907282114
"C","trial","RL","NE","Pre-Stim",4,80,3.08725229803812
"C","trial","RL","NE","Pre-Stim",4,81,0.101136795875596
"C","trial","RL","NE","Pre-Stim",4,82,2.36625599596164
"C","trial","RL","NE","Pre-Stim",4,83,1.62939618532289
"C","trial","RL","NE","Pre-Stim",4,84,0.120137252759257
"C","trial","RL","NE","Pre-Stim",4,85,1.09475019256118
"C","trial","RL","NE","Pre-Stim",4,86,3.33824879283467
"C","trial","RL","NE","Pre-Stim",4,87,-1.26062070210662
"C","trial","RL","NE","Pre-Stim",4,88,-0.448725609793105
"C","trial","RL","NE","Pre-Stim",4,89,-0.531667428487987
"C","trial","RL","NE","Pre-Stim",4,90,3.9320387142757
"C","trial","RL","NE","Pre-Stim",4,91,-1.90212370147542
"C","trial","RL","NE","Pre-Stim",4,92,0.932369734732377
"C","trial","RL","NE","Pre-Stim",4,93,-1.1838311146017
"C","trial","RL","NE","Pre-Stim",4,94,1.25481279844366
"C","trial","RL","NE","Pre-Stim",4,95,0.776586572970386
"C","trial","RL","NE","Pre-Stim",4,96,-0.358160203529112
"C","trial","RL","NE","Pre-Stim",4,97,1.58320104215148
"C","trial","RL","NE","Pre-Stim",4,98,0.524122520314605
"C","trial","RL","NE","Pre-Stim",4,99,0.468818907316844
"C","trial","RL","NE","Pre-Stim",4,100,-0.0204987244140883
"C","trial","RL","NE","Pre-Stim",4,101,0.270327032533061
"C","trial","RL","NE","Pre-Stim",4,102,1.391311090929
"C","trial","RL","NE","Pre-Stim",4,103,0.772223359330447
"C","trial","RL","NE","Pre-Stim",4,104,-0.680886159159574
"C","trial","RL","NE","Pre-Stim",4,105,-3.73632384899296
"C","trial","RL","NE","Post-Stim",4,1,-3.0062612886901
"C","trial","RL","NE","Post-Stim",4,2,-4.73387706250303
"C","trial","RL","NE","Post-Stim",4,3,-4.48395142477515
"C","trial","RL","NE","Post-Stim",4,4,-3.73491185866938
"C","trial","RL","NE","Post-Stim",4,5,-8.20178213543521
"C","trial","RL","NE","Post-Stim",4,6,-4.79010830176992
"C","trial","RL","NE","Post-Stim",4,7,-6.11087659167831
"C","trial","RL","NE","Post-Stim",4,8,-6.03114323648978
"C","trial","RL","NE","Post-Stim",4,9,-7.20893308662227
"C","trial","RL","NE","Post-Stim",4,10,-9.16579056009729
"C","trial","RL","NE","Post-Stim",4,11,-8.45600233554204
"C","trial","RL","NE","Post-Stim",4,12,-5.32799223200959
"C","trial","RL","NE","Post-Stim",4,13,-7.32067445165684
"C","trial","RL","NE","Post-Stim",4,14,-7.88715253095552
"C","trial","RL","NE","Post-Stim",4,15,-10.064813374404
"C","trial","RL","NE","Post-Stim",4,16,-4.31151992271833
"C","trial","RL","NE","Post-Stim",4,17,-7.52006369811215
"C","trial","RL","NE","Post-Stim",4,18,-5.31321432853346
"C","trial","RL","NE","Post-Stim",4,19,-8.57696544273232
"C","trial","RL","NE","Post-Stim",4,20,-5.61238105991254
"C","trial","RL","NE","Post-Stim",4,21,-6.91807550679273
"C","trial","RL","NE","Post-Stim",4,22,-6.90540998068794
"C","trial","RL","NE","Post-Stim",4,23,-8.44223176788958
"C","trial","RL","NE","Post-Stim",4,24,-9.04383528862116
"C","trial","RL","NE","Post-Stim",4,25,-9.28352494115984
"C","trial","RL","NE","Post-Stim",4,26,-8.94843836932621
"C","trial","RL","NE","Post-Stim",4,27,-6.98193674420089
"C","trial","RL","NE","Post-Stim",4,28,-6.62340330376643
"C","trial","RL","NE","Post-Stim",4,29,-6.59984022567377
"C","trial","RL","NE","Post-Stim",4,30,-7.16174902940283
"C","trial","RL","NE","Post-Stim",4,31,-10.1429400976547
"C","trial","RL","NE","Post-Stim",4,32,-5.06917168364032
"C","trial","RL","NE","Post-Stim",4,33,-3.87517956578888
"C","trial","RL","NE","Post-Stim",4,34,-1.67652655150717
"C","trial","RL","NE","Post-Stim",4,35,3.95473255460184
"C","trial","RL","NE","Post-Stim",4,36,-2.82671792088363
"C","trial","RL","NE","Post-Stim",4,37,-4.1578947307821
"C","trial","RL","NE","Post-Stim",4,38,-2.01292600363671
"C","trial","RL","NE","Post-Stim",4,39,-3.3663983853982
"C","trial","RL","NE","Post-Stim",4,40,0.425358631515374
"C","trial","RL","NE","Post-Stim",4,41,1.82757270667834
"C","trial","RL","NE","Post-Stim",4,42,0.317783754024078
"C","trial","RL","NE","Post-Stim",4,43,-3.47361502911247
"C","trial","RL","NE","Post-Stim",4,44,-1.99694194503948
"C","trial","RL","NE","Post-Stim",4,45,7.98095300899691
"C","trial","RL","NE","Post-Stim",4,46,-5.74170194843821
"C","trial","RL","NE","Post-Stim",4,47,-2.97351594767458
"C","trial","RL","NE","Post-Stim",4,48,-1.95792346826244
"C","trial","RL","NE","Post-Stim",4,49,-1.36318080246477
"C","trial","RL","NE","Post-Stim",4,50,-1.6514162917963
"C","trial","RL","NE","Post-Stim",4,51,-3.95104354254993
"C","trial","RL","NE","Post-Stim",4,52,-2.99468511587775
"C","trial","RL","NE","Post-Stim",4,53,-2.1992001166314
"C","trial","RL","NE","Post-Stim",4,54,0.596841732585686
"C","trial","RL","NE","Post-Stim",4,55,-3.45059583815785
"C","trial","RL","NE","Post-Stim",4,56,-3.77139945458925
"C","trial","RL","NE","Post-Stim",4,57,-2.66864174936428
"C","trial","RL","NE","Post-Stim",4,58,-5.26499196931795
"C","trial","RL","NE","Post-Stim",4,59,-2.15419848114169
"C","trial","RL","NE","Post-Stim",4,60,-9.80088330488986
"C","trial","RL","NE","Post-Stim",4,61,-9.59781449009586
"C","trial","RL","NE","Post-Stim",4,62,-10.3525225743777
"C","trial","RL","NE","Post-Stim",4,63,-0.658056789512317
"C","trial","RL","NE","Post-Stim",4,64,3.47694550394872
"C","trial","RL","NE","Post-Stim",4,65,14.4432923690515
"C","trial","RL","NE","Post-Stim",4,66,6.35473239686874
"C","trial","RL","NE","Post-Stim",4,67,3.7039141442211
"C","trial","RL","NE","Post-Stim",4,68,5.02659101535406
"C","trial","RL","NE","Post-Stim",4,69,1.35593129828219
"C","trial","RL","NE","Post-Stim",4,70,-6.71593075640531
"C","trial","RL","NE","Post-Stim",4,71,7.06649541545843
"C","trial","RL","NE","Post-Stim",4,72,-5.86860870423074
"C","trial","RL","NE","Post-Stim",4,73,-1.60210017928556
"C","trial","RL","NE","Post-Stim",4,74,5.86144292317958
"C","trial","RL","NE","Post-Stim",4,75,-1.75956535797531
"C","trial","RL","NE","Post-Stim",4,76,-4.3302488819268
"C","trial","RL","NE","Post-Stim",4,77,0.041813907962105
"C","trial","RL","NE","Post-Stim",4,78,-7.07160220896896
"C","trial","RL","NE","Post-Stim",4,79,-9.55084801425783
"C","trial","RL","NE","Post-Stim",4,80,-2.7448051992366
"C","trial","RL","NE","Post-Stim",4,81,-3.25461117682858
"C","trial","RL","NE","Post-Stim",4,82,0.288413558365399
"C","trial","RL","NE","Post-Stim",4,83,7.59999768250933
"C","trial","RL","NE","Post-Stim",4,84,0.736496932867761
"C","trial","RL","NE","Post-Stim",4,85,0.389896295475413
"C","trial","RL","NE","Post-Stim",4,86,7.55746826206503
"C","trial","RL","NE","Post-Stim",4,87,8.22210150047984
"C","trial","RL","NE","Post-Stim",4,88,3.38875518694287
"C","trial","RL","NE","Post-Stim",4,89,-3.64521905715493
"C","trial","RL","NE","Post-Stim",4,90,-5.81562735247698
"C","trial","RL","NE","Post-Stim",4,91,0.414530800778528
"C","trial","RL","NE","Post-Stim",4,92,-8.69313474520814
"C","trial","RL","NE","Post-Stim",4,93,-9.37171746816854
"C","trial","RL","NE","Post-Stim",4,94,-6.54352881812419
"C","trial","RL","NE","Post-Stim",4,95,-6.37370108583879
"C","trial","RL","NE","Post-Stim",4,96,-8.69944031232572
"C","trial","RL","NE","Post-Stim",4,97,-2.10729174076993
"C","trial","RL","NE","Post-Stim",4,98,-9.50315867857615
"C","trial","RL","NE","Post-Stim",4,99,-6.69918294190068
"C","trial","RL","NE","Post-Stim",4,100,0.32102439373519
"C","trial","RL","NE","Post-Stim",4,101,-0.00760623806391802
"C","trial","RL","NE","Post-Stim",4,102,-1.11711167703277
"C","trial","RL","NE","Post-Stim",4,103,-3.09985542405842
"C","trial","RL","NE","Post-Stim",4,104,-2.69491056488548
"C","trial","RL","NE","Post-Stim",4,105,-5.83765386855238
"C","trial","RL","NE","Pre-Stim",5,1,-4.49301979831588
"C","trial","RL","NE","Pre-Stim",5,2,-7.05618108464281
"C","trial","RL","NE","Pre-Stim",5,3,-5.6041721369486
"C","trial","RL","NE","Pre-Stim",5,4,-3.0605317005361
"C","trial","RL","NE","Pre-Stim",5,5,-4.90442627883137
"C","trial","RL","NE","Pre-Stim",5,6,-4.32552285121678
"C","trial","RL","NE","Pre-Stim",5,7,-2.78261795969624
"C","trial","RL","NE","Pre-Stim",5,8,-0.674931196882352
"C","trial","RL","NE","Pre-Stim",5,9,-5.36343797554543
"C","trial","RL","NE","Pre-Stim",5,10,-1.93900587834018
"C","trial","RL","NE","Pre-Stim",5,11,-5.13280778374314
"C","trial","RL","NE","Pre-Stim",5,12,-8.82762879124026
"C","trial","RL","NE","Pre-Stim",5,13,-3.16749764252171
"C","trial","RL","NE","Pre-Stim",5,14,-0.345924479348236
"C","trial","RL","NE","Pre-Stim",5,15,-4.00525966854013
"C","trial","RL","NE","Pre-Stim",5,16,-8.61289360181693
"C","trial","RL","NE","Pre-Stim",5,17,-1.33142893413915
"C","trial","RL","NE","Pre-Stim",5,18,-0.258164576723901
"C","trial","RL","NE","Pre-Stim",5,19,-0.921838390005042
"C","trial","RL","NE","Pre-Stim",5,20,-0.230180393201402
"C","trial","RL","NE","Pre-Stim",5,21,-0.171058593214857
"C","trial","RL","NE","Pre-Stim",5,22,-3.63527177382628
"C","trial","RL","NE","Pre-Stim",5,23,-1.31792044764533
"C","trial","RL","NE","Pre-Stim",5,24,0.628299713693905
"C","trial","RL","NE","Pre-Stim",5,25,-1.86770626514213
"C","trial","RL","NE","Pre-Stim",5,26,-0.905964292443241
"C","trial","RL","NE","Pre-Stim",5,27,0.924890042566647
"C","trial","RL","NE","Pre-Stim",5,28,2.49063649445158
"C","trial","RL","NE","Pre-Stim",5,29,-2.46939675858138
"C","trial","RL","NE","Pre-Stim",5,30,3.19659267576584
"C","trial","RL","NE","Pre-Stim",5,31,-1.23216415875003
"C","trial","RL","NE","Pre-Stim",5,32,2.10262636338763
"C","trial","RL","NE","Pre-Stim",5,33,-7.09418644937629
"C","trial","RL","NE","Pre-Stim",5,34,2.02193092845408
"C","trial","RL","NE","Pre-Stim",5,35,0.345521337327789
"C","trial","RL","NE","Pre-Stim",5,36,0.0663382138193209
"C","trial","RL","NE","Pre-Stim",5,37,3.25177018097176
"C","trial","RL","NE","Pre-Stim",5,38,0.333775782455446
"C","trial","RL","NE","Pre-Stim",5,39,-0.815464888816801
"C","trial","RL","NE","Pre-Stim",5,40,0.939341832698228
"C","trial","RL","NE","Pre-Stim",5,41,8.53829155181626
"C","trial","RL","NE","Pre-Stim",5,42,1.31089174922162
"C","trial","RL","NE","Pre-Stim",5,43,0.12072883631222
"C","trial","RL","NE","Pre-Stim",5,44,-0.729603037842769
"C","trial","RL","NE","Pre-Stim",5,45,4.98290705644746
"C","trial","RL","NE","Pre-Stim",5,46,1.14890484539287
"C","trial","RL","NE","Pre-Stim",5,47,1.68354483169105
"C","trial","RL","NE","Pre-Stim",5,48,-1.08792902790485
"C","trial","RL","NE","Pre-Stim",5,49,-6.54885577404741
"C","trial","RL","NE","Pre-Stim",5,50,5.28393876453318
"C","trial","RL","NE","Pre-Stim",5,51,-3.44521756282722
"C","trial","RL","NE","Pre-Stim",5,52,0.906725601720792
"C","trial","RL","NE","Pre-Stim",5,53,0.624313506831283
"C","trial","RL","NE","Pre-Stim",5,54,1.14142945546272
"C","trial","RL","NE","Pre-Stim",5,55,-3.98485091991979
"C","trial","RL","NE","Pre-Stim",5,56,5.80443500501955
"C","trial","RL","NE","Pre-Stim",5,57,1.69208318108334
"C","trial","RL","NE","Pre-Stim",5,58,1.79629054207009
"C","trial","RL","NE","Pre-Stim",5,59,-2.47678399163677
"C","trial","RL","NE","Pre-Stim",5,60,1.69587082990396
"C","trial","RL","NE","Pre-Stim",5,61,3.29468524431512
"C","trial","RL","NE","Pre-Stim",5,62,3.34217848646747
"C","trial","RL","NE","Pre-Stim",5,63,-1.86093471157032
"C","trial","RL","NE","Pre-Stim",5,64,2.66028881344501
"C","trial","RL","NE","Pre-Stim",5,65,1.38599566493377
"C","trial","RL","NE","Pre-Stim",5,66,5.36707403110964
"C","trial","RL","NE","Pre-Stim",5,67,3.93429347382151
"C","trial","RL","NE","Pre-Stim",5,68,2.15998729499278
"C","trial","RL","NE","Pre-Stim",5,69,2.63871744755519
"C","trial","RL","NE","Pre-Stim",5,70,1.90645760879835
"C","trial","RL","NE","Pre-Stim",5,71,1.5012105228462
"C","trial","RL","NE","Pre-Stim",5,72,5.01143335090082
"C","trial","RL","NE","Pre-Stim",5,73,4.17337638940065
"C","trial","RL","NE","Pre-Stim",5,74,4.37243783393049
"C","trial","RL","NE","Pre-Stim",5,75,1.61088786631565
"C","trial","RL","NE","Pre-Stim",5,76,0.00465291492027106
"C","trial","RL","NE","Pre-Stim",5,77,-4.4349167878531
"C","trial","RL","NE","Pre-Stim",5,78,-3.01123468989682
"C","trial","RL","NE","Pre-Stim",5,79,7.05374988817238
"C","trial","RL","NE","Pre-Stim",5,80,3.0559041745966
"C","trial","RL","NE","Pre-Stim",5,81,1.9178503364752
"C","trial","RL","NE","Pre-Stim",5,82,5.24515804923041
"C","trial","RL","NE","Pre-Stim",5,83,5.03199812479497
"C","trial","RL","NE","Pre-Stim",5,84,3.98166877007844
"C","trial","RL","NE","Pre-Stim",5,85,1.50127677003421
"C","trial","RL","NE","Pre-Stim",5,86,3.94706637884918
"C","trial","RL","NE","Pre-Stim",5,87,2.94716653158859
"C","trial","RL","NE","Pre-Stim",5,88,0.881211959550564
"C","trial","RL","NE","Pre-Stim",5,89,5.94575987708962
"C","trial","RL","NE","Pre-Stim",5,90,0.798046381249546
"C","trial","RL","NE","Pre-Stim",5,91,5.31708519627813
"C","trial","RL","NE","Pre-Stim",5,92,0.143099405641447
"C","trial","RL","NE","Pre-Stim",5,93,3.79002030758184
"C","trial","RL","NE","Pre-Stim",5,94,7.48587599209239
"C","trial","RL","NE","Pre-Stim",5,95,4.83092921469708
"C","trial","RL","NE","Pre-Stim",5,96,1.25258749518681
"C","trial","RL","NE","Pre-Stim",5,97,0.471362133892945
"C","trial","RL","NE","Pre-Stim",5,98,-0.576750963310175
"C","trial","RL","NE","Pre-Stim",5,99,3.83350429854643
"C","trial","RL","NE","Pre-Stim",5,100,2.37668917224482
"C","trial","RL","NE","Pre-Stim",5,101,0.923335144004464
"C","trial","RL","NE","Pre-Stim",5,102,1.96482494678235
"C","trial","RL","NE","Pre-Stim",5,103,3.81953858399663
"C","trial","RL","NE","Pre-Stim",5,104,-2.94060250633097
"C","trial","RL","NE","Pre-Stim",5,105,11.7619821971967
"C","trial","RL","NE","Post-Stim",5,2,6.91917988127402
"C","trial","RL","NE","Post-Stim",5,3,3.37825910785742
"C","trial","RL","NE","Post-Stim",5,4,2.00190867420782
"C","trial","RL","NE","Post-Stim",5,5,1.61578123206644
"C","trial","RL","NE","Post-Stim",5,6,0.532274652409354
"C","trial","RL","NE","Post-Stim",5,7,0.00289039997212165
"C","trial","RL","NE","Post-Stim",5,8,-0.383179451318598
"C","trial","RL","NE","Post-Stim",5,9,2.25805414189762
"C","trial","RL","NE","Post-Stim",5,10,-0.582814279105754
"C","trial","RL","NE","Post-Stim",5,11,-3.35980414603606
"C","trial","RL","NE","Post-Stim",5,12,-1.77140513830383
"C","trial","RL","NE","Post-Stim",5,13,-2.52780376120003
"C","trial","RL","NE","Post-Stim",5,14,0.834147280475376
"C","trial","RL","NE","Post-Stim",5,15,0.745199504600616
"C","trial","RL","NE","Post-Stim",5,16,-2.28692133055901
"C","trial","RL","NE","Post-Stim",5,17,4.33195701708554
"C","trial","RL","NE","Post-Stim",5,18,3.4443394940231
"C","trial","RL","NE","Post-Stim",5,19,-0.409510157038367
"C","trial","RL","NE","Post-Stim",5,20,6.00351642117738
"C","trial","RL","NE","Post-Stim",5,21,3.2483678687367
"C","trial","RL","NE","Post-Stim",5,22,-2.03426223616456
"C","trial","RL","NE","Post-Stim",5,23,0.810925897709062
"C","trial","RL","NE","Post-Stim",5,24,-3.53427910290763
"C","trial","RL","NE","Post-Stim",5,25,1.72383418711213
"C","trial","RL","NE","Post-Stim",5,26,-1.80360182938695
"C","trial","RL","NE","Post-Stim",5,27,3.78636124201699
"C","trial","RL","NE","Post-Stim",5,28,7.87412296006043
"C","trial","RL","NE","Post-Stim",5,29,-3.55919228209036
"C","trial","RL","NE","Post-Stim",5,30,-0.492813064393044
"C","trial","RL","NE","Post-Stim",5,31,5.7059000058783
"C","trial","RL","NE","Post-Stim",5,32,-3.6566381124985
"C","trial","RL","NE","Post-Stim",5,33,-1.94859189200497
"C","trial","RL","NE","Post-Stim",5,34,-4.27211287906078
"C","trial","RL","NE","Post-Stim",5,35,-2.21420700727082
"C","trial","RL","NE","Post-Stim",5,36,9.87490214691306
"C","trial","RL","NE","Post-Stim",5,37,0.344108353711521
"C","trial","RL","NE","Post-Stim",5,38,1.89013040313453
"C","trial","RL","NE","Post-Stim",5,39,-0.910485326789461
"C","trial","RL","NE","Post-Stim",5,40,4.68693878749288
"C","trial","RL","NE","Post-Stim",5,41,-3.76612102659861
"C","trial","RL","NE","Post-Stim",5,42,-3.79711140047415
"C","trial","RL","NE","Post-Stim",5,43,-1.69426602744789
"C","trial","RL","NE","Post-Stim",5,44,-1.32289428734131
"C","trial","RL","NE","Post-Stim",5,45,5.19933297760272
"C","trial","RL","NE","Post-Stim",5,46,2.08917444244482
"C","trial","RL","NE","Post-Stim",5,47,-5.35798909623994
"C","trial","RL","NE","Post-Stim",5,48,-0.802812192543292
"C","trial","RL","NE","Post-Stim",5,49,6.01224605763355
"C","trial","RL","NE","Post-Stim",5,50,-3.94384790059817
"C","trial","RL","NE","Post-Stim",5,51,-7.55164410699345
"C","trial","RL","NE","Post-Stim",5,52,-1.81252115994245
"C","trial","RL","NE","Post-Stim",5,53,1.22672105627634
"C","trial","RL","NE","Post-Stim",5,54,-2.46537120277082
"C","trial","RL","NE","Post-Stim",5,55,-0.381561048899886
"C","trial","RL","NE","Post-Stim",5,56,-6.39298224979235
"C","trial","RL","NE","Post-Stim",5,57,-3.13064233346174
"C","trial","RL","NE","Post-Stim",5,58,-4.08338147532706
"C","trial","RL","NE","Post-Stim",5,59,-1.0687711486905
"C","trial","RL","NE","Post-Stim",5,60,0.173696371826367
"C","trial","RL","NE","Post-Stim",5,61,1.39203075482184
"C","trial","RL","NE","Post-Stim",5,62,0.217419377399895
"C","trial","RL","NE","Post-Stim",5,63,-1.68522220676253
"C","trial","RL","NE","Post-Stim",5,64,-2.40333863884425
"C","trial","RL","NE","Post-Stim",5,65,-0.961990920487058
"C","trial","RL","NE","Post-Stim",5,66,-7.17861290924792
"C","trial","RL","NE","Post-Stim",5,67,-0.0811703658804953
"C","trial","RL","NE","Post-Stim",5,68,-5.57520859205021
"C","trial","RL","NE","Post-Stim",5,69,-2.44727722132793
"C","trial","RL","NE","Post-Stim",5,70,-4.4802955533792
"C","trial","RL","NE","Post-Stim",5,72,-1.31447700121139
"C","trial","RL","NE","Post-Stim",5,73,-3.09098157642238
"C","trial","RL","NE","Post-Stim",5,74,0.185351201268204
"C","trial","RL","NE","Post-Stim",5,75,4.17114066558545
"C","trial","RL","NE","Post-Stim",5,76,-1.13223871079827
"C","trial","RL","NE","Post-Stim",5,77,0.822566018211919
"C","trial","RL","NE","Post-Stim",5,78,0.651165069813625
"C","trial","RL","NE","Post-Stim",5,79,-2.21829416605573
"C","trial","RL","NE","Post-Stim",5,80,-2.64177171923653
"C","trial","RL","NE","Post-Stim",5,81,-4.41369819357244
"C","trial","RL","NE","Post-Stim",5,82,-4.87953778710384
"C","trial","RL","NE","Post-Stim",5,83,3.92296612444144
"C","trial","RL","NE","Post-Stim",5,84,-2.70385442388768
"C","trial","RL","NE","Post-Stim",5,85,-0.410936072924371
"C","trial","RL","NE","Post-Stim",5,86,-0.998798412829805
"C","trial","RL","NE","Post-Stim",5,87,-12.0969995796845
"C","trial","RL","NE","Post-Stim",5,88,-8.18253799897997
"C","trial","RL","NE","Post-Stim",5,89,-4.90633288695459
"C","trial","RL","NE","Post-Stim",5,90,4.17762983510405
"C","trial","RL","NE","Post-Stim",5,91,-7.73836857275548
"C","trial","RL","NE","Post-Stim",5,92,-1.24175284341828
"C","trial","RL","NE","Post-Stim",5,93,0.662079828549776
"C","trial","RL","NE","Post-Stim",5,94,3.0161683998787
"C","trial","RL","NE","Post-Stim",5,95,-1.53263421482128
"C","trial","RL","NE","Post-Stim",5,96,-0.715080559758343
"C","trial","RL","NE","Post-Stim",5,97,3.58214855071584
"C","trial","RL","NE","Post-Stim",5,98,-4.72685113386124
"C","trial","RL","NE","Post-Stim",5,99,-0.0436886402402745
"C","trial","RL","NE","Post-Stim",5,100,-3.26996383826059
"C","trial","RL","NE","Post-Stim",5,101,-1.69106176654496
"C","trial","RL","NE","Post-Stim",5,102,-6.48685547828443
"C","trial","RL","NE","Post-Stim",5,103,-2.10480547417799
"C","trial","RL","NE","Post-Stim",5,104,-0.757360042808642
"C","trial","RL","NE","Post-Stim",5,105,-3.13931587808482
"C","trial","RL","NE","Pre-Stim",6,1,4.05252037782086
"C","trial","RL","NE","Pre-Stim",6,2,4.3706071852062
"C","trial","RL","NE","Pre-Stim",6,3,3.26716325934579
"C","trial","RL","NE","Pre-Stim",6,4,3.90202430323979
"C","trial","RL","NE","Pre-Stim",6,5,4.39959998570556
"C","trial","RL","NE","Pre-Stim",6,6,4.12453000299584
"C","trial","RL","NE","Pre-Stim",6,7,1.81934426172683
"C","trial","RL","NE","Pre-Stim",6,8,7.12172508723885
"C","trial","RL","NE","Pre-Stim",6,9,3.71951602247371
"C","trial","RL","NE","Pre-Stim",6,10,2.32617922633449
"C","trial","RL","NE","Pre-Stim",6,11,7.33326610657637
"C","trial","RL","NE","Pre-Stim",6,12,1.51521308921853
"C","trial","RL","NE","Pre-Stim",6,13,-0.365566978331715
"C","trial","RL","NE","Pre-Stim",6,14,2.89126683039481
"C","trial","RL","NE","Pre-Stim",6,15,5.43355450877173
"C","trial","RL","NE","Pre-Stim",6,16,-0.4567297995554
"C","trial","RL","NE","Pre-Stim",6,17,1.79072653438957
"C","trial","RL","NE","Pre-Stim",6,18,6.84068818454273
"C","trial","RL","NE","Pre-Stim",6,19,0.149146728311069
"C","trial","RL","NE","Pre-Stim",6,20,2.67483481186192
"C","trial","RL","NE","Pre-Stim",6,21,-3.94920304876058
"C","trial","RL","NE","Pre-Stim",6,22,0.988147391045987
"C","trial","RL","NE","Pre-Stim",6,23,3.65755612524266
"C","trial","RL","NE","Pre-Stim",6,24,3.86630432088815
"C","trial","RL","NE","Pre-Stim",6,25,1.31673641493916
"C","trial","RL","NE","Pre-Stim",6,26,0.990133923960819
"C","trial","RL","NE","Pre-Stim",6,27,-2.27391467090967
"C","trial","RL","NE","Pre-Stim",6,28,4.31449237803686
"C","trial","RL","NE","Pre-Stim",6,29,-1.61924189951845
"C","trial","RL","NE","Pre-Stim",6,30,1.02708274957221
"C","trial","RL","NE","Pre-Stim",6,31,0.00739353998203356
"C","trial","RL","NE","Pre-Stim",6,32,-0.589483084555317
"C","trial","RL","NE","Pre-Stim",6,33,4.18022494567284
"C","trial","RL","NE","Pre-Stim",6,34,2.91779407108208
"C","trial","RL","NE","Pre-Stim",6,35,-2.57705858395957
"C","trial","RL","NE","Pre-Stim",6,36,0.944918386686621
"C","trial","RL","NE","Pre-Stim",6,37,-1.88076436808766
"C","trial","RL","NE","Pre-Stim",6,38,0.0675974295279798
"C","trial","RL","NE","Pre-Stim",6,39,1.62857628163667
"C","trial","RL","NE","Pre-Stim",6,40,2.25137470409522
"C","trial","RL","NE","Pre-Stim",6,41,2.94304097675384
"C","trial","RL","NE","Pre-Stim",6,42,4.93329891982673
"C","trial","RL","NE","Pre-Stim",6,43,3.62139853420012
"C","trial","RL","NE","Pre-Stim",6,44,-4.40229027698172
"C","trial","RL","NE","Pre-Stim",6,45,-3.12128409383583
"C","trial","RL","NE","Pre-Stim",6,46,-1.47606752825755
"C","trial","RL","NE","Pre-Stim",6,47,-0.984913157739111
"C","trial","RL","NE","Pre-Stim",6,48,1.39702854766281
"C","trial","RL","NE","Pre-Stim",6,49,-1.22519502232077
"C","trial","RL","NE","Pre-Stim",6,50,-5.36443870492899
"C","trial","RL","NE","Pre-Stim",6,51,-1.91242469398596
"C","trial","RL","NE","Pre-Stim",6,52,0.190571029878878
"C","trial","RL","NE","Pre-Stim",6,53,-3.57543800242016
"C","trial","RL","NE","Pre-Stim",6,54,-2.15212765051539
"C","trial","RL","NE","Pre-Stim",6,55,-4.29764490417746
"C","trial","RL","NE","Pre-Stim",6,56,-0.404281572209525
"C","trial","RL","NE","Pre-Stim",6,57,-5.698589326322
"C","trial","RL","NE","Pre-Stim",6,58,-6.52866028793858
"C","trial","RL","NE","Pre-Stim",6,59,-6.99614646168944
"C","trial","RL","NE","Pre-Stim",6,60,-3.75649946558873
"C","trial","RL","NE","Pre-Stim",6,61,-3.77157778694993
"C","trial","RL","NE","Pre-Stim",6,62,-1.67612176613537
"C","trial","RL","NE","Pre-Stim",6,63,-3.49282647071988
"C","trial","RL","NE","Pre-Stim",6,64,-4.74977082556401
"C","trial","RL","NE","Pre-Stim",6,65,-4.41792577728638
"C","trial","RL","NE","Pre-Stim",6,66,-3.35607812355072
"C","trial","RL","NE","Pre-Stim",6,67,-5.62365694094496
"C","trial","RL","NE","Pre-Stim",6,68,-9.47273862440245
"C","trial","RL","NE","Pre-Stim",6,69,-4.2601609147702
"C","trial","RL","NE","Pre-Stim",6,70,2.8756755323846
"C","trial","RL","NE","Pre-Stim",6,71,2.4113536298787
"C","trial","RL","NE","Pre-Stim",6,72,-8.30569527998237
"C","trial","RL","NE","Pre-Stim",6,73,-2.32822484967321
"C","trial","RL","NE","Pre-Stim",6,74,-1.58393505928636
"C","trial","RL","NE","Pre-Stim",6,75,-5.83034929026222
"C","trial","RL","NE","Pre-Stim",6,76,1.04433438593786
"C","trial","RL","NE","Pre-Stim",6,77,-7.01898526250967
"C","trial","RL","NE","Pre-Stim",6,78,-3.82577551732851
"C","trial","RL","NE","Pre-Stim",6,79,-9.28215910755463
"C","trial","RL","NE","Pre-Stim",6,80,-7.83284804555319
"C","trial","RL","NE","Pre-Stim",6,81,-4.46029585166004
"C","trial","RL","NE","Pre-Stim",6,82,-7.37445952704596
"C","trial","RL","NE","Pre-Stim",6,83,-3.50948389830302
"C","trial","RL","NE","Pre-Stim",6,84,-3.69855685817557
"C","trial","RL","NE","Pre-Stim",6,85,-8.32608430972757
"C","trial","RL","NE","Pre-Stim",6,86,-1.75242597874201
"C","trial","RL","NE","Pre-Stim",6,87,1.66464365076714
"C","trial","RL","NE","Pre-Stim",6,88,-3.10842179214151
"C","trial","RL","NE","Pre-Stim",6,89,-4.07487928422271
"C","trial","RL","NE","Pre-Stim",6,90,-1.27486773325474
"C","trial","RL","NE","Pre-Stim",6,91,-6.07720375519801
"C","trial","RL","NE","Pre-Stim",6,92,-4.69141780025747
"C","trial","RL","NE","Pre-Stim",6,93,-4.06464902581944
"C","trial","RL","NE","Pre-Stim",6,94,-0.976682518035948
"C","trial","RL","NE","Pre-Stim",6,95,-16.581292368276
"C","trial","RL","NE","Pre-Stim",6,96,-10.9182497001574
"C","trial","RL","NE","Pre-Stim",6,97,-8.81213100423822
"C","trial","RL","NE","Pre-Stim",6,98,-7.44342783916965
"C","trial","RL","NE","Pre-Stim",6,99,-11.7380545015651
"C","trial","RL","NE","Pre-Stim",6,100,-13.7831517161369
"C","trial","RL","NE","Pre-Stim",6,101,-13.6792345712124
"C","trial","RL","NE","Pre-Stim",6,102,-9.91949683936323
"C","trial","RL","NE","Pre-Stim",6,103,-11.9121192685881
"C","trial","RL","NE","Pre-Stim",6,104,-11.806932794083
"C","trial","RL","NE","Pre-Stim",6,105,-14.5691794082687
"C","trial","RL","NE","Post-Stim",6,1,-5.72439119413452
"C","trial","RL","NE","Post-Stim",6,2,-3.26509679484685
"C","trial","RL","NE","Post-Stim",6,3,-3.36108072796467
"C","trial","RL","NE","Post-Stim",6,4,-3.04157131835529
"C","trial","RL","NE","Post-Stim",6,5,-4.33536157248246
"C","trial","RL","NE","Post-Stim",6,6,-4.13689390695593
"C","trial","RL","NE","Post-Stim",6,7,-4.22444302450444
"C","trial","RL","NE","Post-Stim",6,8,-3.15715669466029
"C","trial","RL","NE","Post-Stim",6,9,-4.11471708019727
"C","trial","RL","NE","Post-Stim",6,10,-3.6331134531953
"C","trial","RL","NE","Post-Stim",6,11,-3.23746836166623
"C","trial","RL","NE","Post-Stim",6,12,-3.70792201011771
"C","trial","RL","NE","Post-Stim",6,13,-1.80665287669219
"C","trial","RL","NE","Post-Stim",6,14,-2.7182418178722
"C","trial","RL","NE","Post-Stim",6,15,-4.13290968960232
"C","trial","RL","NE","Post-Stim",6,16,-1.52425984644945
"C","trial","RL","NE","Post-Stim",6,17,-1.78474781624174
"C","trial","RL","NE","Post-Stim",6,18,-0.843402815769738
"C","trial","RL","NE","Post-Stim",6,19,-2.58258249246973
"C","trial","RL","NE","Post-Stim",6,20,-3.68789939792637
"C","trial","RL","NE","Post-Stim",6,21,-1.06942558532092
"C","trial","RL","NE","Post-Stim",6,22,-1.50149094664981
"C","trial","RL","NE","Post-Stim",6,23,-0.500926528276817
"C","trial","RL","NE","Post-Stim",6,24,-1.70878943071662
"C","trial","RL","NE","Post-Stim",6,25,-0.911012542558348
"C","trial","RL","NE","Post-Stim",6,26,-2.63213049622839
"C","trial","RL","NE","Post-Stim",6,27,-0.853659711809972
"C","trial","RL","NE","Post-Stim",6,28,-0.0241462574111115
"C","trial","RL","NE","Post-Stim",6,29,-1.51684509721388
"C","trial","RL","NE","Post-Stim",6,30,-1.94683390664043
"C","trial","RL","NE","Post-Stim",6,31,-1.76742563531882
"C","trial","RL","NE","Post-Stim",6,32,-0.672274665432499
"C","trial","RL","NE","Post-Stim",6,33,0.0882431821824413
"C","trial","RL","NE","Post-Stim",6,34,-0.352817090601243
"C","trial","RL","NE","Post-Stim",6,35,-0.256334517947201
"C","trial","RL","NE","Post-Stim",6,36,0.0781639598214065
"C","trial","RL","NE","Post-Stim",6,37,1.51281837578083
"C","trial","RL","NE","Post-Stim",6,38,0.859783950802514
"C","trial","RL","NE","Post-Stim",6,39,0.575843501426306
"C","trial","RL","NE","Post-Stim",6,40,0.170188833546427
"C","trial","RL","NE","Post-Stim",6,41,1.22562952118478
"C","trial","RL","NE","Post-Stim",6,42,0.468153661578106
"C","trial","RL","NE","Post-Stim",6,43,1.9054656482408
"C","trial","RL","NE","Post-Stim",6,44,1.5042755168854
"C","trial","RL","NE","Post-Stim",6,45,2.30297583030982
"C","trial","RL","NE","Post-Stim",6,46,1.34838790711025
"C","trial","RL","NE","Post-Stim",6,47,1.52418148728489
"C","trial","RL","NE","Post-Stim",6,48,1.15590739042056
"C","trial","RL","NE","Post-Stim",6,49,1.11718962294733
"C","trial","RL","NE","Post-Stim",6,50,3.53770588230839
"C","trial","RL","NE","Post-Stim",6,51,1.2670468481225
"C","trial","RL","NE","Post-Stim",6,52,3.46417470964635
"C","trial","RL","NE","Post-Stim",6,53,3.14978336490572
"C","trial","RL","NE","Post-Stim",6,54,1.79300857605195
"C","trial","RL","NE","Post-Stim",6,55,2.061169821151
"C","trial","RL","NE","Post-Stim",6,56,4.52678061144556
"C","trial","RL","NE","Post-Stim",6,57,2.86768997508674
"C","trial","RL","NE","Post-Stim",6,58,4.21839654879096
"C","trial","RL","NE","Post-Stim",6,59,4.55098922793457
"C","trial","RL","NE","Post-Stim",6,60,2.64701689818895
"C","trial","RL","NE","Post-Stim",6,61,2.47071468489569
"C","trial","RL","NE","Post-Stim",6,62,1.19257065796908
"C","trial","RL","NE","Post-Stim",6,63,4.54050202749435
"C","trial","RL","NE","Post-Stim",6,64,3.6208761404274
"C","trial","RL","NE","Post-Stim",6,65,3.77681220123061
"C","trial","RL","NE","Post-Stim",6,66,3.29789204680617
"C","trial","RL","NE","Post-Stim",6,67,5.05038546968219
"C","trial","RL","NE","Post-Stim",6,68,4.84280349326215
"C","trial","RL","NE","Post-Stim",6,69,3.45271870977712
"C","trial","RL","NE","Post-Stim",6,70,6.1882466491726
"C","trial","RL","NE","Post-Stim",6,71,4.257618621502
"C","trial","RL","NE","Post-Stim",6,72,4.95620808188997
"C","trial","RL","NE","Post-Stim",6,73,5.59626249742472
"C","trial","RL","NE","Post-Stim",6,74,6.19568904346105
"C","trial","RL","NE","Post-Stim",6,75,5.82094544211742
"C","trial","RL","NE","Post-Stim",6,76,4.43308832283785
"C","trial","RL","NE","Post-Stim",6,77,3.29598842890378
"C","trial","RL","NE","Post-Stim",6,78,3.20692747474989
"C","trial","RL","NE","Post-Stim",6,79,4.74941610307036
"C","trial","RL","NE","Post-Stim",6,80,7.06388951510768
"C","trial","RL","NE","Post-Stim",6,81,5.83178791216205
"C","trial","RL","NE","Post-Stim",6,82,6.75251181953674
"C","trial","RL","NE","Post-Stim",6,83,3.95153100374626
"C","trial","RL","NE","Post-Stim",6,84,5.35769025510039
"C","trial","RL","NE","Post-Stim",6,85,7.05790919916762
"C","trial","RL","NE","Post-Stim",6,86,5.83139746809427
"C","trial","RL","NE","Post-Stim",6,87,7.78592748858656
"C","trial","RL","NE","Post-Stim",6,88,6.83936025630472
"C","trial","RL","NE","Post-Stim",6,89,5.45743337200179
"C","trial","RL","NE","Post-Stim",6,90,7.61811125591742
"C","trial","RL","NE","Post-Stim",6,91,5.88939303105879
"C","trial","RL","NE","Post-Stim",6,92,8.01679136907455
"C","trial","RL","NE","Post-Stim",6,93,7.01384381633195
"C","trial","RL","NE","Post-Stim",6,94,6.92346049710975
"C","trial","RL","NE","Post-Stim",6,95,7.92696601302412
"C","trial","RL","NE","Post-Stim",6,96,9.68419664596862
"C","trial","RL","NE","Post-Stim",6,97,6.88652035906379
"C","trial","RL","NE","Post-Stim",6,98,7.54461832802201
"C","trial","RL","NE","Post-Stim",6,99,7.48365163687099
"C","trial","RL","NE","Post-Stim",6,100,7.64526101902255
"C","trial","RL","NE","Post-Stim",6,101,7.29633830157912
"C","trial","RL","NE","Post-Stim",6,102,8.84899728417205
"C","trial","RL","NE","Post-Stim",6,103,8.29709328126575
"C","trial","RL","NE","Post-Stim",6,104,6.90163920084727
"C","trial","RL","NE","Post-Stim",6,105,8.83768614044854
"C","trial","RL","NE","Pre-Stim",7,1,-11.034588286276
"C","trial","RL","NE","Pre-Stim",7,2,-8.79735364428749
"C","trial","RL","NE","Pre-Stim",7,3,-8.88387905413945
"C","trial","RL","NE","Pre-Stim",7,4,-7.40720183670072
"C","trial","RL","NE","Pre-Stim",7,5,-4.70112400283542
"C","trial","RL","NE","Pre-Stim",7,6,-4.62320571060524
"C","trial","RL","NE","Pre-Stim",7,7,-3.02110124686769
"C","trial","RL","NE","Pre-Stim",7,8,0.180128274832421
"C","trial","RL","NE","Pre-Stim",7,9,1.00299983547361
"C","trial","RL","NE","Pre-Stim",7,10,0.682348924220847
"C","trial","RL","NE","Pre-Stim",7,11,2.36981285854624
"C","trial","RL","NE","Pre-Stim",7,12,5.19790262532383
"C","trial","RL","NE","Pre-Stim",7,13,4.48881526291383
"C","trial","RL","NE","Pre-Stim",7,14,3.55544465935745
"C","trial","RL","NE","Pre-Stim",7,15,4.8247495756977
"C","trial","RL","NE","Pre-Stim",7,16,6.93028120207368
"C","trial","RL","NE","Pre-Stim",7,17,8.53359426311612
"C","trial","RL","NE","Pre-Stim",7,18,6.22899090716843
"C","trial","RL","NE","Pre-Stim",7,19,7.26875321535934
"C","trial","RL","NE","Pre-Stim",7,20,7.49723785145744
"C","trial","RL","NE","Pre-Stim",7,21,8.37130434636373
"C","trial","RL","NE","Pre-Stim",7,22,9.37599738376944
"C","trial","RL","NE","Pre-Stim",7,23,9.55150173379912
"C","trial","RL","NE","Pre-Stim",7,24,8.2087108166501
"C","trial","RL","NE","Pre-Stim",7,25,9.63883332981801
"C","trial","RL","NE","Pre-Stim",7,26,9.68222847884994
"C","trial","RL","NE","Pre-Stim",7,27,7.77463580454815
"C","trial","RL","NE","Pre-Stim",7,28,10.1511592801429
"C","trial","RL","NE","Pre-Stim",7,29,11.2546525495814
"C","trial","RL","NE","Pre-Stim",7,30,9.86965369230216
"C","trial","RL","NE","Pre-Stim",7,31,8.30265227668214
"C","trial","RL","NE","Pre-Stim",7,32,9.29933704245196
"C","trial","RL","NE","Pre-Stim",7,33,9.4287910123811
"C","trial","RL","NE","Pre-Stim",7,34,8.93876377563531
"C","trial","RL","NE","Pre-Stim",7,35,11.5494988498211
"C","trial","RL","NE","Pre-Stim",7,36,7.04602398706783
"C","trial","RL","NE","Pre-Stim",7,37,8.44504766416378
"C","trial","RL","NE","Pre-Stim",7,38,7.90725676594885
"C","trial","RL","NE","Pre-Stim",7,39,9.15357656011857
"C","trial","RL","NE","Pre-Stim",7,40,8.58740760656654
"C","trial","RL","NE","Pre-Stim",7,41,7.93461829602688
"C","trial","RL","NE","Pre-Stim",7,42,6.39199337305548
"C","trial","RL","NE","Pre-Stim",7,43,8.10896520748591
"C","trial","RL","NE","Pre-Stim",7,44,7.33200296670505
"C","trial","RL","NE","Pre-Stim",7,45,6.53892947284593
"C","trial","RL","NE","Pre-Stim",7,46,8.2124769267516
"C","trial","RL","NE","Pre-Stim",7,47,6.55996871379918
"C","trial","RL","NE","Pre-Stim",7,48,6.35918233121568
"C","trial","RL","NE","Pre-Stim",7,49,5.78733155657131
"C","trial","RL","NE","Pre-Stim",7,50,6.22551695306736
"C","trial","RL","NE","Pre-Stim",7,51,7.53830536941605
"C","trial","RL","NE","Pre-Stim",7,52,7.12789987374341
"C","trial","RL","NE","Pre-Stim",7,53,6.01697348060842
"C","trial","RL","NE","Pre-Stim",7,54,7.08275217085628
"C","trial","RL","NE","Pre-Stim",7,55,5.38279912853058
"C","trial","RL","NE","Pre-Stim",7,56,6.31254567786106
"C","trial","RL","NE","Pre-Stim",7,57,4.20147930343704
"C","trial","RL","NE","Pre-Stim",7,58,5.3273343925577
"C","trial","RL","NE","Pre-Stim",7,59,6.27665732013284
"C","trial","RL","NE","Pre-Stim",7,60,6.38080313444862
"C","trial","RL","NE","Pre-Stim",7,61,3.04008627821483
"C","trial","RL","NE","Pre-Stim",7,62,5.5448321054741
"C","trial","RL","NE","Pre-Stim",7,63,5.742586899678
"C","trial","RL","NE","Pre-Stim",7,64,3.53614751407382
"C","trial","RL","NE","Pre-Stim",7,65,4.2165522395337
"C","trial","RL","NE","Pre-Stim",7,66,3.09189766788908
"C","trial","RL","NE","Pre-Stim",7,67,4.69955765675405
"C","trial","RL","NE","Pre-Stim",7,68,5.06919125767223
"C","trial","RL","NE","Pre-Stim",7,69,5.05319012329588
"C","trial","RL","NE","Pre-Stim",7,70,4.41339232717305
"C","trial","RL","NE","Pre-Stim",7,71,4.88054107669951
"C","trial","RL","NE","Pre-Stim",7,72,5.88840946661876
"C","trial","RL","NE","Pre-Stim",7,73,4.70253917466211
"C","trial","RL","NE","Pre-Stim",7,74,5.51924806953485
"C","trial","RL","NE","Pre-Stim",7,75,5.08654450184191
"C","trial","RL","NE","Pre-Stim",7,76,5.57106992538014
"C","trial","RL","NE","Pre-Stim",7,77,3.39433274296525
"C","trial","RL","NE","Pre-Stim",7,78,2.27157124511519
"C","trial","RL","NE","Pre-Stim",7,79,4.53603456388671
"C","trial","RL","NE","Pre-Stim",7,80,5.76218097043965
"C","trial","RL","NE","Pre-Stim",7,81,4.21707796637346
"C","trial","RL","NE","Pre-Stim",7,82,2.41363788732853
"C","trial","RL","NE","Pre-Stim",7,83,3.70997845487562
"C","trial","RL","NE","Pre-Stim",7,84,5.80123281055859
"C","trial","RL","NE","Pre-Stim",7,85,3.6886401965176
"C","trial","RL","NE","Pre-Stim",7,86,4.79875178693446
"C","trial","RL","NE","Pre-Stim",7,87,2.84009195605116
"C","trial","RL","NE","Pre-Stim",7,88,1.83942146615503
"C","trial","RL","NE","Pre-Stim",7,89,1.84219347499571
"C","trial","RL","NE","Pre-Stim",7,90,2.76969563227655
"C","trial","RL","NE","Pre-Stim",7,91,3.34982083224165
"C","trial","RL","NE","Pre-Stim",7,92,2.39754427049326
"C","trial","RL","NE","Pre-Stim",7,93,3.19792060672327
"C","trial","RL","NE","Pre-Stim",7,94,0.877370419124605
"C","trial","RL","NE","Pre-Stim",7,95,2.35512925704251
"C","trial","RL","NE","Pre-Stim",7,96,-0.102703387869264
"C","trial","RL","NE","Pre-Stim",7,97,3.57602348694528
"C","trial","RL","NE","Pre-Stim",7,98,3.42712236196838
"C","trial","RL","NE","Pre-Stim",7,99,3.35201337695661
"C","trial","RL","NE","Pre-Stim",7,100,0.492491310012627
"C","trial","RL","NE","Pre-Stim",7,101,1.47983364329333
"C","trial","RL","NE","Pre-Stim",7,102,2.08703368518971
"C","trial","RL","NE","Pre-Stim",7,103,1.81116452978415
"C","trial","RL","NE","Pre-Stim",7,104,0.557567842475487
"C","trial","RL","NE","Pre-Stim",7,105,2.45397730453668
"C","trial","RL","NE","Post-Stim",7,1,-7.24657025520889
"C","trial","RL","NE","Post-Stim",7,2,-7.7074404583983
"C","trial","RL","NE","Post-Stim",7,3,-4.52807926843664
"C","trial","RL","NE","Post-Stim",7,4,-5.39520511601763
"C","trial","RL","NE","Post-Stim",7,5,-6.05896968324504
"C","trial","RL","NE","Post-Stim",7,6,-5.37449159538524
"C","trial","RL","NE","Post-Stim",7,7,-7.55873858786123
"C","trial","RL","NE","Post-Stim",7,8,-8.42359281014539
"C","trial","RL","NE","Post-Stim",7,9,-6.66880719805468
"C","trial","RL","NE","Post-Stim",7,10,-5.61991113786216
"C","trial","RL","NE","Post-Stim",7,11,-5.43914097683963
"C","trial","RL","NE","Post-Stim",7,12,-3.96872959956084
"C","trial","RL","NE","Post-Stim",7,13,-6.85829914018514
"C","trial","RL","NE","Post-Stim",7,14,-5.80956355054428
"C","trial","RL","NE","Post-Stim",7,15,-3.39192873982194
"C","trial","RL","NE","Post-Stim",7,16,-4.4388456009969
"C","trial","RL","NE","Post-Stim",7,17,-6.37294239081659
"C","trial","RL","NE","Post-Stim",7,18,-6.8211977035857
"C","trial","RL","NE","Post-Stim",7,19,-3.99572797567164
"C","trial","RL","NE","Post-Stim",7,20,-5.78256589755072
"C","trial","RL","NE","Post-Stim",7,21,-5.62178283811237
"C","trial","RL","NE","Post-Stim",7,22,-3.54492972224167
"C","trial","RL","NE","Post-Stim",7,23,-4.92104276727446
"C","trial","RL","NE","Post-Stim",7,24,-5.83331235696843
"C","trial","RL","NE","Post-Stim",7,25,-5.19594132549988
"C","trial","RL","NE","Post-Stim",7,26,-5.32202476096515
"C","trial","RL","NE","Post-Stim",7,27,-6.99036472127411
"C","trial","RL","NE","Post-Stim",7,28,-4.09088566104529
"C","trial","RL","NE","Post-Stim",7,29,-6.46215351655859
"C","trial","RL","NE","Post-Stim",7,30,-3.5823915880575
"C","trial","RL","NE","Post-Stim",7,31,-4.44600810358918
"C","trial","RL","NE","Post-Stim",7,32,-5.51270605019623
"C","trial","RL","NE","Post-Stim",7,33,-3.20197932590213
"C","trial","RL","NE","Post-Stim",7,34,-2.57504047482438
"C","trial","RL","NE","Post-Stim",7,35,-4.19462162899853
"C","trial","RL","NE","Post-Stim",7,36,-9.3144336092422
"C","trial","RL","NE","Post-Stim",7,37,-8.59582796027998
"C","trial","RL","NE","Post-Stim",7,38,-5.40563430188025
"C","trial","RL","NE","Post-Stim",7,39,-2.97122298501368
"C","trial","RL","NE","Post-Stim",7,40,-5.58055294226261
"C","trial","RL","NE","Post-Stim",7,41,-6.45337565054886
"C","trial","RL","NE","Post-Stim",7,42,-5.03846102667281
"C","trial","RL","NE","Post-Stim",7,43,-1.58391777934062
"C","trial","RL","NE","Post-Stim",7,44,-4.13911668401879
"C","trial","RL","NE","Post-Stim",7,45,-5.88519819832692
"C","trial","RL","NE","Post-Stim",7,46,-3.18484871473113
"C","trial","RL","NE","Post-Stim",7,47,-3.83609582472377
"C","trial","RL","NE","Post-Stim",7,48,-2.25672372643553
"C","trial","RL","NE","Post-Stim",7,49,-4.67523339401592
"C","trial","RL","NE","Post-Stim",7,50,-3.20368320021326
"C","trial","RL","NE","Post-Stim",7,51,-4.72899035533685
"C","trial","RL","NE","Post-Stim",7,52,-3.31144906004212
"C","trial","RL","NE","Post-Stim",7,53,-4.94376128295897
"C","trial","RL","NE","Post-Stim",7,54,-5.94094198763406
"C","trial","RL","NE","Post-Stim",7,55,-5.69794020943073
"C","trial","RL","NE","Post-Stim",7,56,-5.32858540479137
"C","trial","RL","NE","Post-Stim",7,57,-5.4468789073955
"C","trial","RL","NE","Post-Stim",7,58,-1.41973902997509
"C","trial","RL","NE","Post-Stim",7,59,-5.52853530615723
"C","trial","RL","NE","Post-Stim",7,60,-5.06350978836568
"C","trial","RL","NE","Post-Stim",7,61,-2.39636407658359
"C","trial","RL","NE","Post-Stim",7,62,-3.82963836954041
"C","trial","RL","NE","Post-Stim",7,63,-4.81781764292664
"C","trial","RL","NE","Post-Stim",7,64,-4.86800507595096
"C","trial","RL","NE","Post-Stim",7,65,-6.03393733513297
"C","trial","RL","NE","Post-Stim",7,66,-5.62531438031025
"C","trial","RL","NE","Post-Stim",7,67,-2.92841481008412
"C","trial","RL","NE","Post-Stim",7,68,-3.57888843458658
"C","trial","RL","NE","Post-Stim",7,69,-3.11262324350279
"C","trial","RL","NE","Post-Stim",7,70,-3.20426353993011
"C","trial","RL","NE","Post-Stim",7,71,-2.53648997772167
"C","trial","RL","NE","Post-Stim",7,72,-3.91232684978219
"C","trial","RL","NE","Post-Stim",7,73,-2.77151578408898
"C","trial","RL","NE","Post-Stim",7,74,-5.1102053424224
"C","trial","RL","NE","Post-Stim",7,75,-5.07866106872926
"C","trial","RL","NE","Post-Stim",7,76,-3.67543596207529
"C","trial","RL","NE","Post-Stim",7,77,-3.93662213327929
"C","trial","RL","NE","Post-Stim",7,78,-5.22062035015393
"C","trial","RL","NE","Post-Stim",7,79,-5.32155680009276
"C","trial","RL","NE","Post-Stim",7,80,-6.70631977750359
"C","trial","RL","NE","Post-Stim",7,81,-4.44013253427113
"C","trial","RL","NE","Post-Stim",7,82,-3.64133264201338
"C","trial","RL","NE","Post-Stim",7,83,-6.14063085831127
"C","trial","RL","NE","Post-Stim",7,84,-2.22703332076008
"C","trial","RL","NE","Post-Stim",7,85,-0.38987715317553
"C","trial","RL","NE","Post-Stim",7,86,-3.26238001709743
"C","trial","RL","NE","Post-Stim",7,87,-2.86932487498097
"C","trial","RL","NE","Post-Stim",7,88,-2.8725314184073
"C","trial","RL","NE","Post-Stim",7,89,-2.89712472701139
"C","trial","RL","NE","Post-Stim",7,90,0.525556727564073
"C","trial","RL","NE","Post-Stim",7,91,-1.8981384297761
"C","trial","RL","NE","Post-Stim",7,92,-5.15585366068017
"C","trial","RL","NE","Post-Stim",7,93,-5.95548353225717
"C","trial","RL","NE","Post-Stim",7,94,-3.58318467544977
"C","trial","RL","NE","Post-Stim",7,95,-4.49595998996205
"C","trial","RL","NE","Post-Stim",7,96,-3.92056833770547
"C","trial","RL","NE","Post-Stim",7,97,-4.15203026625807
"C","trial","RL","NE","Post-Stim",7,98,-3.99739775933306
"C","trial","RL","NE","Post-Stim",7,99,-4.67311287961227
"C","trial","RL","NE","Post-Stim",7,100,-5.47620475965187
"C","trial","RL","NE","Post-Stim",7,101,-2.14478512174199
"C","trial","RL","NE","Post-Stim",7,102,-4.31452792775941
"C","trial","RL","NE","Post-Stim",7,103,-0.90116374727564
"C","trial","RL","NE","Post-Stim",7,104,-2.48252374583357
"C","trial","RL","NE","Post-Stim",7,105,-2.51801974421676
"C","trial","RL","NE","Pre-Stim",8,1,7.70679827375599
"C","trial","RL","NE","Pre-Stim",8,2,9.45926212071807
"C","trial","RL","NE","Pre-Stim",8,3,6.94127111316046
"C","trial","RL","NE","Pre-Stim",8,4,5.94385580261004
"C","trial","RL","NE","Pre-Stim",8,5,7.39770104378811
"C","trial","RL","NE","Pre-Stim",8,6,8.47169931686346
"C","trial","RL","NE","Pre-Stim",8,7,8.71500456993296
"C","trial","RL","NE","Pre-Stim",8,8,7.3337577434064
"C","trial","RL","NE","Pre-Stim",8,9,5.95223080516002
"C","trial","RL","NE","Pre-Stim",8,10,7.0055914826855
"C","trial","RL","NE","Pre-Stim",8,11,5.82185595193945
"C","trial","RL","NE","Pre-Stim",8,12,6.96295553056735
"C","trial","RL","NE","Pre-Stim",8,13,6.83713303929677
"C","trial","RL","NE","Pre-Stim",8,14,6.37799573223361
"C","trial","RL","NE","Pre-Stim",8,15,7.32082977647675
"C","trial","RL","NE","Pre-Stim",8,16,6.34802068584021
"C","trial","RL","NE","Pre-Stim",8,17,7.31305573513396
"C","trial","RL","NE","Pre-Stim",8,18,6.20517879535177
"C","trial","RL","NE","Pre-Stim",8,19,6.74506075252308
"C","trial","RL","NE","Pre-Stim",8,20,5.66707244225343
"C","trial","RL","NE","Pre-Stim",8,21,6.52778445352466
"C","trial","RL","NE","Pre-Stim",8,22,6.19486903484638
"C","trial","RL","NE","Pre-Stim",8,23,5.3059568517842
"C","trial","RL","NE","Pre-Stim",8,24,6.48155696841075
"C","trial","RL","NE","Pre-Stim",8,25,7.27583438006695
"C","trial","RL","NE","Pre-Stim",8,26,5.72740823522157
"C","trial","RL","NE","Pre-Stim",8,27,5.73946736660014
"C","trial","RL","NE","Pre-Stim",8,28,6.15983301951113
"C","trial","RL","NE","Pre-Stim",8,29,4.9090227370513
"C","trial","RL","NE","Pre-Stim",8,30,5.56960695859294
"C","trial","RL","NE","Pre-Stim",8,31,5.22580262827737
"C","trial","RL","NE","Pre-Stim",8,32,4.7591533999992
"C","trial","RL","NE","Pre-Stim",8,33,4.05551917532224
"C","trial","RL","NE","Pre-Stim",8,34,3.10993020376026
"C","trial","RL","NE","Pre-Stim",8,35,5.05504673717244
"C","trial","RL","NE","Pre-Stim",8,36,4.54622916677819
"C","trial","RL","NE","Pre-Stim",8,37,5.19693853140486
"C","trial","RL","NE","Pre-Stim",8,38,4.42766932213453
"C","trial","RL","NE","Pre-Stim",8,39,4.44789125166435
"C","trial","RL","NE","Pre-Stim",8,40,5.30705470330233
"C","trial","RL","NE","Pre-Stim",8,41,3.71398987933421
"C","trial","RL","NE","Pre-Stim",8,42,4.26178208437329
"C","trial","RL","NE","Pre-Stim",8,43,4.393458526918
"C","trial","RL","NE","Pre-Stim",8,44,3.94410412863106
"C","trial","RL","NE","Pre-Stim",8,45,3.61838511560161
"C","trial","RL","NE","Pre-Stim",8,46,4.75073878146191
"C","trial","RL","NE","Pre-Stim",8,47,5.4623538533935
"C","trial","RL","NE","Pre-Stim",8,48,3.70939523438467
"C","trial","RL","NE","Pre-Stim",8,49,4.03537816311075
"C","trial","RL","NE","Pre-Stim",8,50,4.95650215473404
"C","trial","RL","NE","Pre-Stim",8,51,4.36094711800537
"C","trial","RL","NE","Pre-Stim",8,52,4.90517432370992
"C","trial","RL","NE","Pre-Stim",8,53,3.78172612368861
"C","trial","RL","NE","Pre-Stim",8,54,4.51778595078989
"C","trial","RL","NE","Pre-Stim",8,55,3.82198309312609
"C","trial","RL","NE","Pre-Stim",8,56,2.74730374824716
"C","trial","RL","NE","Pre-Stim",8,57,2.52734111685684
"C","trial","RL","NE","Pre-Stim",8,58,3.67543954890946
"C","trial","RL","NE","Pre-Stim",8,59,3.63102232575165
"C","trial","RL","NE","Pre-Stim",8,60,5.11151754526542
"C","trial","RL","NE","Pre-Stim",8,61,3.26695148396168
"C","trial","RL","NE","Pre-Stim",8,62,3.29473109018644
"C","trial","RL","NE","Pre-Stim",8,63,2.18903023153434
"C","trial","RL","NE","Pre-Stim",8,64,2.3745829679379
"C","trial","RL","NE","Pre-Stim",8,65,2.17159712937367
"C","trial","RL","NE","Pre-Stim",8,66,3.19521798564631
"C","trial","RL","NE","Pre-Stim",8,67,1.89360148717322
"C","trial","RL","NE","Pre-Stim",8,68,1.62782268777306
"C","trial","RL","NE","Pre-Stim",8,69,2.25357107085282
"C","trial","RL","NE","Pre-Stim",8,70,2.38713673167
"C","trial","RL","NE","Pre-Stim",8,71,4.34430901590582
"C","trial","RL","NE","Pre-Stim",8,72,1.17170807217032
"C","trial","RL","NE","Pre-Stim",8,73,2.97735973504524
"C","trial","RL","NE","Pre-Stim",8,74,3.32750774401894
"C","trial","RL","NE","Pre-Stim",8,75,3.52288933278377
"C","trial","RL","NE","Pre-Stim",8,76,1.71046585496928
"C","trial","RL","NE","Pre-Stim",8,77,4.25482074979138
"C","trial","RL","NE","Pre-Stim",8,78,3.9258288173564
"C","trial","RL","NE","Pre-Stim",8,79,1.38852047414159
"C","trial","RL","NE","Pre-Stim",8,80,1.27383278206613
"C","trial","RL","NE","Pre-Stim",8,81,3.28255539720715
"C","trial","RL","NE","Pre-Stim",8,82,1.60033756598225
"C","trial","RL","NE","Pre-Stim",8,83,2.92947509413024
"C","trial","RL","NE","Pre-Stim",8,84,1.6429599642028
"C","trial","RL","NE","Pre-Stim",8,85,0.835460550756964
"C","trial","RL","NE","Pre-Stim",8,86,2.76737434119058
"C","trial","RL","NE","Pre-Stim",8,87,1.16282137358529
"C","trial","RL","NE","Pre-Stim",8,88,1.59106286397461
"C","trial","RL","NE","Pre-Stim",8,89,4.15852585932611
"C","trial","RL","NE","Pre-Stim",8,90,3.0185774846513
"C","trial","RL","NE","Pre-Stim",8,91,2.77176997035018
"C","trial","RL","NE","Pre-Stim",8,92,3.22701138359015
"C","trial","RL","NE","Pre-Stim",8,93,6.75459211073522
"C","trial","RL","NE","Pre-Stim",8,94,3.91282072675494
"C","trial","RL","NE","Pre-Stim",8,95,-0.00900218281570585
"C","trial","RL","NE","Pre-Stim",8,96,0.768080414270124
"C","trial","RL","NE","Pre-Stim",8,97,1.4465677182927
"C","trial","RL","NE","Pre-Stim",8,98,1.06436111490883
"C","trial","RL","NE","Pre-Stim",8,99,1.66112604698021
"C","trial","RL","NE","Pre-Stim",8,100,-0.125064927322332
"C","trial","RL","NE","Pre-Stim",8,101,2.37203803603046
"C","trial","RL","NE","Pre-Stim",8,102,-0.316988584177825
"C","trial","RL","NE","Pre-Stim",8,103,1.87446150669979
"C","trial","RL","NE","Pre-Stim",8,104,1.9157633749783
"C","trial","RL","NE","Pre-Stim",8,105,6.11426426112856
"C","trial","RL","NE","Post-Stim",8,1,-14.0883797915311
"C","trial","RL","NE","Post-Stim",8,2,-12.917753265364
"C","trial","RL","NE","Post-Stim",8,3,-9.92992421025814
"C","trial","RL","NE","Post-Stim",8,4,-11.9439643935261
"C","trial","RL","NE","Post-Stim",8,5,-12.3313200182463
"C","trial","RL","NE","Post-Stim",8,6,-11.0598360873926
"C","trial","RL","NE","Post-Stim",8,7,-12.2983611291745
"C","trial","RL","NE","Post-Stim",8,8,-10.667207359842
"C","trial","RL","NE","Post-Stim",8,9,-8.7935861521762
"C","trial","RL","NE","Post-Stim",8,10,-10.6636845616926
"C","trial","RL","NE","Post-Stim",8,11,-10.3877623927166
"C","trial","RL","NE","Post-Stim",8,12,-9.09153927273863
"C","trial","RL","NE","Post-Stim",8,13,-10.3839401952587
"C","trial","RL","NE","Post-Stim",8,14,-9.56035107483468
"C","trial","RL","NE","Post-Stim",8,15,-11.9300459704129
"C","trial","RL","NE","Post-Stim",8,16,-10.222337241121
"C","trial","RL","NE","Post-Stim",8,17,-8.66149562176688
"C","trial","RL","NE","Post-Stim",8,18,-9.39178648260887
"C","trial","RL","NE","Post-Stim",8,19,-9.54642562226662
"C","trial","RL","NE","Post-Stim",8,20,-8.29813486422883
"C","trial","RL","NE","Post-Stim",8,21,-11.4374950012636
"C","trial","RL","NE","Post-Stim",8,22,-9.10925853480364
"C","trial","RL","NE","Post-Stim",8,23,-9.47196846964145
"C","trial","RL","NE","Post-Stim",8,24,-7.85315057190474
"C","trial","RL","NE","Post-Stim",8,25,-9.4000215752148
"C","trial","RL","NE","Post-Stim",8,26,-8.92405449068834
"C","trial","RL","NE","Post-Stim",8,27,-8.93681230265471
"C","trial","RL","NE","Post-Stim",8,28,-9.89510079894398
"C","trial","RL","NE","Post-Stim",8,29,-10.2485310653397
"C","trial","RL","NE","Post-Stim",8,30,-11.0092517823914
"C","trial","RL","NE","Post-Stim",8,31,-6.47263752704251
"C","trial","RL","NE","Post-Stim",8,32,-8.70829427977489
"C","trial","RL","NE","Post-Stim",8,33,-8.02609415494897
"C","trial","RL","NE","Post-Stim",8,34,-6.4498372140534
"C","trial","RL","NE","Post-Stim",8,35,-7.34914095169928
"C","trial","RL","NE","Post-Stim",8,36,-8.31118224548594
"C","trial","RL","NE","Post-Stim",8,37,-8.49685786802929
"C","trial","RL","NE","Post-Stim",8,38,-9.25964116919472
"C","trial","RL","NE","Post-Stim",8,39,-8.3001987953256
"C","trial","RL","NE","Post-Stim",8,40,-5.53251830645712
"C","trial","RL","NE","Post-Stim",8,41,-5.95583902467419
"C","trial","RL","NE","Post-Stim",8,42,-8.24267850488273
"C","trial","RL","NE","Post-Stim",8,43,-6.25878880951099
"C","trial","RL","NE","Post-Stim",8,44,-9.10226561392416
"C","trial","RL","NE","Post-Stim",8,45,-8.36073078133956
"C","trial","RL","NE","Post-Stim",8,46,-4.87025619613281
"C","trial","RL","NE","Post-Stim",8,47,-7.21798877652332
"C","trial","RL","NE","Post-Stim",8,48,-5.54036983598428
"C","trial","RL","NE","Post-Stim",8,49,-4.7375363419886
"C","trial","RL","NE","Post-Stim",8,50,-5.69710430367504
"C","trial","RL","NE","Post-Stim",8,51,-3.63344322773082
"C","trial","RL","NE","Post-Stim",8,52,-2.9180367547923
"C","trial","RL","NE","Post-Stim",8,53,-1.88298002859339
"C","trial","RL","NE","Post-Stim",8,54,-1.1817073299656
"C","trial","RL","NE","Post-Stim",8,55,-4.08848760382405
"C","trial","RL","NE","Post-Stim",8,56,-0.902364740557586
"C","trial","RL","NE","Post-Stim",8,57,-1.32656366108327
"C","trial","RL","NE","Post-Stim",8,58,-0.862519080848213
"C","trial","RL","NE","Post-Stim",8,59,-0.843741209917845
"C","trial","RL","NE","Post-Stim",8,60,-2.58430739056425
"C","trial","RL","NE","Post-Stim",8,61,-1.51874628914625
"C","trial","RL","NE","Post-Stim",8,62,-3.05717301108421
"C","trial","RL","NE","Post-Stim",8,63,-2.93138021610871
"C","trial","RL","NE","Post-Stim",8,64,-1.59628850856094
"C","trial","RL","NE","Post-Stim",8,65,-3.91202436530985
"C","trial","RL","NE","Post-Stim",8,66,-1.81027258259545
"C","trial","RL","NE","Post-Stim",8,67,-1.53682512267702
"C","trial","RL","NE","Post-Stim",8,68,-0.58444677493087
"C","trial","RL","NE","Post-Stim",8,69,-1.48400813924309
"C","trial","RL","NE","Post-Stim",8,70,-0.098100012578388
"C","trial","RL","NE","Post-Stim",8,71,1.26308596554173
"C","trial","RL","NE","Post-Stim",8,72,-2.50555141806397
"C","trial","RL","NE","Post-Stim",8,73,1.39215887587952
"C","trial","RL","NE","Post-Stim",8,74,0.712071687615175
"C","trial","RL","NE","Post-Stim",8,75,-1.18507700445037
"C","trial","RL","NE","Post-Stim",8,76,-1.32229784803618
"C","trial","RL","NE","Post-Stim",8,77,-0.641290612769046
"C","trial","RL","NE","Post-Stim",8,78,0.972617079129064
"C","trial","RL","NE","Post-Stim",8,79,2.70154866236869
"C","trial","RL","NE","Post-Stim",8,80,1.97223906371345
"C","trial","RL","NE","Post-Stim",8,81,-1.51831483934565
"C","trial","RL","NE","Post-Stim",8,82,2.2193143191043
"C","trial","RL","NE","Post-Stim",8,83,-1.12467150221612
"C","trial","RL","NE","Post-Stim",8,84,-0.062087884121211
"C","trial","RL","NE","Post-Stim",8,85,4.1236109287693
"C","trial","RL","NE","Post-Stim",8,86,4.80513332687512
"C","trial","RL","NE","Post-Stim",8,87,-0.416113916835901
"C","trial","RL","NE","Post-Stim",8,88,5.8354122125036
"C","trial","RL","NE","Post-Stim",8,89,-0.13862386546076
"C","trial","RL","NE","Post-Stim",8,90,2.95107443621848
"C","trial","RL","NE","Post-Stim",8,91,2.57053312831365
"C","trial","RL","NE","Post-Stim",8,92,3.04580853047929
"C","trial","RL","NE","Post-Stim",8,93,2.98990048877288
"C","trial","RL","NE","Post-Stim",8,94,1.62765441674681
"C","trial","RL","NE","Post-Stim",8,95,3.22248165371216
"C","trial","RL","NE","Post-Stim",8,96,1.65108792976726
"C","trial","RL","NE","Post-Stim",8,97,0.836822018138157
"C","trial","RL","NE","Post-Stim",8,98,0.283292178522309
"C","trial","RL","NE","Post-Stim",8,99,2.40974142473337
"C","trial","RL","NE","Post-Stim",8,100,2.61916539395116
"C","trial","RL","NE","Post-Stim",8,101,4.04701661820163
"C","trial","RL","NE","Post-Stim",8,102,3.66736156349971
"C","trial","RL","NE","Post-Stim",8,103,2.14874157886696
"C","trial","RL","NE","Post-Stim",8,104,2.22467315323929
"C","trial","RL","NE","Post-Stim",8,105,1.89316864510889
"C","trial","RL","NE","Pre-Stim",9,1,1.73078743264974
"C","trial","RL","NE","Pre-Stim",9,2,-0.424124783124307
"C","trial","RL","NE","Pre-Stim",9,3,1.38797765237876
"C","trial","RL","NE","Pre-Stim",9,4,2.08706507076665
"C","trial","RL","NE","Pre-Stim",9,5,1.27373891785556
"C","trial","RL","NE","Pre-Stim",9,6,0.671530120349935
"C","trial","RL","NE","Pre-Stim",9,7,1.61025716636706
"C","trial","RL","NE","Pre-Stim",9,8,1.50590450415917
"C","trial","RL","NE","Pre-Stim",9,9,-0.240218401363348
"C","trial","RL","NE","Pre-Stim",9,10,-0.934024069997795
"C","trial","RL","NE","Pre-Stim",9,11,-1.01643724061646
"C","trial","RL","NE","Pre-Stim",9,12,2.70291430827258
"C","trial","RL","NE","Pre-Stim",9,13,2.83231714877609
"C","trial","RL","NE","Pre-Stim",9,14,1.53944881967676
"C","trial","RL","NE","Pre-Stim",9,15,0.571224705351137
"C","trial","RL","NE","Pre-Stim",9,16,0.40917673199755
"C","trial","RL","NE","Pre-Stim",9,17,0.221403768158131
"C","trial","RL","NE","Pre-Stim",9,18,0.514172143467623
"C","trial","RL","NE","Pre-Stim",9,19,-0.138711789664592
"C","trial","RL","NE","Pre-Stim",9,20,-1.5062576264303
"C","trial","RL","NE","Pre-Stim",9,21,-0.15791667609111
"C","trial","RL","NE","Pre-Stim",9,22,0.52637234023599
"C","trial","RL","NE","Pre-Stim",9,23,0.142088307884646
"C","trial","RL","NE","Pre-Stim",9,24,2.16354745034997
"C","trial","RL","NE","Pre-Stim",9,25,0.198046502408818
"C","trial","RL","NE","Pre-Stim",9,26,-1.27806231487427
"C","trial","RL","NE","Pre-Stim",9,27,-2.47342339874677
"C","trial","RL","NE","Pre-Stim",9,28,-0.0239585459277104
"C","trial","RL","NE","Pre-Stim",9,29,1.30881269864059
"C","trial","RL","NE","Pre-Stim",9,30,0.328970422793423
"C","trial","RL","NE","Pre-Stim",9,31,0.211043229426974
"C","trial","RL","NE","Pre-Stim",9,32,-1.12714069402063
"C","trial","RL","NE","Pre-Stim",9,33,-0.765670584405362
"C","trial","RL","NE","Pre-Stim",9,34,0.450921841437748
"C","trial","RL","NE","Pre-Stim",9,35,-0.42411867146658
"C","trial","RL","NE","Pre-Stim",9,37,-1.70989604295692
"C","trial","RL","NE","Pre-Stim",9,38,-4.52698988993081
"C","trial","RL","NE","Pre-Stim",9,39,-1.7946544139041
"C","trial","RL","NE","Pre-Stim",9,40,-1.88896436302103
"C","trial","RL","NE","Pre-Stim",9,41,-1.38144452727684
"C","trial","RL","NE","Pre-Stim",9,42,-3.22091850616426
"C","trial","RL","NE","Pre-Stim",9,43,-3.81441308467898
"C","trial","RL","NE","Pre-Stim",9,44,-4.19392623510191
"C","trial","RL","NE","Pre-Stim",9,45,-1.8511969916799
"C","trial","RL","NE","Pre-Stim",9,46,-2.3773560650355
"C","trial","RL","NE","Pre-Stim",9,47,0.425032113802239
"C","trial","RL","NE","Pre-Stim",9,48,-2.23500197665419
"C","trial","RL","NE","Pre-Stim",9,49,-3.05062523558367
"C","trial","RL","NE","Pre-Stim",9,50,-3.32753258302955
"C","trial","RL","NE","Pre-Stim",9,51,-2.53436416323519
"C","trial","RL","NE","Pre-Stim",9,52,-3.25118995939319
"C","trial","RL","NE","Pre-Stim",9,53,-5.20742217710578
"C","trial","RL","NE","Pre-Stim",9,54,-1.93503349357278
"C","trial","RL","NE","Pre-Stim",9,55,-3.66326295452322
"C","trial","RL","NE","Pre-Stim",9,56,-3.63832900710131
"C","trial","RL","NE","Pre-Stim",9,57,-2.99954046643564
"C","trial","RL","NE","Pre-Stim",9,58,-4.82402236139337
"C","trial","RL","NE","Pre-Stim",9,59,-6.01021100731395
"C","trial","RL","NE","Pre-Stim",9,60,-4.90838576159761
"C","trial","RL","NE","Pre-Stim",9,61,-3.56946517986696
"C","trial","RL","NE","Pre-Stim",9,62,-3.52683951755715
"C","trial","RL","NE","Pre-Stim",9,63,-4.19281630443873
"C","trial","RL","NE","Pre-Stim",9,64,-3.75422639242615
"C","trial","RL","NE","Pre-Stim",9,65,-4.39162586538967
"C","trial","RL","NE","Pre-Stim",9,66,-5.04803510731693
"C","trial","RL","NE","Pre-Stim",9,67,-2.61646562047497
"C","trial","RL","NE","Pre-Stim",9,68,-3.68966566079509
"C","trial","RL","NE","Pre-Stim",9,69,-5.25250679164831
"C","trial","RL","NE","Pre-Stim",9,70,-5.29840275801868
"C","trial","RL","NE","Pre-Stim",9,72,-6.58836720549648
"C","trial","RL","NE","Pre-Stim",9,73,-2.21574246487389
"C","trial","RL","NE","Pre-Stim",9,74,-6.13286580179586
"C","trial","RL","NE","Pre-Stim",9,75,-4.12935866163392
"C","trial","RL","NE","Pre-Stim",9,76,-6.25240811209384
"C","trial","RL","NE","Pre-Stim",9,77,-4.69601070368551
"C","trial","RL","NE","Pre-Stim",9,78,-3.20867925581139
"C","trial","RL","NE","Pre-Stim",9,79,-4.75567941019901
"C","trial","RL","NE","Pre-Stim",9,80,-6.63266680207951
"C","trial","RL","NE","Pre-Stim",9,81,-6.87314748294708
"C","trial","RL","NE","Pre-Stim",9,82,-6.25799910537434
"C","trial","RL","NE","Pre-Stim",9,83,-2.80374730099374
"C","trial","RL","NE","Pre-Stim",9,84,-5.85072403784214
"C","trial","RL","NE","Pre-Stim",9,85,-6.21582695034955
"C","trial","RL","NE","Pre-Stim",9,86,-7.57329348771516
"C","trial","RL","NE","Pre-Stim",9,87,-6.55942788605457
"C","trial","RL","NE","Pre-Stim",9,88,-8.06081079790555
"C","trial","RL","NE","Pre-Stim",9,89,-5.23714786101989
"C","trial","RL","NE","Pre-Stim",9,90,-5.75640441405883
"C","trial","RL","NE","Pre-Stim",9,91,-5.19366840038473
"C","trial","RL","NE","Pre-Stim",9,92,-8.73457916589806
"C","trial","RL","NE","Pre-Stim",9,93,-9.22469776028824
"C","trial","RL","NE","Pre-Stim",9,94,-7.14699738790349
"C","trial","RL","NE","Pre-Stim",9,95,-6.709734665363
"C","trial","RL","NE","Pre-Stim",9,96,-9.31970292264705
"C","trial","RL","NE","Pre-Stim",9,97,-5.71774519572787
"C","trial","RL","NE","Pre-Stim",9,98,-6.01542213492871
"C","trial","RL","NE","Pre-Stim",9,99,-13.3626165211979
"C","trial","RL","NE","Pre-Stim",9,100,-8.05614539626207
"C","trial","RL","NE","Pre-Stim",9,101,-5.5306329786022
"C","trial","RL","NE","Pre-Stim",9,102,-8.99222321972731
"C","trial","RL","NE","Pre-Stim",9,103,-11.8941506453261
"C","trial","RL","NE","Pre-Stim",9,104,-10.4219271187026
"C","trial","RL","NE","Pre-Stim",9,105,-12.2894140069873
"C","trial","RL","NE","Post-Stim",9,1,-5.98761555843933
"C","trial","RL","NE","Post-Stim",9,2,-3.37310244777506
"C","trial","RL","NE","Post-Stim",9,4,-5.46277405430272
"C","trial","RL","NE","Post-Stim",9,5,-3.1568856439594
"C","trial","RL","NE","Post-Stim",9,6,-1.86642123319017
"C","trial","RL","NE","Post-Stim",9,7,-5.72790810103519
"C","trial","RL","NE","Post-Stim",9,8,-3.48521172855641
"C","trial","RL","NE","Post-Stim",9,9,-1.67332829301351
"C","trial","RL","NE","Post-Stim",9,10,0.86695668316449
"C","trial","RL","NE","Post-Stim",9,11,-4.18333280887259
"C","trial","RL","NE","Post-Stim",9,12,-0.562004241766085
"C","trial","RL","NE","Post-Stim",9,13,-3.49316509423164
"C","trial","RL","NE","Post-Stim",9,14,-3.70342309533503
"C","trial","RL","NE","Post-Stim",9,16,1.57724295816731
"C","trial","RL","NE","Post-Stim",9,17,-0.248779822998004
"C","trial","RL","NE","Post-Stim",9,18,-3.38362054006805
"C","trial","RL","NE","Post-Stim",9,19,-3.48002468322824
"C","trial","RL","NE","Post-Stim",9,20,1.86807133792827
"C","trial","RL","NE","Post-Stim",9,21,1.16323200894383
"C","trial","RL","NE","Post-Stim",9,22,0.932390889133937
"C","trial","RL","NE","Post-Stim",9,23,-3.20396748957964
"C","trial","RL","NE","Post-Stim",9,24,-2.85022521240943
"C","trial","RL","NE","Post-Stim",9,25,-6.97459182627963
"C","trial","RL","NE","Post-Stim",9,26,-1.97158180181436
"C","trial","RL","NE","Post-Stim",9,27,-2.10036318855217
"C","trial","RL","NE","Post-Stim",9,28,3.31249946194668
"C","trial","RL","NE","Post-Stim",9,30,-1.48237273111758
"C","trial","RL","NE","Post-Stim",9,31,-0.527055300343463
"C","trial","RL","NE","Post-Stim",9,32,-1.01754749734996
"C","trial","RL","NE","Post-Stim",9,33,1.00325162673602
"C","trial","RL","NE","Post-Stim",9,34,2.14121606857524
"C","trial","RL","NE","Post-Stim",9,35,1.08338030094078
"C","trial","RL","NE","Post-Stim",9,36,0.902413438113575
"C","trial","RL","NE","Post-Stim",9,37,4.22535147265222
"C","trial","RL","NE","Post-Stim",9,38,3.00627679963373
"C","trial","RL","NE","Post-Stim",9,39,2.24096619738855
"C","trial","RL","NE","Post-Stim",9,40,0.0421049904568994
"C","trial","RL","NE","Post-Stim",9,41,6.26809585709495
"C","trial","RL","NE","Post-Stim",9,42,2.45380388354806
"C","trial","RL","NE","Post-Stim",9,43,-2.29123726408563
"C","trial","RL","NE","Post-Stim",9,44,3.01234169000524
"C","trial","RL","NE","Post-Stim",9,45,1.33556036603849
"C","trial","RL","NE","Post-Stim",9,46,4.35812055769332
"C","trial","RL","NE","Post-Stim",9,47,1.88163846717963
"C","trial","RL","NE","Post-Stim",9,48,6.24759339815404
"C","trial","RL","NE","Post-Stim",9,49,5.15308378822105
"C","trial","RL","NE","Post-Stim",9,50,3.06014893415909
"C","trial","RL","NE","Post-Stim",9,51,3.5713186260682
"C","trial","RL","NE","Post-Stim",9,52,4.64196666336684
"C","trial","RL","NE","Post-Stim",9,53,6.29137265518784
"C","trial","RL","NE","Post-Stim",9,54,4.13358335179224
"C","trial","RL","NE","Post-Stim",9,55,0.00407977270192356
"C","trial","RL","NE","Post-Stim",9,56,7.0641141740368
"C","trial","RL","NE","Post-Stim",9,57,5.90383966211486
"C","trial","RL","NE","Post-Stim",9,58,0.338544012478527
"C","trial","RL","NE","Post-Stim",9,59,2.12356955847319
"C","trial","RL","NE","Post-Stim",9,60,2.7812496642887
"C","trial","RL","NE","Post-Stim",9,61,7.21874405733084
"C","trial","RL","NE","Post-Stim",9,62,7.15752169489274
"C","trial","RL","NE","Post-Stim",9,63,5.08068438605536
"C","trial","RL","NE","Post-Stim",9,64,6.77534907762408
"C","trial","RL","NE","Post-Stim",9,65,6.62982921028755
"C","trial","RL","NE","Post-Stim",9,66,7.12100610605911
"C","trial","RL","NE","Post-Stim",9,67,7.50123655789674
"C","trial","RL","NE","Post-Stim",9,68,-0.2283970052598
"C","trial","RL","NE","Post-Stim",9,69,3.28864808590493
"C","trial","RL","NE","Post-Stim",9,70,7.88620926536738
"C","trial","RL","NE","Post-Stim",9,71,4.37058449075223
"C","trial","RL","NE","Post-Stim",9,72,9.62704692563475
"C","trial","RL","NE","Post-Stim",9,74,3.44656014918537
"C","trial","RL","NE","Post-Stim",9,75,3.86985375726381
"C","trial","RL","NE","Post-Stim",9,76,7.74695174619824
"C","trial","RL","NE","Post-Stim",9,77,10.1705164796708
"C","trial","RL","NE","Post-Stim",9,78,12.4069917215181
"C","trial","RL","NE","Post-Stim",9,79,8.74617742646538
"C","trial","RL","NE","Post-Stim",9,80,4.61503045579734
"C","trial","RL","NE","Post-Stim",9,81,6.50338212737387
"C","trial","RL","NE","Post-Stim",9,82,10.088407075879
"C","trial","RL","NE","Post-Stim",9,83,9.85267406935786
"C","trial","RL","NE","Post-Stim",9,84,7.09068373887084
"C","trial","RL","NE","Post-Stim",9,86,6.02746419951175
"C","trial","RL","NE","Post-Stim",9,87,4.09727581691911
"C","trial","RL","NE","Post-Stim",9,88,10.2401520723618
"C","trial","RL","NE","Post-Stim",9,89,9.7239038701499
"C","trial","RL","NE","Post-Stim",9,90,12.2077400461117
"C","trial","RL","NE","Post-Stim",9,91,7.67825809668514
"C","trial","RL","NE","Post-Stim",9,92,10.1428200408368
"C","trial","RL","NE","Post-Stim",9,93,12.1498864449889
"C","trial","RL","NE","Post-Stim",9,94,8.05123686303113
"C","trial","RL","NE","Post-Stim",9,95,6.59641743217628
"C","trial","RL","NE","Post-Stim",9,96,10.4816947132457
"C","trial","RL","NE","Post-Stim",9,97,12.727488711816
"C","trial","RL","NE","Post-Stim",9,98,12.5759222342836
"C","trial","RL","NE","Post-Stim",9,100,9.76186464536385
"C","trial","RL","NE","Post-Stim",9,101,12.2356799195719
"C","trial","RL","NE","Post-Stim",9,102,11.4177640432161
"C","trial","RL","NE","Post-Stim",9,103,13.2664372912831
"C","trial","RL","NE","Post-Stim",9,104,4.95098331246141
"C","trial","RL","NE","Post-Stim",9,105,3.00770416001883
"C","trial","RL","NE","Pre-Stim",10,2,2.93264351654447
"C","trial","RL","NE","Pre-Stim",10,4,2.60972864079158
"C","trial","RL","NE","Pre-Stim",10,5,3.53650924074601
"C","trial","RL","NE","Pre-Stim",10,6,4.4490975475178
"C","trial","RL","NE","Pre-Stim",10,7,2.06159296366799
"C","trial","RL","NE","Pre-Stim",10,8,3.56109195181095
"C","trial","RL","NE","Pre-Stim",10,9,3.84544501392787
"C","trial","RL","NE","Pre-Stim",10,10,1.4516252802788
"C","trial","RL","NE","Pre-Stim",10,11,3.33386102054941
"C","trial","RL","NE","Pre-Stim",10,12,2.7968014423123
"C","trial","RL","NE","Pre-Stim",10,13,3.39322075916264
"C","trial","RL","NE","Pre-Stim",10,14,3.46126522188327
"C","trial","RL","NE","Pre-Stim",10,15,3.18591257954582
"C","trial","RL","NE","Pre-Stim",10,16,3.28951410321878
"C","trial","RL","NE","Pre-Stim",10,17,2.49236998410643
"C","trial","RL","NE","Pre-Stim",10,18,2.16780032593067
"C","trial","RL","NE","Pre-Stim",10,19,4.56510146845053
"C","trial","RL","NE","Pre-Stim",10,20,2.27006754087443
"C","trial","RL","NE","Pre-Stim",10,21,1.86705359193016
"C","trial","RL","NE","Pre-Stim",10,22,4.20473142659255
"C","trial","RL","NE","Pre-Stim",10,23,4.00054890932459
"C","trial","RL","NE","Pre-Stim",10,24,1.3407738611886
"C","trial","RL","NE","Pre-Stim",10,25,3.20783643690549
"C","trial","RL","NE","Pre-Stim",10,27,1.67237652154261
"C","trial","RL","NE","Pre-Stim",10,28,2.9860023480573
"C","trial","RL","NE","Pre-Stim",10,29,1.3247764863138
"C","trial","RL","NE","Pre-Stim",10,30,1.44359329842277
"C","trial","RL","NE","Pre-Stim",10,32,2.21075170473601
"C","trial","RL","NE","Pre-Stim",10,34,1.68899666936994
"C","trial","RL","NE","Pre-Stim",10,35,2.20759369487591
"C","trial","RL","NE","Pre-Stim",10,37,1.24409993402026
"C","trial","RL","NE","Pre-Stim",10,39,0.49241349111991
"C","trial","RL","NE","Pre-Stim",10,40,2.40382841598545
"C","trial","RL","NE","Pre-Stim",10,41,1.37376222311911
"C","trial","RL","NE","Pre-Stim",10,42,1.7983260441065
"C","trial","RL","NE","Pre-Stim",10,43,2.62810097135275
"C","trial","RL","NE","Pre-Stim",10,44,0.853062928016775
"C","trial","RL","NE","Pre-Stim",10,45,1.45632678826053
"C","trial","RL","NE","Pre-Stim",10,46,0.942261265637796
"C","trial","RL","NE","Pre-Stim",10,47,1.33137626690874
"C","trial","RL","NE","Pre-Stim",10,48,2.97817080228588
"C","trial","RL","NE","Pre-Stim",10,49,0.634012382147378
"C","trial","RL","NE","Pre-Stim",10,50,1.13241808306095
"C","trial","RL","NE","Pre-Stim",10,51,2.07668909043392
"C","trial","RL","NE","Pre-Stim",10,52,1.21487009986398
"C","trial","RL","NE","Pre-Stim",10,53,1.8608401739246
"C","trial","RL","NE","Pre-Stim",10,54,2.37249554352557
"C","trial","RL","NE","Pre-Stim",10,55,1.79585396913034
"C","trial","RL","NE","Pre-Stim",10,56,2.44870555198169
"C","trial","RL","NE","Pre-Stim",10,57,2.74379144920596
"C","trial","RL","NE","Pre-Stim",10,58,1.72580264788397
"C","trial","RL","NE","Pre-Stim",10,59,0.503048449023766
"C","trial","RL","NE","Pre-Stim",10,60,1.3166875126584
"C","trial","RL","NE","Pre-Stim",10,62,3.49476349138757
"C","trial","RL","NE","Pre-Stim",10,63,1.23945958298313
"C","trial","RL","NE","Pre-Stim",10,64,0.886865524527383
"C","trial","RL","NE","Pre-Stim",10,65,0.726160809850161
"C","trial","RL","NE","Pre-Stim",10,67,2.44825530283553
"C","trial","RL","NE","Pre-Stim",10,70,0.432197901312679
"C","trial","RL","NE","Pre-Stim",10,71,-1.35122367695535
"C","trial","RL","NE","Pre-Stim",10,72,0.0322815216437668
"C","trial","RL","NE","Pre-Stim",10,73,0.0188139866284906
"C","trial","RL","NE","Pre-Stim",10,74,0.549720223420231
"C","trial","RL","NE","Pre-Stim",10,75,-1.16297092231487
"C","trial","RL","NE","Pre-Stim",10,76,-2.83687935004108
"C","trial","RL","NE","Pre-Stim",10,77,-2.28225522081745
"C","trial","RL","NE","Pre-Stim",10,78,0.257652356912072
"C","trial","RL","NE","Pre-Stim",10,79,-1.12206577146897
"C","trial","RL","NE","Pre-Stim",10,80,-1.17078576585077
"C","trial","RL","NE","Pre-Stim",10,81,-3.07602195481063
"C","trial","RL","NE","Pre-Stim",10,82,-1.16919212199785
"C","trial","RL","NE","Pre-Stim",10,83,-0.80862375413427
"C","trial","RL","NE","Pre-Stim",10,84,-2.76180283078416
"C","trial","RL","NE","Pre-Stim",10,85,-1.96585542364315
"C","trial","RL","NE","Pre-Stim",10,86,-2.26964027536166
"C","trial","RL","NE","Pre-Stim",10,87,-4.09431053974788
"C","trial","RL","NE","Pre-Stim",10,88,-4.10683763728205
"C","trial","RL","NE","Pre-Stim",10,89,-3.73254003511855
"C","trial","RL","NE","Pre-Stim",10,90,-4.98280352837731
"C","trial","RL","NE","Pre-Stim",10,91,-3.64008068386474
"C","trial","RL","NE","Pre-Stim",10,92,-5.24542614673106
"C","trial","RL","NE","Pre-Stim",10,93,-5.5047982359796
"C","trial","RL","NE","Pre-Stim",10,94,-6.06778555226276
"C","trial","RL","NE","Pre-Stim",10,95,-6.72582840350933
"C","trial","RL","NE","Pre-Stim",10,96,-7.60274378457695
"C","trial","RL","NE","Pre-Stim",10,97,-6.4536710599034
"C","trial","RL","NE","Pre-Stim",10,98,-7.06405054518802
"C","trial","RL","NE","Pre-Stim",10,99,-5.01184210875426
"C","trial","RL","NE","Pre-Stim",10,100,-7.18361508574446
"C","trial","RL","NE","Pre-Stim",10,101,-7.50146629814248
"C","trial","RL","NE","Pre-Stim",10,102,-7.10240677360507
"C","trial","RL","NE","Pre-Stim",10,103,-8.05124197030516
"C","trial","RL","NE","Pre-Stim",10,105,-7.19678886640499
"C","trial","RL","NE","Post-Stim",10,1,-16.6585779036883
"C","trial","RL","NE","Post-Stim",10,2,-13.8312608960636
"C","trial","RL","NE","Post-Stim",10,3,-12.918328752406
"C","trial","RL","NE","Post-Stim",10,5,-12.0439028351029
"C","trial","RL","NE","Post-Stim",10,6,-11.9749868850535
"C","trial","RL","NE","Post-Stim",10,7,-13.5602541371598
"C","trial","RL","NE","Post-Stim",10,8,-13.948388363784
"C","trial","RL","NE","Post-Stim",10,9,-9.84480087852394
"C","trial","RL","NE","Post-Stim",10,10,-9.91440903938921
"C","trial","RL","NE","Post-Stim",10,11,-7.40187124419448
"C","trial","RL","NE","Post-Stim",10,12,-7.90663736530852
"C","trial","RL","NE","Post-Stim",10,13,-11.2713221483339
"C","trial","RL","NE","Post-Stim",10,14,-10.2222756405593
"C","trial","RL","NE","Post-Stim",10,15,-6.86311096329706
"C","trial","RL","NE","Post-Stim",10,16,-7.37302030487139
"C","trial","RL","NE","Post-Stim",10,17,-7.9647648825399
"C","trial","RL","NE","Post-Stim",10,18,-7.23060620789824
"C","trial","RL","NE","Post-Stim",10,19,-8.02479380187972
"C","trial","RL","NE","Post-Stim",10,20,-9.42613793366446
"C","trial","RL","NE","Post-Stim",10,21,-7.16655894679794
"C","trial","RL","NE","Post-Stim",10,22,-9.61357945811214
"C","trial","RL","NE","Post-Stim",10,23,-8.51186583426202
"C","trial","RL","NE","Post-Stim",10,24,-4.22290894020924
"C","trial","RL","NE","Post-Stim",10,25,-7.45825911321956
"C","trial","RL","NE","Post-Stim",10,26,-5.41124763401693
"C","trial","RL","NE","Post-Stim",10,27,-5.11917116259162
"C","trial","RL","NE","Post-Stim",10,28,-6.62052064520062
"C","trial","RL","NE","Post-Stim",10,29,-6.94935485378704
"C","trial","RL","NE","Post-Stim",10,30,-5.13667025116685
"C","trial","RL","NE","Post-Stim",10,31,-3.33472051663077
"C","trial","RL","NE","Post-Stim",10,32,-6.36028718269936
"C","trial","RL","NE","Post-Stim",10,33,-1.00435764639864
"C","trial","RL","NE","Post-Stim",10,34,-3.12583878940302
"C","trial","RL","NE","Post-Stim",10,35,-1.78928934623194
"C","trial","RL","NE","Post-Stim",10,36,-1.96363323096954
"C","trial","RL","NE","Post-Stim",10,37,-2.530994170046
"C","trial","RL","NE","Post-Stim",10,38,-3.75789402060491
"C","trial","RL","NE","Post-Stim",10,39,-1.38604618042488
"C","trial","RL","NE","Post-Stim",10,40,-1.18236560730929
"C","trial","RL","NE","Post-Stim",10,41,-1.54954847149826
"C","trial","RL","NE","Post-Stim",10,42,-0.397485388490589
"C","trial","RL","NE","Post-Stim",10,43,-2.5925701741181
"C","trial","RL","NE","Post-Stim",10,44,-0.435883759890894
"C","trial","RL","NE","Post-Stim",10,45,0.777514720444075
"C","trial","RL","NE","Post-Stim",10,46,1.90216927774827
"C","trial","RL","NE","Post-Stim",10,47,-1.83563656538889
"C","trial","RL","NE","Post-Stim",10,48,-4.95480235482941
"C","trial","RL","NE","Post-Stim",10,49,-2.41742926772313
"C","trial","RL","NE","Post-Stim",10,50,1.23437893241682
"C","trial","RL","NE","Post-Stim",10,51,-1.33814661992927
"C","trial","RL","NE","Post-Stim",10,52,-1.56994881838687
"C","trial","RL","NE","Post-Stim",10,53,2.52030351975399
"C","trial","RL","NE","Post-Stim",10,54,2.11929465984667
"C","trial","RL","NE","Post-Stim",10,55,0.877622752202876
"C","trial","RL","NE","Post-Stim",10,56,0.353683617178966
"C","trial","RL","NE","Post-Stim",10,57,0.695976532303664
"C","trial","RL","NE","Post-Stim",10,58,-0.672320909493245
"C","trial","RL","NE","Post-Stim",10,59,-0.264247822192962
"C","trial","RL","NE","Post-Stim",10,60,1.73830578497623
"C","trial","RL","NE","Post-Stim",10,61,2.60585866123539
"C","trial","RL","NE","Post-Stim",10,62,2.56008453240798
"C","trial","RL","NE","Post-Stim",10,63,1.77908947920869
"C","trial","RL","NE","Post-Stim",10,64,2.47724947394937
"C","trial","RL","NE","Post-Stim",10,65,2.40975334903131
"C","trial","RL","NE","Post-Stim",10,66,1.29818935232849
"C","trial","RL","NE","Post-Stim",10,67,3.1116142124928
"C","trial","RL","NE","Post-Stim",10,68,1.70618305625478
"C","trial","RL","NE","Post-Stim",10,69,3.33706358116302
"C","trial","RL","NE","Post-Stim",10,70,6.34357744790329
"C","trial","RL","NE","Post-Stim",10,71,5.0078170534648
"C","trial","RL","NE","Post-Stim",10,72,4.9125804225717
"C","trial","RL","NE","Post-Stim",10,73,4.12492150870942
"C","trial","RL","NE","Post-Stim",10,74,2.78779016333355
"C","trial","RL","NE","Post-Stim",10,75,2.61472270710834
"C","trial","RL","NE","Post-Stim",10,76,9.29606417943199
"C","trial","RL","NE","Post-Stim",10,77,6.07818055630825
"C","trial","RL","NE","Post-Stim",10,78,5.50022016728607
"C","trial","RL","NE","Post-Stim",10,79,5.63381193380043
"C","trial","RL","NE","Post-Stim",10,80,0.883175503341445
"C","trial","RL","NE","Post-Stim",10,81,5.91221059534735
"C","trial","RL","NE","Post-Stim",10,82,8.11706611831423
"C","trial","RL","NE","Post-Stim",10,83,6.92167043393775
"C","trial","RL","NE","Post-Stim",10,84,5.89658548393357
"C","trial","RL","NE","Post-Stim",10,85,4.99866034624459
"C","trial","RL","NE","Post-Stim",10,86,7.44277696932917
"C","trial","RL","NE","Post-Stim",10,87,8.56319077715069
"C","trial","RL","NE","Post-Stim",10,88,6.98131203415938
"C","trial","RL","NE","Post-Stim",10,89,7.38655228015933
"C","trial","RL","NE","Post-Stim",10,90,9.39812155632885
"C","trial","RL","NE","Post-Stim",10,91,9.35766234774511
"C","trial","RL","NE","Post-Stim",10,92,9.75158934562709
"C","trial","RL","NE","Post-Stim",10,93,7.09126908222873
"C","trial","RL","NE","Post-Stim",10,94,9.22869615712194
"C","trial","RL","NE","Post-Stim",10,95,11.8380531685082
"C","trial","RL","NE","Post-Stim",10,96,5.73093453933882
"C","trial","RL","NE","Post-Stim",10,97,9.63634544946837
"C","trial","RL","NE","Post-Stim",10,98,10.7503401769448
"C","trial","RL","NE","Post-Stim",10,99,10.0288372693636
"C","trial","RL","NE","Post-Stim",10,100,11.0814745334541
"C","trial","RL","NE","Post-Stim",10,101,11.4940523002399
"C","trial","RL","NE","Post-Stim",10,102,10.4575174936294
"C","trial","RL","NE","Post-Stim",10,103,8.06386347163669
"C","trial","RL","NE","Post-Stim",10,104,10.1384206666004
"C","trial","RL","NE","Post-Stim",10,105,9.44607506973193
"D","trial","UG","NE","Pre-Stim",1,2,-3.24439064343255
"D","trial","UG","NE","Pre-Stim",1,3,-4.25222425395977
"D","trial","UG","NE","Pre-Stim",1,4,-1.09556717238274
"D","trial","UG","NE","Pre-Stim",1,5,-0.731623401600472
"D","trial","UG","NE","Pre-Stim",1,6,-2.23175602270527
"D","trial","UG","NE","Pre-Stim",1,7,-6.10879255035914
"D","trial","UG","NE","Pre-Stim",1,8,-0.960898673753098
"D","trial","UG","NE","Pre-Stim",1,9,-0.302675812118277
"D","trial","UG","NE","Pre-Stim",1,10,-5.43330723880042
"D","trial","UG","NE","Pre-Stim",1,11,-6.34971599104455
"D","trial","UG","NE","Pre-Stim",1,12,-2.3378972890979
"D","trial","UG","NE","Pre-Stim",1,13,-6.6316539794417
"D","trial","UG","NE","Pre-Stim",1,14,-5.13349945470332
"D","trial","UG","NE","Pre-Stim",1,15,-2.9511322949979
"D","trial","UG","NE","Pre-Stim",1,16,-1.49384141966225
"D","trial","UG","NE","Pre-Stim",1,17,-5.33959695995611
"D","trial","UG","NE","Pre-Stim",1,18,-2.99563580548133
"D","trial","UG","NE","Pre-Stim",1,19,-1.85027325910887
"D","trial","UG","NE","Pre-Stim",1,20,-4.36178605999979
"D","trial","UG","NE","Pre-Stim",1,21,-5.7245872665439
"D","trial","UG","NE","Pre-Stim",1,22,-2.69226281329882
"D","trial","UG","NE","Pre-Stim",1,23,-3.40951700196297
"D","trial","UG","NE","Pre-Stim",1,24,0.74185088916738
"D","trial","UG","NE","Pre-Stim",1,25,0.0469061788716551
"D","trial","UG","NE","Pre-Stim",1,26,-6.07236297234909
"D","trial","UG","NE","Pre-Stim",1,27,-3.73470830369413
"D","trial","UG","NE","Pre-Stim",1,28,-1.32649819706363
"D","trial","UG","NE","Pre-Stim",1,29,-3.56846151768684
"D","trial","UG","NE","Pre-Stim",1,30,-1.09417148529538
"D","trial","UG","NE","Post-Stim",1,1,6.06103116433415
"D","trial","UG","NE","Post-Stim",1,2,3.08734748033479
"D","trial","UG","NE","Post-Stim",1,3,4.53822750939333
"D","trial","UG","NE","Post-Stim",1,4,0.295427874934286
"D","trial","UG","NE","Post-Stim",1,5,-0.0990370443225576
"D","trial","UG","NE","Post-Stim",1,6,5.03271670168257
"D","trial","UG","NE","Post-Stim",1,7,4.43655464227096
"D","trial","UG","NE","Post-Stim",1,8,2.95146324283886
"D","trial","UG","NE","Post-Stim",1,9,0.122389892759464
"D","trial","UG","NE","Post-Stim",1,10,-0.254959023797674
"D","trial","UG","NE","Post-Stim",1,11,-0.0441994253115623
"D","trial","UG","NE","Post-Stim",1,12,0.556520576060501
"D","trial","UG","NE","Post-Stim",1,13,1.80572242166559
"D","trial","UG","NE","Post-Stim",1,14,0.466336000905151
"D","trial","UG","NE","Post-Stim",1,15,-1.15367311544504
"D","trial","UG","NE","Post-Stim",1,16,2.17109904678232
"D","trial","UG","NE","Post-Stim",1,17,-0.451083761303864
"D","trial","UG","NE","Post-Stim",1,18,5.49895163593603
"D","trial","UG","NE","Post-Stim",1,19,4.21719034416526
"D","trial","UG","NE","Post-Stim",1,20,3.26406869984783
"D","trial","UG","NE","Post-Stim",1,21,4.00256793256953
"D","trial","UG","NE","Post-Stim",1,22,0.959236660645178
"D","trial","UG","NE","Post-Stim",1,23,0.856159701224683
"D","trial","UG","NE","Post-Stim",1,24,3.17388395398616
"D","trial","UG","NE","Post-Stim",1,25,5.20731175353996
"D","trial","UG","NE","Post-Stim",1,26,-0.389971560591965
"D","trial","UG","NE","Post-Stim",1,27,5.46795084070107
"D","trial","UG","NE","Post-Stim",1,28,4.50117392663992
"D","trial","UG","NE","Post-Stim",1,29,3.70877253045393
"D","trial","UG","NE","Post-Stim",1,30,3.29171638301082
"D","trial","UG","NE","Pre-Stim",2,1,-1.9167012134174
"D","trial","UG","NE","Pre-Stim",2,2,4.95245980746578
"D","trial","UG","NE","Pre-Stim",2,3,-1.37194309813009
"D","trial","UG","NE","Pre-Stim",2,4,-0.435797825472279
"D","trial","UG","NE","Pre-Stim",2,5,3.62605818647344
"D","trial","UG","NE","Pre-Stim",2,6,-0.440228378015593
"D","trial","UG","NE","Pre-Stim",2,7,-2.1288017381011
"D","trial","UG","NE","Pre-Stim",2,8,-6.2517492795687
"D","trial","UG","NE","Pre-Stim",2,9,-2.8038225930667
"D","trial","UG","NE","Pre-Stim",2,10,0.680612669447513
"D","trial","UG","NE","Pre-Stim",2,11,-2.45384792921683
"D","trial","UG","NE","Pre-Stim",2,12,1.87948231784142
"D","trial","UG","NE","Pre-Stim",2,13,2.06472073114815
"D","trial","UG","NE","Pre-Stim",2,14,-0.288373404334864
"D","trial","UG","NE","Pre-Stim",2,15,0.886693513186356
"D","trial","UG","NE","Pre-Stim",2,16,1.11890492289879
"D","trial","UG","NE","Pre-Stim",2,17,-0.68426154034865
"D","trial","UG","NE","Pre-Stim",2,18,2.87195667975397
"D","trial","UG","NE","Pre-Stim",2,19,5.36054450222808
"D","trial","UG","NE","Pre-Stim",2,20,0.246291223242535
"D","trial","UG","NE","Pre-Stim",2,21,-2.89607690570755
"D","trial","UG","NE","Pre-Stim",2,22,2.58847376472878
"D","trial","UG","NE","Pre-Stim",2,23,1.20097560271194
"D","trial","UG","NE","Pre-Stim",2,24,-0.534369030643008
"D","trial","UG","NE","Pre-Stim",2,25,1.47920490488934
"D","trial","UG","NE","Pre-Stim",2,26,3.70336689774054
"D","trial","UG","NE","Pre-Stim",2,27,-2.61462114082388
"D","trial","UG","NE","Pre-Stim",2,28,-4.05864102685706
"D","trial","UG","NE","Pre-Stim",2,29,1.70884944923399
"D","trial","UG","NE","Pre-Stim",2,30,3.66243721633887
"D","trial","UG","NE","Post-Stim",2,1,-7.74479568450242
"D","trial","UG","NE","Post-Stim",2,2,-2.3100551153183
"D","trial","UG","NE","Post-Stim",2,3,-1.70990199640706
"D","trial","UG","NE","Post-Stim",2,4,2.37342228206453
"D","trial","UG","NE","Post-Stim",2,5,-0.541813891750648
"D","trial","UG","NE","Post-Stim",2,6,0.753361749024173
"D","trial","UG","NE","Post-Stim",2,7,-1.67131612333102
"D","trial","UG","NE","Post-Stim",2,8,1.67755272813154
"D","trial","UG","NE","Post-Stim",2,9,1.29958177620506
"D","trial","UG","NE","Post-Stim",2,10,-1.65796580669951
"D","trial","UG","NE","Post-Stim",2,11,-1.33143276802389
"D","trial","UG","NE","Post-Stim",2,12,-4.42880931902471
"D","trial","UG","NE","Post-Stim",2,13,0.917548007773999
"D","trial","UG","NE","Post-Stim",2,14,-0.103734238115137
"D","trial","UG","NE","Post-Stim",2,15,-2.5082513770068
"D","trial","UG","NE","Post-Stim",2,16,-1.50372530067676
"D","trial","UG","NE","Post-Stim",2,17,-2.64841301025464
"D","trial","UG","NE","Post-Stim",2,18,-2.52586824054177
"D","trial","UG","NE","Post-Stim",2,19,2.14819847839233
"D","trial","UG","NE","Post-Stim",2,20,-0.656454990549361
"D","trial","UG","NE","Post-Stim",2,21,0.813384601950324
"D","trial","UG","NE","Post-Stim",2,22,0.983908350183129
"D","trial","UG","NE","Post-Stim",2,23,1.21082987800776
"D","trial","UG","NE","Post-Stim",2,24,0.519032328356398
"D","trial","UG","NE","Post-Stim",2,25,-0.088171249283033
"D","trial","UG","NE","Post-Stim",2,26,1.25851645561342
"D","trial","UG","NE","Post-Stim",2,27,-3.74930993413166
"D","trial","UG","NE","Post-Stim",2,28,-0.803202383124862
"D","trial","UG","NE","Post-Stim",2,29,-5.31334652485318
"D","trial","UG","NE","Post-Stim",2,30,-2.48379465066843
"D","trial","UG","NE","Pre-Stim",3,1,-0.961549546316705
"D","trial","UG","NE","Pre-Stim",3,2,-1.20096900721375
"D","trial","UG","NE","Pre-Stim",3,3,0.270740706299736
"D","trial","UG","NE","Pre-Stim",3,4,-1.66695313801314
"D","trial","UG","NE","Pre-Stim",3,5,-1.21276506102913
"D","trial","UG","NE","Pre-Stim",3,6,2.3516257348376
"D","trial","UG","NE","Pre-Stim",3,7,-1.1737440728154
"D","trial","UG","NE","Pre-Stim",3,8,2.24511613258581
"D","trial","UG","NE","Pre-Stim",3,9,-0.0371797948368316
"D","trial","UG","NE","Pre-Stim",3,10,-2.2193953475233
"D","trial","UG","NE","Pre-Stim",3,11,-2.44117094304513
"D","trial","UG","NE","Pre-Stim",3,12,-0.508417234401134
"D","trial","UG","NE","Pre-Stim",3,13,-0.366097361461662
"D","trial","UG","NE","Pre-Stim",3,14,-4.18007467889267
"D","trial","UG","NE","Pre-Stim",3,15,-3.65722586688708
"D","trial","UG","NE","Pre-Stim",3,16,-1.06214663809112
"D","trial","UG","NE","Pre-Stim",3,17,-4.06638223910533
"D","trial","UG","NE","Pre-Stim",3,18,-3.66096809218026
"D","trial","UG","NE","Pre-Stim",3,19,-2.78284404772382
"D","trial","UG","NE","Pre-Stim",3,20,-4.38529778838596
"D","trial","UG","NE","Pre-Stim",3,21,-4.96329320715133
"D","trial","UG","NE","Pre-Stim",3,22,-5.34302692889409
"D","trial","UG","NE","Pre-Stim",3,23,-1.80724354243852
"D","trial","UG","NE","Pre-Stim",3,24,-3.54659997779204
"D","trial","UG","NE","Pre-Stim",3,25,-3.61990567500384
"D","trial","UG","NE","Pre-Stim",3,26,-6.28048869741592
"D","trial","UG","NE","Pre-Stim",3,27,-6.10072796480552
"D","trial","UG","NE","Pre-Stim",3,28,-5.49700825727934
"D","trial","UG","NE","Pre-Stim",3,29,-7.36629048768881
"D","trial","UG","NE","Pre-Stim",3,30,-5.1715194745499
"D","trial","UG","NE","Post-Stim",3,1,-7.66596024334288
"D","trial","UG","NE","Post-Stim",3,2,-10.7838975692728
"D","trial","UG","NE","Post-Stim",3,3,-2.79151219577462
"D","trial","UG","NE","Post-Stim",3,4,-5.04815138004393
"D","trial","UG","NE","Post-Stim",3,5,-2.77312872739665
"D","trial","UG","NE","Post-Stim",3,6,-3.85077124188212
"D","trial","UG","NE","Post-Stim",3,7,-3.44633932816463
"D","trial","UG","NE","Post-Stim",3,8,-0.00595901793798091
"D","trial","UG","NE","Post-Stim",3,9,-1.41879486394102
"D","trial","UG","NE","Post-Stim",3,10,-1.03271714644457
"D","trial","UG","NE","Post-Stim",3,11,-1.2392385863636
"D","trial","UG","NE","Post-Stim",3,12,0.414623077947478
"D","trial","UG","NE","Post-Stim",3,13,2.54157468766041
"D","trial","UG","NE","Post-Stim",3,14,2.48328326976609
"D","trial","UG","NE","Post-Stim",3,15,4.24157898468158
"D","trial","UG","NE","Post-Stim",3,16,3.83247650607302
"D","trial","UG","NE","Post-Stim",3,17,9.45383316489244
"D","trial","UG","NE","Post-Stim",3,18,2.92597088170253
"D","trial","UG","NE","Post-Stim",3,19,4.55654817011085
"D","trial","UG","NE","Post-Stim",3,20,8.90238391421118
"D","trial","UG","NE","Post-Stim",3,21,8.91588591542918
"D","trial","UG","NE","Post-Stim",3,23,7.73980875072409
"D","trial","UG","NE","Post-Stim",3,24,7.81133890084818
"D","trial","UG","NE","Post-Stim",3,25,9.85722524314476
"D","trial","UG","NE","Post-Stim",3,26,10.2835092053335
"D","trial","UG","NE","Post-Stim",3,27,10.8145770424265
"D","trial","UG","NE","Post-Stim",3,28,13.8329057684094
"D","trial","UG","NE","Post-Stim",3,29,7.88820293985796
"D","trial","UG","NE","Post-Stim",3,30,6.01972341705119
"D","trial","UG","NE","Pre-Stim",4,1,2.89610458464719
"D","trial","UG","NE","Pre-Stim",4,2,0.165694510641571
"D","trial","UG","NE","Pre-Stim",4,3,0.416735794065476
"D","trial","UG","NE","Pre-Stim",4,4,1.75505462427601
"D","trial","UG","NE","Pre-Stim",4,5,1.18015456079047
"D","trial","UG","NE","Pre-Stim",4,6,2.94839010940692
"D","trial","UG","NE","Pre-Stim",4,7,1.21064570718871
"D","trial","UG","NE","Pre-Stim",4,8,1.81139040064202
"D","trial","UG","NE","Pre-Stim",4,9,7.51356332956427
"D","trial","UG","NE","Pre-Stim",4,10,10.775761012207
"D","trial","UG","NE","Pre-Stim",4,11,5.54899692118921
"D","trial","UG","NE","Pre-Stim",4,12,5.06541732565273
"D","trial","UG","NE","Pre-Stim",4,13,4.5870204413204
"D","trial","UG","NE","Pre-Stim",4,14,1.87674195943453
"D","trial","UG","NE","Pre-Stim",4,15,2.19966032497494
"D","trial","UG","NE","Pre-Stim",4,16,5.16356051256485
"D","trial","UG","NE","Pre-Stim",4,17,5.52487375669433
"D","trial","UG","NE","Pre-Stim",4,18,2.83767318225346
"D","trial","UG","NE","Pre-Stim",4,19,8.8140041029412
"D","trial","UG","NE","Pre-Stim",4,20,2.00374373225223
"D","trial","UG","NE","Pre-Stim",4,21,6.67979381847044
"D","trial","UG","NE","Pre-Stim",4,22,7.27311164229112
"D","trial","UG","NE","Pre-Stim",4,23,8.92846966639881
"D","trial","UG","NE","Pre-Stim",4,24,2.19189626907842
"D","trial","UG","NE","Pre-Stim",4,25,8.81670533352084
"D","trial","UG","NE","Pre-Stim",4,26,4.50015617483211
"D","trial","UG","NE","Pre-Stim",4,27,5.6728688473955
"D","trial","UG","NE","Pre-Stim",4,28,1.23010396099392
"D","trial","UG","NE","Pre-Stim",4,29,4.05529898206275
"D","trial","UG","NE","Pre-Stim",4,30,2.79172149423815
"D","trial","UG","NE","Post-Stim",4,1,-2.58278680605251
"D","trial","UG","NE","Post-Stim",4,2,-2.6334028491528
"D","trial","UG","NE","Post-Stim",4,3,-4.09851385327417
"D","trial","UG","NE","Post-Stim",4,4,-3.37152978360045
"D","trial","UG","NE","Post-Stim",4,5,-2.23647609117779
"D","trial","UG","NE","Post-Stim",4,6,-5.20221743969167
"D","trial","UG","NE","Post-Stim",4,7,-0.692151727551637
"D","trial","UG","NE","Post-Stim",4,8,-5.77956876240211
"D","trial","UG","NE","Post-Stim",4,9,-3.89153411442405
"D","trial","UG","NE","Post-Stim",4,10,-2.3987244551339
"D","trial","UG","NE","Post-Stim",4,11,-2.20767794740173
"D","trial","UG","NE","Post-Stim",4,12,-5.03678506723451
"D","trial","UG","NE","Post-Stim",4,13,-3.24755397871037
"D","trial","UG","NE","Post-Stim",4,14,-4.54930569437844
"D","trial","UG","NE","Post-Stim",4,15,-8.06225763666925
"D","trial","UG","NE","Post-Stim",4,16,-9.1687123553168
"D","trial","UG","NE","Post-Stim",4,17,-3.50943693591032
"D","trial","UG","NE","Post-Stim",4,18,-8.06128272228332
"D","trial","UG","NE","Post-Stim",4,19,-4.51666459646594
"D","trial","UG","NE","Post-Stim",4,20,-6.17957384525178
"D","trial","UG","NE","Post-Stim",4,21,-6.50768974155326
"D","trial","UG","NE","Post-Stim",4,22,-3.3128468553619
"D","trial","UG","NE","Post-Stim",4,23,-4.74656999171442
"D","trial","UG","NE","Post-Stim",4,24,0.55041741297526
"D","trial","UG","NE","Post-Stim",4,25,-3.75953206956086
"D","trial","UG","NE","Post-Stim",4,26,-1.06706889217719
"D","trial","UG","NE","Post-Stim",4,27,-1.85826051269978
"D","trial","UG","NE","Post-Stim",4,28,-1.38405243171943
"D","trial","UG","NE","Post-Stim",4,29,-2.10506453554674
"D","trial","UG","NE","Post-Stim",4,30,0.526265102806161
"D","trial","UG","NE","Pre-Stim",5,1,-5.08676447432678
"D","trial","UG","NE","Pre-Stim",5,2,-2.1113052897475
"D","trial","UG","NE","Pre-Stim",5,3,-0.0757619372436899
"D","trial","UG","NE","Pre-Stim",5,4,5.10209841429592
"D","trial","UG","NE","Pre-Stim",5,5,5.34665447434478
"D","trial","UG","NE","Pre-Stim",5,6,0.493420100332424
"D","trial","UG","NE","Pre-Stim",5,7,5.48550984811977
"D","trial","UG","NE","Pre-Stim",5,8,9.60285272966671
"D","trial","UG","NE","Pre-Stim",5,9,5.60894755183251
"D","trial","UG","NE","Pre-Stim",5,10,9.4110175529002
"D","trial","UG","NE","Pre-Stim",5,11,11.2059202892691
"D","trial","UG","NE","Pre-Stim",5,12,7.26847221745108
"D","trial","UG","NE","Pre-Stim",5,13,13.0444243561958
"D","trial","UG","NE","Pre-Stim",5,14,7.59215041413252
"D","trial","UG","NE","Pre-Stim",5,15,3.72214575015677
"D","trial","UG","NE","Pre-Stim",5,16,3.67077855244177
"D","trial","UG","NE","Pre-Stim",5,17,3.45732477128775
"D","trial","UG","NE","Pre-Stim",5,18,3.16609895671859
"D","trial","UG","NE","Pre-Stim",5,19,-0.223532376175802
"D","trial","UG","NE","Pre-Stim",5,20,2.64004296004376
"D","trial","UG","NE","Pre-Stim",5,21,8.34464818350971
"D","trial","UG","NE","Pre-Stim",5,22,3.26950704154838
"D","trial","UG","NE","Pre-Stim",5,23,0.873576880420617
"D","trial","UG","NE","Pre-Stim",5,24,-1.35240362277521
"D","trial","UG","NE","Pre-Stim",5,25,4.47515018528681
"D","trial","UG","NE","Pre-Stim",5,26,-2.04853623074055
"D","trial","UG","NE","Pre-Stim",5,27,-0.501772834982979
"D","trial","UG","NE","Pre-Stim",5,28,-1.27120677345641
"D","trial","UG","NE","Pre-Stim",5,29,-0.458054020252561
"D","trial","UG","NE","Pre-Stim",5,30,0.0136720120302578
"D","trial","UG","NE","Post-Stim",5,1,-8.06393704931275
"D","trial","UG","NE","Post-Stim",5,2,-8.42736278779584
"D","trial","UG","NE","Post-Stim",5,3,-5.59618199930049
"D","trial","UG","NE","Post-Stim",5,4,-8.56322066693135
"D","trial","UG","NE","Post-Stim",5,5,-6.37451120292489
"D","trial","UG","NE","Post-Stim",5,6,-10.1684951871556
"D","trial","UG","NE","Post-Stim",5,7,-5.02000125006171
"D","trial","UG","NE","Post-Stim",5,8,-2.35563966254408
"D","trial","UG","NE","Post-Stim",5,9,-3.2244735514714
"D","trial","UG","NE","Post-Stim",5,10,-2.65024977844675
"D","trial","UG","NE","Post-Stim",5,11,-2.09544081593215
"D","trial","UG","NE","Post-Stim",5,12,-2.33007265745181
"D","trial","UG","NE","Post-Stim",5,13,0.268542188977046
"D","trial","UG","NE","Post-Stim",5,14,-3.77309370063901
"D","trial","UG","NE","Post-Stim",5,15,-1.25171219530789
"D","trial","UG","NE","Post-Stim",5,16,-3.6750275059396
"D","trial","UG","NE","Post-Stim",5,17,3.51161966222849
"D","trial","UG","NE","Post-Stim",5,18,-3.34773317973452
"D","trial","UG","NE","Post-Stim",5,19,-2.43931520401825
"D","trial","UG","NE","Post-Stim",5,20,-1.27804320916632
"D","trial","UG","NE","Post-Stim",5,21,-1.81810630323791
"D","trial","UG","NE","Post-Stim",5,22,-3.49353211336659
"D","trial","UG","NE","Post-Stim",5,23,2.35236593863013
"D","trial","UG","NE","Post-Stim",5,24,-7.35462792789847
"D","trial","UG","NE","Post-Stim",5,25,-0.237077656170886
"D","trial","UG","NE","Post-Stim",5,26,2.15633653427534
"D","trial","UG","NE","Post-Stim",5,27,2.10524890195724
"D","trial","UG","NE","Post-Stim",5,28,3.19994074864752
"D","trial","UG","NE","Post-Stim",5,29,-0.059282318374091
"D","trial","UG","NE","Post-Stim",5,30,1.29804141474604
"D","trial","UG","NE","Pre-Stim",6,1,-2.94168988402809
"D","trial","UG","NE","Pre-Stim",6,2,-7.66405809425253
"D","trial","UG","NE","Pre-Stim",6,3,-1.20774570421412
"D","trial","UG","NE","Pre-Stim",6,4,-7.44612066329376
"D","trial","UG","NE","Pre-Stim",6,5,-6.03777201386515
"D","trial","UG","NE","Pre-Stim",6,6,-5.92878531239394
"D","trial","UG","NE","Pre-Stim",6,7,-6.83670127794588
"D","trial","UG","NE","Pre-Stim",6,8,-3.87860406584454
"D","trial","UG","NE","Pre-Stim",6,9,-5.95503851610996
"D","trial","UG","NE","Pre-Stim",6,10,-2.6892184740314
"D","trial","UG","NE","Pre-Stim",6,11,-4.71059497509979
"D","trial","UG","NE","Pre-Stim",6,12,-4.49557219141325
"D","trial","UG","NE","Pre-Stim",6,13,-5.34388816561292
"D","trial","UG","NE","Pre-Stim",6,14,-4.47315609924998
"D","trial","UG","NE","Pre-Stim",6,15,-6.50743469400392
"D","trial","UG","NE","Pre-Stim",6,16,-5.57771324588462
"D","trial","UG","NE","Pre-Stim",6,17,-6.34046892424194
"D","trial","UG","NE","Pre-Stim",6,18,-2.1841702499186
"D","trial","UG","NE","Pre-Stim",6,19,-2.11941266441859
"D","trial","UG","NE","Pre-Stim",6,20,-4.43353989612268
"D","trial","UG","NE","Pre-Stim",6,21,-3.84788787150378
"D","trial","UG","NE","Pre-Stim",6,22,-3.19478644345335
"D","trial","UG","NE","Pre-Stim",6,23,-3.27589916072037
"D","trial","UG","NE","Pre-Stim",6,24,-3.83839424065475
"D","trial","UG","NE","Pre-Stim",6,25,-3.43054517223026
"D","trial","UG","NE","Pre-Stim",6,26,-3.661968315198
"D","trial","UG","NE","Pre-Stim",6,27,-4.13992507617778
"D","trial","UG","NE","Pre-Stim",6,28,-5.84759534366973
"D","trial","UG","NE","Pre-Stim",6,29,-1.44994326056673
"D","trial","UG","NE","Pre-Stim",6,30,-4.17233622353328
"D","trial","UG","NE","Post-Stim",6,1,-2.66998580454438
"D","trial","UG","NE","Post-Stim",6,2,-2.35405399276794
"D","trial","UG","NE","Post-Stim",6,3,-3.21799473847256
"D","trial","UG","NE","Post-Stim",6,4,-1.64165742213269
"D","trial","UG","NE","Post-Stim",6,5,0.681628598305663
"D","trial","UG","NE","Post-Stim",6,6,0.188695940531026
"D","trial","UG","NE","Post-Stim",6,7,-0.890760954413099
"D","trial","UG","NE","Post-Stim",6,8,0.27650410198073
"D","trial","UG","NE","Post-Stim",6,9,-0.670827306272346
"D","trial","UG","NE","Post-Stim",6,10,1.42245279190578
"D","trial","UG","NE","Post-Stim",6,11,0.824865849194952
"D","trial","UG","NE","Post-Stim",6,12,1.14924249658896
"D","trial","UG","NE","Post-Stim",6,13,4.42913048342218
"D","trial","UG","NE","Post-Stim",6,14,4.20695621318424
"D","trial","UG","NE","Post-Stim",6,15,4.56445978016918
"D","trial","UG","NE","Post-Stim",6,16,4.26722843701847
"D","trial","UG","NE","Post-Stim",6,17,4.507125268735
"D","trial","UG","NE","Post-Stim",6,18,2.46999697779636
"D","trial","UG","NE","Post-Stim",6,19,7.73211490213507
"D","trial","UG","NE","Post-Stim",6,20,6.34057474212813
"D","trial","UG","NE","Post-Stim",6,21,6.46389281880812
"D","trial","UG","NE","Post-Stim",6,22,7.63782547475574
"D","trial","UG","NE","Post-Stim",6,23,9.73774490961722
"D","trial","UG","NE","Post-Stim",6,24,5.07723035412619
"D","trial","UG","NE","Post-Stim",6,25,9.3434474053181
"D","trial","UG","NE","Post-Stim",6,26,9.45359784276295
"D","trial","UG","NE","Post-Stim",6,27,9.12078636004818
"D","trial","UG","NE","Post-Stim",6,28,10.0629211276597
"D","trial","UG","NE","Post-Stim",6,29,12.0143471832913
"D","trial","UG","NE","Post-Stim",6,30,11.1266309073224
"D","trial","UG","NE","Pre-Stim",7,1,4.24897096039734
"D","trial","UG","NE","Pre-Stim",7,2,5.96296160071201
"D","trial","UG","NE","Pre-Stim",7,3,3.75819966557834
"D","trial","UG","NE","Pre-Stim",7,4,4.76541303511147
"D","trial","UG","NE","Pre-Stim",7,5,5.94699753301528
"D","trial","UG","NE","Pre-Stim",7,6,4.78705672282739
"D","trial","UG","NE","Pre-Stim",7,7,5.69851660057284
"D","trial","UG","NE","Pre-Stim",7,8,6.2272983566317
"D","trial","UG","NE","Pre-Stim",7,9,8.32339210232468
"D","trial","UG","NE","Pre-Stim",7,10,6.81224308877337
"D","trial","UG","NE","Pre-Stim",7,11,4.36625667992739
"D","trial","UG","NE","Pre-Stim",7,12,4.97849302192931
"D","trial","UG","NE","Pre-Stim",7,13,-0.844796242861324
"D","trial","UG","NE","Pre-Stim",7,14,5.80852117000546
"D","trial","UG","NE","Pre-Stim",7,15,3.00145958105148
"D","trial","UG","NE","Pre-Stim",7,16,3.88928392048361
"D","trial","UG","NE","Pre-Stim",7,17,2.02648192391784
"D","trial","UG","NE","Pre-Stim",7,18,0.523386862175137
"D","trial","UG","NE","Pre-Stim",7,19,-1.28477851800636
"D","trial","UG","NE","Pre-Stim",7,20,4.0502515963786
"D","trial","UG","NE","Pre-Stim",7,21,3.22550065451806
"D","trial","UG","NE","Pre-Stim",7,22,1.63866447766157
"D","trial","UG","NE","Pre-Stim",7,23,-2.74153754704106
"D","trial","UG","NE","Pre-Stim",7,24,1.38954509017645
"D","trial","UG","NE","Pre-Stim",7,25,-0.341201056005039
"D","trial","UG","NE","Pre-Stim",7,26,-4.02885221931078
"D","trial","UG","NE","Pre-Stim",7,27,-1.36275021737326
"D","trial","UG","NE","Pre-Stim",7,28,3.34877679539343
"D","trial","UG","NE","Pre-Stim",7,29,0.452522167153927
"D","trial","UG","NE","Pre-Stim",7,30,1.33666595722121
"D","trial","UG","NE","Post-Stim",7,1,-4.02412980962958
"D","trial","UG","NE","Post-Stim",7,2,-4.01204027738253
"D","trial","UG","NE","Post-Stim",7,3,-3.01336644237399
"D","trial","UG","NE","Post-Stim",7,4,-4.27807910869497
"D","trial","UG","NE","Post-Stim",7,5,3.59780418221292
"D","trial","UG","NE","Post-Stim",7,6,-7.11907628917797
"D","trial","UG","NE","Post-Stim",7,7,-4.10485087629971
"D","trial","UG","NE","Post-Stim",7,8,1.14235148023719
"D","trial","UG","NE","Post-Stim",7,9,-0.698109185536229
"D","trial","UG","NE","Post-Stim",7,10,-2.91171645910075
"D","trial","UG","NE","Post-Stim",7,11,-3.94674451707589
"D","trial","UG","NE","Post-Stim",7,12,-2.34382418875673
"D","trial","UG","NE","Post-Stim",7,13,-1.14044007859834
"D","trial","UG","NE","Post-Stim",7,14,-0.918038926896829
"D","trial","UG","NE","Post-Stim",7,15,-5.9165543782987
"D","trial","UG","NE","Post-Stim",7,16,-1.52044307410876
"D","trial","UG","NE","Post-Stim",7,17,-3.94788350581903
"D","trial","UG","NE","Post-Stim",7,18,-2.83197322993283
"D","trial","UG","NE","Post-Stim",7,19,-4.29454198618713
"D","trial","UG","NE","Post-Stim",7,20,-6.90408587261686
"D","trial","UG","NE","Post-Stim",7,21,-3.88165503135311
"D","trial","UG","NE","Post-Stim",7,22,-9.92975471041621
"D","trial","UG","NE","Post-Stim",7,23,-0.846324875792429
"D","trial","UG","NE","Post-Stim",7,24,-3.570101766017
"D","trial","UG","NE","Post-Stim",7,25,-5.3832973569916
"D","trial","UG","NE","Post-Stim",7,26,-3.99089452366937
"D","trial","UG","NE","Post-Stim",7,27,-4.63871461568214
"D","trial","UG","NE","Post-Stim",7,28,-1.55559897918149
"D","trial","UG","NE","Post-Stim",7,29,-8.53510588042214
"D","trial","UG","NE","Post-Stim",7,30,-3.04694681647993
"D","trial","UG","NE","Pre-Stim",8,1,8.86091827801977
"D","trial","UG","NE","Pre-Stim",8,2,13.5037744661846
"D","trial","UG","NE","Pre-Stim",8,3,6.62149181791298
"D","trial","UG","NE","Pre-Stim",8,4,5.07349546857073
"D","trial","UG","NE","Pre-Stim",8,5,5.66289619859629
"D","trial","UG","NE","Pre-Stim",8,6,6.75332386745602
"D","trial","UG","NE","Pre-Stim",8,7,2.41634821302204
"D","trial","UG","NE","Pre-Stim",8,8,4.00233079529632
"D","trial","UG","NE","Pre-Stim",8,9,-2.57162828650944
"D","trial","UG","NE","Pre-Stim",8,10,1.06422644568446
"D","trial","UG","NE","Pre-Stim",8,11,5.36078229629399
"D","trial","UG","NE","Pre-Stim",8,12,0.675262675101051
"D","trial","UG","NE","Pre-Stim",8,13,5.29917266065629
"D","trial","UG","NE","Pre-Stim",8,14,-0.412194759493524
"D","trial","UG","NE","Pre-Stim",8,15,2.37644974579597
"D","trial","UG","NE","Pre-Stim",8,16,-10.6867610557326
"D","trial","UG","NE","Pre-Stim",8,17,-1.27797019081844
"D","trial","UG","NE","Pre-Stim",8,18,3.09776061533971
"D","trial","UG","NE","Pre-Stim",8,19,2.6771567650049
"D","trial","UG","NE","Pre-Stim",8,20,-3.14925139777318
"D","trial","UG","NE","Pre-Stim",8,21,0.0380747429230419
"D","trial","UG","NE","Pre-Stim",8,22,0.22335419958224
"D","trial","UG","NE","Pre-Stim",8,23,-2.83826235734888
"D","trial","UG","NE","Pre-Stim",8,24,-0.881720799569891
"D","trial","UG","NE","Pre-Stim",8,25,-6.09897715983778
"D","trial","UG","NE","Pre-Stim",8,26,-4.25923738282552
"D","trial","UG","NE","Pre-Stim",8,27,-0.772853284647889
"D","trial","UG","NE","Pre-Stim",8,28,-8.74739058348167
"D","trial","UG","NE","Pre-Stim",8,29,-1.9166218255065
"D","trial","UG","NE","Pre-Stim",8,30,-5.23274644116036
"D","trial","UG","NE","Post-Stim",8,1,-4.18498922659609
"D","trial","UG","NE","Post-Stim",8,2,-2.34153243602843
"D","trial","UG","NE","Post-Stim",8,3,-4.41004673361358
"D","trial","UG","NE","Post-Stim",8,4,-2.59159407189466
"D","trial","UG","NE","Post-Stim",8,5,-0.589488751042245
"D","trial","UG","NE","Post-Stim",8,6,-2.92484991733095
"D","trial","UG","NE","Post-Stim",8,7,-0.963734373783382
"D","trial","UG","NE","Post-Stim",8,8,3.73146858023926
"D","trial","UG","NE","Post-Stim",8,9,-1.80196191338084
"D","trial","UG","NE","Post-Stim",8,10,-4.98581506784843
"D","trial","UG","NE","Post-Stim",8,11,-1.69638387372548
"D","trial","UG","NE","Post-Stim",8,12,-5.02014756330557
"D","trial","UG","NE","Post-Stim",8,13,-4.96701619905168
"D","trial","UG","NE","Post-Stim",8,14,0.259756998914506
"D","trial","UG","NE","Post-Stim",8,15,-1.47026321030334
"D","trial","UG","NE","Post-Stim",8,16,-2.04997381763922
"D","trial","UG","NE","Post-Stim",8,17,-0.25772482736545
"D","trial","UG","NE","Post-Stim",8,18,0.0967610131080827
"D","trial","UG","NE","Post-Stim",8,19,-1.80740234576902
"D","trial","UG","NE","Post-Stim",8,20,-1.02836370102991
"D","trial","UG","NE","Post-Stim",8,21,-1.52818820988909
"D","trial","UG","NE","Post-Stim",8,22,-2.04337066903733
"D","trial","UG","NE","Post-Stim",8,23,-0.200156880490578
"D","trial","UG","NE","Post-Stim",8,24,0.780520627998608
"D","trial","UG","NE","Post-Stim",8,25,-1.72229653753015
"D","trial","UG","NE","Post-Stim",8,26,0.731395370523452
"D","trial","UG","NE","Post-Stim",8,27,1.35825440120915
"D","trial","UG","NE","Post-Stim",8,28,0.881559373944858
"D","trial","UG","NE","Post-Stim",8,29,-1.42897722802125
"D","trial","UG","NE","Post-Stim",8,30,0.069764067382135
"D","trial","UG","NE","Pre-Stim",9,1,-1.61278213446392
"D","trial","UG","NE","Pre-Stim",9,2,0.936190267049394
"D","trial","UG","NE","Pre-Stim",9,3,5.76917111809752
"D","trial","UG","NE","Pre-Stim",9,4,-0.0819767973002393
"D","trial","UG","NE","Pre-Stim",9,5,-0.915448969966735
"D","trial","UG","NE","Pre-Stim",9,6,0.538482713483241
"D","trial","UG","NE","Pre-Stim",9,7,-2.57316518321105
"D","trial","UG","NE","Pre-Stim",9,8,3.04460153547034
"D","trial","UG","NE","Pre-Stim",9,9,-3.41807461886833
"D","trial","UG","NE","Pre-Stim",9,10,-1.32099206967044
"D","trial","UG","NE","Pre-Stim",9,11,-2.7836346144431
"D","trial","UG","NE","Pre-Stim",9,12,0.0489841766694565
"D","trial","UG","NE","Pre-Stim",9,13,2.8822664857482
"D","trial","UG","NE","Pre-Stim",9,14,-1.32267032894405
"D","trial","UG","NE","Pre-Stim",9,15,-3.81118681970352
"D","trial","UG","NE","Pre-Stim",9,16,-0.596427153639592
"D","trial","UG","NE","Pre-Stim",9,17,-1.19604044034978
"D","trial","UG","NE","Pre-Stim",9,18,-0.246428758091025
"D","trial","UG","NE","Pre-Stim",9,19,-5.02245181307845
"D","trial","UG","NE","Pre-Stim",9,20,-4.01859459250652
"D","trial","UG","NE","Pre-Stim",9,21,-5.96790232500025
"D","trial","UG","NE","Pre-Stim",9,22,-3.30424105201339
"D","trial","UG","NE","Pre-Stim",9,23,-0.217974162624888
"D","trial","UG","NE","Pre-Stim",9,24,-3.21198197033461
"D","trial","UG","NE","Pre-Stim",9,25,-6.78609402510028
"D","trial","UG","NE","Pre-Stim",9,26,-3.90849950609579
"D","trial","UG","NE","Pre-Stim",9,27,-2.38608555016117
"D","trial","UG","NE","Pre-Stim",9,28,-9.16827186466578
"D","trial","UG","NE","Pre-Stim",9,29,-3.03839673852449
"D","trial","UG","NE","Pre-Stim",9,30,-7.34640115708924
"D","trial","UG","NE","Post-Stim",9,2,1.81652560853403
"D","trial","UG","NE","Post-Stim",9,3,-7.02768230064324
"D","trial","UG","NE","Post-Stim",9,4,-6.84553161911809
"D","trial","UG","NE","Post-Stim",9,5,-2.93606649798967
"D","trial","UG","NE","Post-Stim",9,6,-6.17006019814756
"D","trial","UG","NE","Post-Stim",9,7,-0.809152640702059
"D","trial","UG","NE","Post-Stim",9,8,-5.34425367503649
"D","trial","UG","NE","Post-Stim",9,9,-0.542216809616855
"D","trial","UG","NE","Post-Stim",9,10,1.23239796209291
"D","trial","UG","NE","Post-Stim",9,11,-0.201207223897581
"D","trial","UG","NE","Post-Stim",9,12,5.35149056086458
"D","trial","UG","NE","Post-Stim",9,13,-4.71545237910444
"D","trial","UG","NE","Post-Stim",9,14,5.01463727535054
"D","trial","UG","NE","Post-Stim",9,15,-2.59164366257453
"D","trial","UG","NE","Post-Stim",9,16,3.38011666119991
"D","trial","UG","NE","Post-Stim",9,17,-0.779725002294271
"D","trial","UG","NE","Post-Stim",9,18,6.38932705555578
"D","trial","UG","NE","Post-Stim",9,19,2.25903527596511
"D","trial","UG","NE","Post-Stim",9,20,3.80647915034119
"D","trial","UG","NE","Post-Stim",9,21,0.377777262302356
"D","trial","UG","NE","Post-Stim",9,22,4.87044121257952
"D","trial","UG","NE","Post-Stim",9,23,3.08985037444527
"D","trial","UG","NE","Post-Stim",9,24,5.09007486326294
"D","trial","UG","NE","Post-Stim",9,25,5.01242781495601
"D","trial","UG","NE","Post-Stim",9,26,7.30465339948231
"D","trial","UG","NE","Post-Stim",9,27,8.62803791744728
"D","trial","UG","NE","Post-Stim",9,28,8.87406328245414
"D","trial","UG","NE","Post-Stim",9,29,7.04461790202113
"D","trial","UG","NE","Post-Stim",9,30,6.33143112134246
"D","trial","UG","NE","Pre-Stim",10,1,4.00356683817251
"D","trial","UG","NE","Pre-Stim",10,2,5.636843642314
"D","trial","UG","NE","Pre-Stim",10,3,2.53370345510647
"D","trial","UG","NE","Pre-Stim",10,4,4.64012281964612
"D","trial","UG","NE","Pre-Stim",10,5,0.513351367421258
"D","trial","UG","NE","Pre-Stim",10,6,2.33748627354978
"D","trial","UG","NE","Pre-Stim",10,7,1.9022874527157
"D","trial","UG","NE","Pre-Stim",10,8,3.51300135832406
"D","trial","UG","NE","Pre-Stim",10,9,0.388585140776514
"D","trial","UG","NE","Pre-Stim",10,10,3.60998728482457
"D","trial","UG","NE","Pre-Stim",10,11,1.61750349002323
"D","trial","UG","NE","Pre-Stim",10,12,2.55578657146522
"D","trial","UG","NE","Pre-Stim",10,13,2.47668086231561
"D","trial","UG","NE","Pre-Stim",10,14,4.56821440256479
"D","trial","UG","NE","Pre-Stim",10,15,3.15881038738349
"D","trial","UG","NE","Pre-Stim",10,16,4.39780515394534
"D","trial","UG","NE","Pre-Stim",10,17,4.45002252979311
"D","trial","UG","NE","Pre-Stim",10,18,4.52449005534209
"D","trial","UG","NE","Pre-Stim",10,19,4.05449403002315
"D","trial","UG","NE","Pre-Stim",10,21,2.22749278276631
"D","trial","UG","NE","Pre-Stim",10,22,6.24712807647293
"D","trial","UG","NE","Pre-Stim",10,23,4.89598072402363
"D","trial","UG","NE","Pre-Stim",10,24,7.79381285857629
"D","trial","UG","NE","Pre-Stim",10,25,8.69833756623612
"D","trial","UG","NE","Pre-Stim",10,26,8.36252743477912
"D","trial","UG","NE","Pre-Stim",10,27,8.58227502811815
"D","trial","UG","NE","Pre-Stim",10,28,12.4755260408329
"D","trial","UG","NE","Pre-Stim",10,29,12.6114123905434
"D","trial","UG","NE","Pre-Stim",10,30,11.217723504823
"D","trial","UG","NE","Post-Stim",10,1,-7.42884087530018
"D","trial","UG","NE","Post-Stim",10,2,-4.37952856117653
"D","trial","UG","NE","Post-Stim",10,3,-7.67540215983976
"D","trial","UG","NE","Post-Stim",10,4,-5.76270787459771
"D","trial","UG","NE","Post-Stim",10,5,-7.40946412657966
"D","trial","UG","NE","Post-Stim",10,6,-10.8454964959067
"D","trial","UG","NE","Post-Stim",10,7,-7.03986458146931
"D","trial","UG","NE","Post-Stim",10,8,-8.50582069256804
"D","trial","UG","NE","Post-Stim",10,9,-9.55682645972056
"D","trial","UG","NE","Post-Stim",10,10,-7.84418225149861
"D","trial","UG","NE","Post-Stim",10,11,-5.28749686409051
"D","trial","UG","NE","Post-Stim",10,12,-4.00792796876291
"D","trial","UG","NE","Post-Stim",10,13,-4.03073281853339
"D","trial","UG","NE","Post-Stim",10,14,-4.23567778873791
"D","trial","UG","NE","Post-Stim",10,15,-3.88873230573552
"D","trial","UG","NE","Post-Stim",10,16,-5.74745022190077
"D","trial","UG","NE","Post-Stim",10,17,-2.44097164141935
"D","trial","UG","NE","Post-Stim",10,18,-3.91376547484069
"D","trial","UG","NE","Post-Stim",10,19,-1.83695127137658
"D","trial","UG","NE","Post-Stim",10,20,-5.16905580701119
"D","trial","UG","NE","Post-Stim",10,21,-3.48537475817426
"D","trial","UG","NE","Post-Stim",10,23,-5.96216700626341
"D","trial","UG","NE","Post-Stim",10,24,-2.91654388303927
"D","trial","UG","NE","Post-Stim",10,25,-4.14399569817757
"D","trial","UG","NE","Post-Stim",10,26,-3.44999035919391
"D","trial","UG","NE","Post-Stim",10,27,-2.78447310742677
"D","trial","UG","NE","Post-Stim",10,28,-1.98042803649447
"D","trial","UG","NE","Post-Stim",10,29,-4.09258615148413
"D","trial","UG","NE","Post-Stim",10,30,-1.94474295848746
