"panel","level","task","nt","stim","idx","trial","condition","Oz"
"A","trial","RL","5-HT","Pre-Stim",3,1,NA,-5.17075420361577
"A","trial","RL","5-HT","Pre-Stim",3,2,NA,-5.62469125644257
"A","trial","RL","5-HT","Pre-Stim",3,3,NA,-4.33105869999043
"A","trial","RL","5-HT","Pre-Stim",3,4,NA,-4.51234452567482
"A","trial","RL","5-HT","Pre-Stim",3,5,NA,-5.56200975361046
"A","trial","RL","5-HT","Pre-Stim",3,6,NA,2.98982370381751
"A","trial","RL","5-HT","Pre-Stim",3,7,NA,-8.3028497783223
"A","trial","RL","5-HT","Pre-Stim",3,8,NA,0.23153770700258
"A","trial","RL","5-HT","Pre-Stim",3,9,NA,-5.44561320818452
"A","trial","RL","5-HT","Pre-Stim",3,10,NA,-10.0103183550613
"A","trial","RL","5-HT","Pre-Stim",3,11,NA,-5.02415260506532
"A","trial","RL","5-HT","Pre-Stim",3,12,NA,-1.35889465608531
"A","trial","RL","5-HT","Pre-Stim",3,13,NA,-3.42562743228488
"A","trial","RL","5-HT","Pre-Stim",3,14,NA,-3.96609388806696
"A","trial","RL","5-HT","Pre-Stim",3,15,NA,-0.622424428960272
"A","trial","RL","5-HT","Pre-Stim",3,16,NA,-1.99065736779176
"A","trial","RL","5-HT","Pre-Stim",3,17,NA,-2.52076798013121
"A","trial","RL","5-HT","Pre-Stim",3,18,NA,0.556163238372971
"A","trial","RL","5-HT","Pre-Stim",3,19,NA,1.08204397140719
"A","trial","RL","5-HT","Pre-Stim",3,20,NA,-0.516916381111204
"A","trial","RL","5-HT","Pre-Stim",3,21,NA,-2.65578078682496
"A","trial","RL","5-HT","Pre-Stim",3,22,NA,-2.55628380195569
"A","trial","RL","5-HT","Pre-Stim",3,23,NA,0.255648262795509
"A","trial","RL","5-HT","Pre-Stim",3,24,NA,-0.879751133407702
"A","trial","RL","5-HT","Pre-Stim",3,25,NA,-3.22663688605866
"A","trial","RL","5-HT","Pre-Stim",3,26,NA,-0.65473524237141
"A","trial","RL","5-HT","Pre-Stim",3,27,NA,-1.09417909240308
"A","trial","RL","5-HT","Pre-Stim",3,28,NA,-0.279236642949199
"A","trial","RL","5-HT","Pre-Stim",3,29,NA,-0.180997912206403
"A","trial","RL","5-HT","Pre-Stim",3,30,NA,1.86849261569619
"A","trial","RL","5-HT","Pre-Stim",3,31,NA,0.781364448417545
"A","trial","RL","5-HT","Pre-Stim",3,32,NA,0.817340140369959
"A","trial","RL","5-HT","Pre-Stim",3,33,NA,-1.61288480901912
"A","trial","RL","5-HT","Pre-Stim",3,34,NA,2.64055008782024
"A","trial","RL","5-HT","Pre-Stim",3,35,NA,-0.158325842930438
"A","trial","RL","5-HT","Pre-Stim",3,36,NA,-0.46573275508627
"A","trial","RL","5-HT","Pre-Stim",3,37,NA,0.798029860145546
"A","trial","RL","5-HT","Pre-Stim",3,38,NA,-3.29104620488618
"A","trial","RL","5-HT","Pre-Stim",3,39,NA,2.74030297306989
"A","trial","RL","5-HT","Pre-Stim",3,40,NA,3.53423116386132
"A","trial","RL","5-HT","Pre-Stim",3,41,NA,1.28375021889882
"A","trial","RL","5-HT","Pre-Stim",3,42,NA,0.597065716480375
"A","trial","RL","5-HT","Pre-Stim",3,43,NA,0.225535504197939
"A","trial","RL","5-HT","Pre-Stim",3,44,NA,5.44315245911262
"A","trial","RL","5-HT","Pre-Stim",3,45,NA,0.883985887752489
"A","trial","RL","5-HT","Pre-Stim",3,46,NA,2.22489356181078
"A","trial","RL","5-HT","Pre-Stim",3,47,NA,3.33360993127122
"A","trial","RL","5-HT","Pre-Stim",3,48,NA,0.0645577438070964
"A","trial","RL","5-HT","Pre-Stim",3,49,NA,0.0188096010262188
"A","trial","RL","5-HT","Pre-Stim",3,50,NA,0.172539465059971
"A","trial","RL","5-HT","Pre-Stim",3,51,NA,-1.31857987064499
"A","trial","RL","5-HT","Pre-Stim",3,52,NA,10.3671372190125
"A","trial","RL","5-HT","Pre-Stim",3,53,NA,7.62738145638179
"A","trial","RL","5-HT","Pre-Stim",3,54,NA,-1.06232597424303
"A","trial","RL","5-HT","Pre-Stim",3,55,NA,5.36750163655029
"A","trial","RL","5-HT","Pre-Stim",3,56,NA,3.3389988203256
"A","trial","RL","5-HT","Pre-Stim",3,57,NA,0.85900143648692
"A","trial","RL","5-HT","Pre-Stim",3,58,NA,3.3747670008741
"A","trial","RL","5-HT","Pre-Stim",3,59,NA,-1.81429109392766
"A","trial","RL","5-HT","Pre-Stim",3,60,NA,2.89719357947102
"A","trial","RL","5-HT","Pre-Stim",3,61,NA,1.02737582159183
"A","trial","RL","5-HT","Pre-Stim",3,62,NA,2.5825475842176
"A","trial","RL","5-HT","Pre-Stim",3,63,NA,-1.56029866259377
"A","trial","RL","5-HT","Pre-Stim",3,64,NA,3.0168676607344
"A","trial","RL","5-HT","Pre-Stim",3,65,NA,1.7211709249274
"A","trial","RL","5-HT","Pre-Stim",3,66,NA,3.67191289552141
"A","trial","RL","5-HT","Pre-Stim",3,67,NA,3.14535133296947
"A","trial","RL","5-HT","Pre-Stim",3,68,NA,1.83668925134637
"A","trial","RL","5-HT","Pre-Stim",3,69,NA,2.32946822470787
"A","trial","RL","5-HT","Pre-Stim",3,70,NA,1.09442276050858
"A","trial","RL","5-HT","Pre-Stim",3,71,NA,4.22513863452517
"A","trial","RL","5-HT","Pre-Stim",3,72,NA,3.31372513621502
"A","trial","RL","5-HT","Pre-Stim",3,73,NA,5.47811938496657
"A","trial","RL","5-HT","Pre-Stim",3,74,NA,-5.67730679607869
"A","trial","RL","5-HT","Pre-Stim",3,75,NA,2.78032351010074
"A","trial","RL","5-HT","Pre-Stim",3,76,NA,3.88389127918592
"A","trial","RL","5-HT","Pre-Stim",3,77,NA,-1.78542881778523
"A","trial","RL","5-HT","Pre-Stim",3,78,NA,18.5919670539361
"A","trial","RL","5-HT","Pre-Stim",3,79,NA,3.44263548155232
"A","trial","RL","5-HT","Pre-Stim",3,80,NA,-0.399008269846136
"A","trial","RL","5-HT","Pre-Stim",3,81,NA,1.50632497859994
"A","trial","RL","5-HT","Pre-Stim",3,82,NA,1.14487735346987
"A","trial","RL","5-HT","Pre-Stim",3,83,NA,-0.308116777114427
"A","trial","RL","5-HT","Pre-Stim",3,84,NA,-3.94318896323514
"A","trial","RL","5-HT","Pre-Stim",3,85,NA,0.882814851231324
"A","trial","RL","5-HT","Pre-Stim",3,86,NA,0.659434496903438
"A","trial","RL","5-HT","Pre-Stim",3,87,NA,3.18390534509483
"A","trial","RL","5-HT","Pre-Stim",3,88,NA,-0.760690319304646
"A","trial","RL","5-HT","Pre-Stim",3,89,NA,-2.37764443601586
"A","trial","RL","5-HT","Pre-Stim",3,90,NA,2.39675560353883
"A","trial","RL","5-HT","Pre-Stim",3,91,NA,3.06384166980887
"A","trial","RL","5-HT","Pre-Stim",3,92,NA,-2.23641732839683
"A","trial","RL","5-HT","Pre-Stim",3,93,NA,1.06112428493943
"A","trial","RL","5-HT","Pre-Stim",3,94,NA,3.99090664819887
"A","trial","RL","5-HT","Pre-Stim",3,95,NA,2.63754501300034
"A","trial","RL","5-HT","Pre-Stim",3,96,NA,-7.30065482750373
"A","trial","RL","5-HT","Pre-Stim",3,97,NA,-0.500635502350167
"A","trial","RL","5-HT","Pre-Stim",3,98,NA,0.724019437680045
"A","trial","RL","5-HT","Pre-Stim",3,99,NA,3.6155400047626
"A","trial","RL","5-HT","Pre-Stim",3,100,NA,9.20790335464462
"A","trial","RL","5-HT","Pre-Stim",3,101,NA,5.12018115564049
"A","trial","RL","5-HT","Pre-Stim",3,102,NA,-4.51479583776893
"A","trial","RL","5-HT","Pre-Stim",3,103,NA,5.75348414810281
"A","trial","RL","5-HT","Pre-Stim",3,104,NA,2.19337566016725
"A","trial","RL","5-HT","Pre-Stim",3,105,NA,-1.11621949562573
"A","trial","RL","DA","Pre-Stim",3,1,NA,-7.14095942008259
"A","trial","RL","DA","Pre-Stim",3,2,NA,-8.0823718701896
"A","trial","RL","DA","Pre-Stim",3,3,NA,-6.58621423176699
"A","trial","RL","DA","Pre-Stim",3,4,NA,-6.905408562862
"A","trial","RL","DA","Pre-Stim",3,5,NA,-5.56208656504872
"A","trial","RL","DA","Pre-Stim",3,6,NA,-7.18401744540231
"A","trial","RL","DA","Pre-Stim",3,7,NA,-5.86767727392101
"A","trial","RL","DA","Pre-Stim",3,8,NA,-8.8679671972375
"A","trial","RL","DA","Pre-Stim",3,9,NA,-7.54302046471728
"A","trial","RL","DA","Pre-Stim",3,10,NA,-7.43906318519456
"A","trial","RL","DA","Pre-Stim",3,11,NA,-8.39924461786613
"A","trial","RL","DA","Pre-Stim",3,12,NA,-8.5130065409834
"A","trial","RL","DA","Pre-Stim",3,13,NA,-7.52713470323378
"A","trial","RL","DA","Pre-Stim",3,14,NA,-6.20065072407972
"A","trial","RL","DA","Pre-Stim",3,15,NA,-7.17791939716526
"A","trial","RL","DA","Pre-Stim",3,16,NA,-9.15414953877442
"A","trial","RL","DA","Pre-Stim",3,17,NA,-8.39861086073814
"A","trial","RL","DA","Pre-Stim",3,18,NA,-8.15022946532899
"A","trial","RL","DA","Pre-Stim",3,19,NA,-7.81559440137909
"A","trial","RL","DA","Pre-Stim",3,20,NA,-8.00459228152552
"A","trial","RL","DA","Pre-Stim",3,21,NA,-6.91834238083496
"A","trial","RL","DA","Pre-Stim",3,22,NA,-8.87108194116005
"A","trial","RL","DA","Pre-Stim",3,23,NA,-8.22028275998131
"A","trial","RL","DA","Pre-Stim",3,24,NA,-7.83609598492051
"A","trial","RL","DA","Pre-Stim",3,25,NA,-7.45295896403217
"A","trial","RL","DA","Pre-Stim",3,26,NA,-8.44893973690343
"A","trial","RL","DA","Pre-Stim",3,27,NA,-7.77060122242594
"A","trial","RL","DA","Pre-Stim",3,28,NA,-8.77461728610463
"A","trial","RL","DA","Pre-Stim",3,29,NA,-6.78609580962876
"A","trial","RL","DA","Pre-Stim",3,30,NA,-6.25321006812896
"A","trial","RL","DA","Pre-Stim",3,31,NA,-8.44091558162345
"A","trial","RL","DA","Pre-Stim",3,32,NA,-7.91687199120554
"A","trial","RL","DA","Pre-Stim",3,33,NA,-5.29685812144141
"A","trial","RL","DA","Pre-Stim",3,34,NA,-7.94440884686752
"A","trial","RL","DA","Pre-Stim",3,35,NA,-6.99010603447612
"A","trial","RL","DA","Pre-Stim",3,36,NA,-6.1652631901907
"A","trial","RL","DA","Pre-Stim",3,37,NA,-6.20889247928586
"A","trial","RL","DA","Pre-Stim",3,38,NA,-7.32264400861645
"A","trial","RL","DA","Pre-Stim",3,39,NA,-6.94797344138285
"A","trial","RL","DA","Pre-Stim",3,40,NA,-8.03938066758189
"A","trial","RL","DA","Pre-Stim",3,41,NA,-7.46937194806535
"A","trial","RL","DA","Pre-Stim",3,42,NA,-6.21606940112618
"A","trial","RL","DA","Pre-Stim",3,43,NA,-5.94418950488794
"A","trial","RL","DA","Pre-Stim",3,44,NA,-6.35402616651973
"A","trial","RL","DA","Pre-Stim",3,45,NA,-6.1364119711472
"A","trial","RL","DA","Pre-Stim",3,46,NA,-6.22988664598662
"A","trial","RL","DA","Pre-Stim",3,47,NA,-7.2319732374042
"A","trial","RL","DA","Pre-Stim",3,48,NA,-5.4050022993034
"A","trial","RL","DA","Pre-Stim",3,49,NA,-6.23132959958569
"A","trial","RL","DA","Pre-Stim",3,50,NA,-7.44291307454274
"A","trial","RL","DA","Pre-Stim",3,51,NA,-6.0968883104916
"A","trial","RL","DA","Pre-Stim",3,52,NA,-5.99667514865717
"A","trial","RL","DA","Pre-Stim",3,53,NA,-5.75524338522888
"A","trial","RL","DA","Pre-Stim",3,54,NA,-5.83186612836474
"A","trial","RL","DA","Pre-Stim",3,55,NA,-6.67882353474642
"A","trial","RL","DA","Pre-Stim",3,56,NA,-6.062063784139
"A","trial","RL","DA","Pre-Stim",3,57,NA,-6.5810031529073
"A","trial","RL","DA","Pre-Stim",3,58,NA,-6.29240985326687
"A","trial","RL","DA","Pre-Stim",3,59,NA,-4.24665909122398
"A","trial","RL","DA","Pre-Stim",3,60,NA,-4.94393662232399
"A","trial","RL","DA","Pre-Stim",3,61,NA,-5.43005146580201
"A","trial","RL","DA","Pre-Stim",3,62,NA,-4.80288191372856
"A","trial","RL","DA","Pre-Stim",3,63,NA,-4.44114083761397
"A","trial","RL","DA","Pre-Stim",3,64,NA,-4.87363341756929
"A","trial","RL","DA","Pre-Stim",3,65,NA,-5.72968298321286
"A","trial","RL","DA","Pre-Stim",3,66,NA,-2.89733220425853
"A","trial","RL","DA","Pre-Stim",3,67,NA,-4.45482113170205
"A","trial","RL","DA","Pre-Stim",3,68,NA,-3.45196053816411
"A","trial","RL","DA","Pre-Stim",3,69,NA,-6.13623030718254
"A","trial","RL","DA","Pre-Stim",3,70,NA,-4.49509982822946
"A","trial","RL","DA","Pre-Stim",3,71,NA,-3.46930299905692
"A","trial","RL","DA","Pre-Stim",3,72,NA,-3.82513965342746
"A","trial","RL","DA","Pre-Stim",3,73,NA,-3.20656623078396
"A","trial","RL","DA","Pre-Stim",3,74,NA,-2.17481703774048
"A","trial","RL","DA","Pre-Stim",3,75,NA,-4.52026981161696
"A","trial","RL","DA","Pre-Stim",3,76,NA,-4.41491548423459
"A","trial","RL","DA","Pre-Stim",3,77,NA,-2.24282602472298
"A","trial","RL","DA","Pre-Stim",3,78,NA,-2.55121704214401
"A","trial","RL","DA","Pre-Stim",3,79,NA,-3.7301144241384
"A","trial","RL","DA","Pre-Stim",3,80,NA,-2.57484428587727
"A","trial","RL","DA","Pre-Stim",3,81,NA,-3.78760554429619
"A","trial","RL","DA","Pre-Stim",3,82,NA,-3.56140114459257
"A","trial","RL","DA","Pre-Stim",3,83,NA,-1.85368978987376
"A","trial","RL","DA","Pre-Stim",3,84,NA,-1.71450606859432
"A","trial","RL","DA","Pre-Stim",3,85,NA,-3.67675609324826
"A","trial","RL","DA","Pre-Stim",3,86,NA,-3.80473470118017
"A","trial","RL","DA","Pre-Stim",3,87,NA,-2.18539268474402
"A","trial","RL","DA","Pre-Stim",3,88,NA,-1.92208937295546
"A","trial","RL","DA","Pre-Stim",3,89,NA,-2.52568395212085
"A","trial","RL","DA","Pre-Stim",3,90,NA,-1.20941927780979
"A","trial","RL","DA","Pre-Stim",3,91,NA,-2.67157091337341
"A","trial","RL","DA","Pre-Stim",3,92,NA,-3.88561305641802
"A","trial","RL","DA","Pre-Stim",3,93,NA,-1.20209860610552
"A","trial","RL","DA","Pre-Stim",3,94,NA,-1.5431798598913
"A","trial","RL","DA","Pre-Stim",3,95,NA,-0.565283716151887
"A","trial","RL","DA","Pre-Stim",3,96,NA,-1.59084708787187
"A","trial","RL","DA","Pre-Stim",3,97,NA,-1.76476214923611
"A","trial","RL","DA","Pre-Stim",3,98,NA,-2.76860342916308
"A","trial","RL","DA","Pre-Stim",3,99,NA,-1.68514538671872
"A","trial","RL","DA","Pre-Stim",3,100,NA,-0.421404614847435
"A","trial","RL","DA","Pre-Stim",3,101,NA,-1.37331866852964
"A","trial","RL","DA","Pre-Stim",3,102,NA,-1.01236052625942
"A","trial","RL","DA","Pre-Stim",3,103,NA,-1.95244756199474
"A","trial","RL","DA","Pre-Stim",3,104,NA,-0.390564240619485
"A","trial","RL","DA","Pre-Stim",3,105,NA,-0.986658701710936
"A","trial","RL","5-HT","Post-Stim",3,1,NA,-7.50261913579031
"A","trial","RL","5-HT","Post-Stim",3,2,NA,-8.57987485549805
"A","trial","RL","5-HT","Post-Stim",3,3,NA,9.77053555481304
"A","trial","RL","5-HT","Post-Stim",3,4,NA,-4.55260512869316
"A","trial","RL","5-HT","Post-Stim",3,5,NA,-3.72389841380345
"A","trial","RL","5-HT","Post-Stim",3,6,NA,-4.98047005302727
"A","trial","RL","5-HT","Post-Stim",3,7,NA,-3.3212558127302
"A","trial","RL","5-HT","Post-Stim",3,8,NA,-3.74956867470358
"A","trial","RL","5-HT","Post-Stim",3,9,NA,-4.17376458677098
"A","trial","RL","5-HT","Post-Stim",3,10,NA,4.83954214978759
"A","trial","RL","5-HT","Post-Stim",3,11,NA,1.28576176993147
"A","trial","RL","5-HT","Post-Stim",3,12,NA,-3.14706279365088
"A","trial","RL","5-HT","Post-Stim",3,13,NA,-2.95723690557805
"A","trial","RL","5-HT","Post-Stim",3,14,NA,-9.20265141012716
"A","trial","RL","5-HT","Post-Stim",3,15,NA,-4.1485618993339
"A","trial","RL","5-HT","Post-Stim",3,16,NA,-1.29815615896112
"A","trial","RL","5-HT","Post-Stim",3,17,NA,-1.23126688574445
"A","trial","RL","5-HT","Post-Stim",3,18,NA,-5.67900897056765
"A","trial","RL","5-HT","Post-Stim",3,20,NA,-0.41131335105147
"A","trial","RL","5-HT","Post-Stim",3,21,NA,-8.86126539553666
"A","trial","RL","5-HT","Post-Stim",3,22,NA,2.31033828819293
"A","trial","RL","5-HT","Post-Stim",3,23,NA,-1.1949116279231
"A","trial","RL","5-HT","Post-Stim",3,24,NA,-4.70518506722521
"A","trial","RL","5-HT","Post-Stim",3,25,NA,-0.660725187829522
"A","trial","RL","5-HT","Post-Stim",3,26,NA,-4.57378873473391
"A","trial","RL","5-HT","Post-Stim",3,27,NA,-0.49284165784117
"A","trial","RL","5-HT","Post-Stim",3,28,NA,-4.25126400553801
"A","trial","RL","5-HT","Post-Stim",3,29,NA,-5.91502634897117
"A","trial","RL","5-HT","Post-Stim",3,30,NA,-0.382601816710466
"A","trial","RL","5-HT","Post-Stim",3,31,NA,-3.25586467039546
"A","trial","RL","5-HT","Post-Stim",3,32,NA,-4.6403266467412
"A","trial","RL","5-HT","Post-Stim",3,33,NA,0.0310696664298673
"A","trial","RL","5-HT","Post-Stim",3,34,NA,-1.50103727946375
"A","trial","RL","5-HT","Post-Stim",3,35,NA,-1.971820642981
"A","trial","RL","5-HT","Post-Stim",3,36,NA,5.49762166854644
"A","trial","RL","5-HT","Post-Stim",3,37,NA,-4.30074510853061
"A","trial","RL","5-HT","Post-Stim",3,38,NA,-2.56161250540398
"A","trial","RL","5-HT","Post-Stim",3,39,NA,-0.57557207834854
"A","trial","RL","5-HT","Post-Stim",3,40,NA,-2.83274612930833
"A","trial","RL","5-HT","Post-Stim",3,41,NA,0.121356910903514
"A","trial","RL","5-HT","Post-Stim",3,42,NA,3.20393764724998
"A","trial","RL","5-HT","Post-Stim",3,43,NA,-0.25312121622956
"A","trial","RL","5-HT","Post-Stim",3,44,NA,5.13193867677195
"A","trial","RL","5-HT","Post-Stim",3,45,NA,-4.18954759140603
"A","trial","RL","5-HT","Post-Stim",3,46,NA,-1.04090129631274
"A","trial","RL","5-HT","Post-Stim",3,47,NA,-1.48320725361416
"A","trial","RL","5-HT","Post-Stim",3,48,NA,-3.39055003686035
"A","trial","RL","5-HT","Post-Stim",3,49,NA,1.69791351504041
"A","trial","RL","5-HT","Post-Stim",3,50,NA,-1.54923249615177
"A","trial","RL","5-HT","Post-Stim",3,51,NA,0.993344289108118
"A","trial","RL","5-HT","Post-Stim",3,52,NA,-6.23326378788398
"A","trial","RL","5-HT","Post-Stim",3,53,NA,0.880407039256703
"A","trial","RL","5-HT","Post-Stim",3,54,NA,2.28586772533987
"A","trial","RL","5-HT","Post-Stim",3,55,NA,8.54418000317178
"A","trial","RL","5-HT","Post-Stim",3,56,NA,2.57892016005399
"A","trial","RL","5-HT","Post-Stim",3,57,NA,-4.23102808482768
"A","trial","RL","5-HT","Post-Stim",3,58,NA,-3.0803109805692
"A","trial","RL","5-HT","Post-Stim",3,59,NA,-0.845517771333403
"A","trial","RL","5-HT","Post-Stim",3,60,NA,-0.612977150518604
"A","trial","RL","5-HT","Post-Stim",3,61,NA,2.97806848590839
"A","trial","RL","5-HT","Post-Stim",3,62,NA,-2.26798172635208
"A","trial","RL","5-HT","Post-Stim",3,63,NA,6.48017604809405
"A","trial","RL","5-HT","Post-Stim",3,64,NA,-1.98676937535904
"A","trial","RL","5-HT","Post-Stim",3,65,NA,-0.461221417687611
"A","trial","RL","5-HT","Post-Stim",3,66,NA,3.01325663069233
"A","trial","RL","5-HT","Post-Stim",3,67,NA,5.70938898201433
"A","trial","RL","5-HT","Post-Stim",3,68,NA,0.585041922145428
"A","trial","RL","5-HT","Post-Stim",3,69,NA,-0.321494825432489
"A","trial","RL","5-HT","Post-Stim",3,70,NA,1.24988437027912
"A","trial","RL","5-HT","Post-Stim",3,71,NA,0.160590526817141
"A","trial","RL","5-HT","Post-Stim",3,72,NA,4.80353752441901
"A","trial","RL","5-HT","Post-Stim",3,73,NA,-4.10447894433618
"A","trial","RL","5-HT","Post-Stim",3,74,NA,-4.07126537847407
"A","trial","RL","5-HT","Post-Stim",3,75,NA,-1.25756702418673
"A","trial","RL","5-HT","Post-Stim",3,76,NA,1.64975053780918
"A","trial","RL","5-HT","Post-Stim",3,77,NA,2.35968537107273
"A","trial","RL","5-HT","Post-Stim",3,78,NA,0.993228064923888
"A","trial","RL","5-HT","Post-Stim",3,79,NA,4.54136806988218
"A","trial","RL","5-HT","Post-Stim",3,80,NA,-3.26869621202613
"A","trial","RL","5-HT","Post-Stim",3,81,NA,0.76219232349664
"A","trial","RL","5-HT","Post-Stim",3,82,NA,-2.28120488257913
"A","trial","RL","5-HT","Post-Stim",3,83,NA,2.81785960272746
"A","trial","RL","5-HT","Post-Stim",3,84,NA,-1.20546750304066
"A","trial","RL","5-HT","Post-Stim",3,85,NA,-2.96514692972652
"A","trial","RL","5-HT","Post-Stim",3,86,NA,-5.98851802590576
"A","trial","RL","5-HT","Post-Stim",3,87,NA,7.3355843005615
"A","trial","RL","5-HT","Post-Stim",3,88,NA,-3.95994409062409
"A","trial","RL","5-HT","Post-Stim",3,89,NA,4.52965962998453
"A","trial","RL","5-HT","Post-Stim",3,90,NA,1.45138185925879
"A","trial","RL","5-HT","Post-Stim",3,91,NA,1.55654206430008
"A","trial","RL","5-HT","Post-Stim",3,92,NA,4.19391930063802
"A","trial","RL","5-HT","Post-Stim",3,93,NA,1.09759786881925
"A","trial","RL","5-HT","Post-Stim",3,94,NA,-1.58182516237965
"A","trial","RL","5-HT","Post-Stim",3,95,NA,5.88611161018293
"A","trial","RL","5-HT","Post-Stim",3,96,NA,3.71705909298408
"A","trial","RL","5-HT","Post-Stim",3,97,NA,-5.01608989494702
"A","trial","RL","5-HT","Post-Stim",3,98,NA,-0.850774758312031
"A","trial","RL","5-HT","Post-Stim",3,99,NA,2.91609319011541
"A","trial","RL","5-HT","Post-Stim",3,100,NA,2.22164977067993
"A","trial","RL","5-HT","Post-Stim",3,101,NA,0.558404408201574
"A","trial","RL","5-HT","Post-Stim",3,102,NA,1.25696039175681
"A","trial","RL","5-HT","Post-Stim",3,103,NA,2.33650476299251
"A","trial","RL","5-HT","Post-Stim",3,104,NA,0.397992893773255
"A","trial","RL","5-HT","Post-Stim",3,105,NA,0.082123595339742
"A","trial","RL","DA","Post-Stim",3,1,NA,2.93966296464898
"A","trial","RL","DA","Post-Stim",3,2,NA,3.77084576416098
"A","trial","RL","DA","Post-Stim",3,3,NA,4.19201173878483
"A","trial","RL","DA","Post-Stim",3,4,NA,3.65866918301762
"A","trial","RL","DA","Post-Stim",3,5,NA,4.12020973567532
"A","trial","RL","DA","Post-Stim",3,6,NA,0.891392393220324
"A","trial","RL","DA","Post-Stim",3,7,NA,2.99111288979533
"A","trial","RL","DA","Post-Stim",3,8,NA,3.84483128348184
"A","trial","RL","DA","Post-Stim",3,9,NA,3.89387568139718
"A","trial","RL","DA","Post-Stim",3,10,NA,3.75527102690635
"A","trial","RL","DA","Post-Stim",3,11,NA,1.88889522003522
"A","trial","RL","DA","Post-Stim",3,12,NA,7.08048640539587
"A","trial","RL","DA","Post-Stim",3,13,NA,1.88381355579244
"A","trial","RL","DA","Post-Stim",3,14,NA,8.38216147387451
"A","trial","RL","DA","Post-Stim",3,15,NA,2.29681975319006
"A","trial","RL","DA","Post-Stim",3,16,NA,3.79701881547829
"A","trial","RL","DA","Post-Stim",3,17,NA,3.77699921199668
"A","trial","RL","DA","Post-Stim",3,18,NA,3.26423458746079
"A","trial","RL","DA","Post-Stim",3,20,NA,2.11320744165894
"A","trial","RL","DA","Post-Stim",3,21,NA,4.03907388727957
"A","trial","RL","DA","Post-Stim",3,22,NA,4.86887080469342
"A","trial","RL","DA","Post-Stim",3,23,NA,7.04487417950045
"A","trial","RL","DA","Post-Stim",3,24,NA,5.61033086115744
"A","trial","RL","DA","Post-Stim",3,25,NA,5.59259066053645
"A","trial","RL","DA","Post-Stim",3,26,NA,4.75317282399048
"A","trial","RL","DA","Post-Stim",3,27,NA,2.86068654376797
"A","trial","RL","DA","Post-Stim",3,28,NA,4.46682515480581
"A","trial","RL","DA","Post-Stim",3,29,NA,3.25061694318951
"A","trial","RL","DA","Post-Stim",3,30,NA,5.22488563404903
"A","trial","RL","DA","Post-Stim",3,31,NA,5.2122846128435
"A","trial","RL","DA","Post-Stim",3,32,NA,2.94802748585714
"A","trial","RL","DA","Post-Stim",3,33,NA,8.09742193066664
"A","trial","RL","DA","Post-Stim",3,34,NA,1.77790526065666
"A","trial","RL","DA","Post-Stim",3,35,NA,5.14953765618238
"A","trial","RL","DA","Post-Stim",3,36,NA,7.59223867316778
"A","trial","RL","DA","Post-Stim",3,37,NA,6.5997371517991
"A","trial","RL","DA","Post-Stim",3,38,NA,4.25820765284486
"A","trial","RL","DA","Post-Stim",3,39,NA,4.97239096065264
"A","trial","RL","DA","Post-Stim",3,40,NA,3.07562393829386
"A","trial","RL","DA","Post-Stim",3,41,NA,5.64042861584072
"A","trial","RL","DA","Post-Stim",3,42,NA,2.52367513840746
"A","trial","RL","DA","Post-Stim",3,43,NA,5.47129998539875
"A","trial","RL","DA","Post-Stim",3,44,NA,3.48218597889594
"A","trial","RL","DA","Post-Stim",3,45,NA,5.38877819517834
"A","trial","RL","DA","Post-Stim",3,46,NA,5.67820103430079
"A","trial","RL","DA","Post-Stim",3,47,NA,4.4667148483729
"A","trial","RL","DA","Post-Stim",3,48,NA,3.77301354276853
"A","trial","RL","DA","Post-Stim",3,49,NA,3.84558999731268
"A","trial","RL","DA","Post-Stim",3,50,NA,6.49112178288739
"A","trial","RL","DA","Post-Stim",3,51,NA,3.63797474469199
"A","trial","RL","DA","Post-Stim",3,52,NA,6.72074418219244
"A","trial","RL","DA","Post-Stim",3,53,NA,10.3276858303178
"A","trial","RL","DA","Post-Stim",3,54,NA,5.46585941681422
"A","trial","RL","DA","Post-Stim",3,55,NA,5.32104613554943
"A","trial","RL","DA","Post-Stim",3,56,NA,6.14340530784469
"A","trial","RL","DA","Post-Stim",3,57,NA,8.19484765360526
"A","trial","RL","DA","Post-Stim",3,58,NA,4.091652515979
"A","trial","RL","DA","Post-Stim",3,59,NA,6.42860278283751
"A","trial","RL","DA","Post-Stim",3,60,NA,5.45161843971763
"A","trial","RL","DA","Post-Stim",3,61,NA,3.40299089928426
"A","trial","RL","DA","Post-Stim",3,62,NA,3.99940537621896
"A","trial","RL","DA","Post-Stim",3,63,NA,7.93534771082307
"A","trial","RL","DA","Post-Stim",3,64,NA,6.21920919799725
"A","trial","RL","DA","Post-Stim",3,65,NA,4.67891171860845
"A","trial","RL","DA","Post-Stim",3,66,NA,5.43094956719791
"A","trial","RL","DA","Post-Stim",3,67,NA,5.2901944819557
"A","trial","RL","DA","Post-Stim",3,68,NA,3.59657669634074
"A","trial","RL","DA","Post-Stim",3,69,NA,9.42562927638407
"A","trial","RL","DA","Post-Stim",3,70,NA,5.00017573348683
"A","trial","RL","DA","Post-Stim",3,71,NA,7.53950723870657
"A","trial","RL","DA","Post-Stim",3,72,NA,6.38762323412228
"A","trial","RL","DA","Post-Stim",3,73,NA,6.35267586964378
"A","trial","RL","DA","Post-Stim",3,74,NA,5.63583693113774
"A","trial","RL","DA","Post-Stim",3,75,NA,6.95732449191614
"A","trial","RL","DA","Post-Stim",3,76,NA,2.7228444502103
"A","trial","RL","DA","Post-Stim",3,77,NA,4.60832883973613
"A","trial","RL","DA","Post-Stim",3,78,NA,7.75515763554963
"A","trial","RL","DA","Post-Stim",3,79,NA,4.26077879796944
"A","trial","RL","DA","Post-Stim",3,80,NA,3.39103509778151
"A","trial","RL","DA","Post-Stim",3,81,NA,10.4302041675989
"A","trial","RL","DA","Post-Stim",3,82,NA,4.26102603497514
"A","trial","RL","DA","Post-Stim",3,83,NA,5.79291277863325
"A","trial","RL","DA","Post-Stim",3,84,NA,5.83004051219633
"A","trial","RL","DA","Post-Stim",3,85,NA,6.26964653322306
"A","trial","RL","DA","Post-Stim",3,86,NA,4.46072635920223
"A","trial","RL","DA","Post-Stim",3,87,NA,6.30643494442041
"A","trial","RL","DA","Post-Stim",3,88,NA,5.96270173953008
"A","trial","RL","DA","Post-Stim",3,89,NA,5.40244180399453
"A","trial","RL","DA","Post-Stim",3,90,NA,9.07114215777866
"A","trial","RL","DA","Post-Stim",3,91,NA,4.54251491519677
"A","trial","RL","DA","Post-Stim",3,92,NA,4.47215172228812
"A","trial","RL","DA","Post-Stim",3,93,NA,4.11702768888516
"A","trial","RL","DA","Post-Stim",3,94,NA,7.67133768814226
"A","trial","RL","DA","Post-Stim",3,95,NA,8.28642252732862
"A","trial","RL","DA","Post-Stim",3,96,NA,5.78646818450758
"A","trial","RL","DA","Post-Stim",3,97,NA,10.3035405277604
"A","trial","RL","DA","Post-Stim",3,98,NA,3.7227602132121
"A","trial","RL","DA","Post-Stim",3,99,NA,8.85258949375189
"A","trial","RL","DA","Post-Stim",3,100,NA,5.54970686811047
"A","trial","RL","DA","Post-Stim",3,101,NA,4.74123267317948
"A","trial","RL","DA","Post-Stim",3,102,NA,5.91168499428568
"A","trial","RL","DA","Post-Stim",3,103,NA,6.85738178875761
"A","trial","RL","DA","Post-Stim",3,104,NA,5.36442640566591
"A","trial","RL","DA","Post-Stim",3,105,NA,3.96874456416372
"A","trial","RL","5-HT","Pre-Stim",4,1,NA,-7.88992262546432
"A","trial","RL","5-HT","Pre-Stim",4,2,NA,-7.43913451260733
"A","trial","RL","5-HT","Pre-Stim",4,3,NA,-7.80437842996422
"A","trial","RL","5-HT","Pre-Stim",4,4,NA,-9.42086422892138
"A","trial","RL","5-HT","Pre-Stim",4,5,NA,-8.79257091651618
"A","trial","RL","5-HT","Pre-Stim",4,6,NA,-8.08294926642546
"A","trial","RL","5-HT","Pre-Stim",4,7,NA,-9.18797821060196
"A","trial","RL","5-HT","Pre-Stim",4,8,NA,-6.97700922558878
"A","trial","RL","5-HT","Pre-Stim",4,9,NA,-7.29679341802385
"A","trial","RL","5-HT","Pre-Stim",4,10,NA,-6.23702200504845
"A","trial","RL","5-HT","Pre-Stim",4,11,NA,-7.22007866168253
"A","trial","RL","5-HT","Pre-Stim",4,12,NA,-6.8534696511331
"A","trial","RL","5-HT","Pre-Stim",4,13,NA,-6.53399113616009
"A","trial","RL","5-HT","Pre-Stim",4,14,NA,-6.41798825214866
"A","trial","RL","5-HT","Pre-Stim",4,15,NA,-6.84661510567471
"A","trial","RL","5-HT","Pre-Stim",4,16,NA,-6.62456778419524
"A","trial","RL","5-HT","Pre-Stim",4,17,NA,-7.89077908848569
"A","trial","RL","5-HT","Pre-Stim",4,18,NA,-7.44068365497727
"A","trial","RL","5-HT","Pre-Stim",4,19,NA,-7.55929368207027
"A","trial","RL","5-HT","Pre-Stim",4,20,NA,-8.08733264947727
"A","trial","RL","5-HT","Pre-Stim",4,21,NA,-5.90171354095716
"A","trial","RL","5-HT","Pre-Stim",4,22,NA,-6.12340284171494
"A","trial","RL","5-HT","Pre-Stim",4,23,NA,-5.69301703345555
"A","trial","RL","5-HT","Pre-Stim",4,24,NA,-6.00078643780692
"A","trial","RL","5-HT","Pre-Stim",4,25,NA,-6.63888147020302
"A","trial","RL","5-HT","Pre-Stim",4,26,NA,-7.30260654192477
"A","trial","RL","5-HT","Pre-Stim",4,27,NA,-6.04622519257311
"A","trial","RL","5-HT","Pre-Stim",4,28,NA,-9.21916465027698
"A","trial","RL","5-HT","Pre-Stim",4,29,NA,-7.87076809096011
"A","trial","RL","5-HT","Pre-Stim",4,30,NA,-6.38397368726899
"A","trial","RL","5-HT","Pre-Stim",4,31,NA,-6.308135240805
"A","trial","RL","5-HT","Pre-Stim",4,32,NA,-6.44551709165445
"A","trial","RL","5-HT","Pre-Stim",4,33,NA,-4.80819638822481
"A","trial","RL","5-HT","Pre-Stim",4,34,NA,-6.80263327326772
"A","trial","RL","5-HT","Pre-Stim",4,35,NA,-4.76586473094359
"A","trial","RL","5-HT","Pre-Stim",4,36,NA,-7.15108473168427
"A","trial","RL","5-HT","Pre-Stim",4,37,NA,-7.0136646157175
"A","trial","RL","5-HT","Pre-Stim",4,38,NA,-3.85733339677784
"A","trial","RL","5-HT","Pre-Stim",4,39,NA,-7.51830300388166
"A","trial","RL","5-HT","Pre-Stim",4,40,NA,-7.10402433766022
"A","trial","RL","5-HT","Pre-Stim",4,41,NA,-5.32626311518362
"A","trial","RL","5-HT","Pre-Stim",4,42,NA,-7.20417466312905
"A","trial","RL","5-HT","Pre-Stim",4,43,NA,-5.35183316417735
"A","trial","RL","5-HT","Pre-Stim",4,44,NA,-6.72621754394399
"A","trial","RL","5-HT","Pre-Stim",4,45,NA,-5.91655204282875
"A","trial","RL","5-HT","Pre-Stim",4,46,NA,-7.34009085624486
"A","trial","RL","5-HT","Pre-Stim",4,47,NA,-5.57735959299952
"A","trial","RL","5-HT","Pre-Stim",4,48,NA,-5.16379684772442
"A","trial","RL","5-HT","Pre-Stim",4,49,NA,-5.53395727076789
"A","trial","RL","5-HT","Pre-Stim",4,50,NA,-5.85750870736011
"A","trial","RL","5-HT","Pre-Stim",4,51,NA,-3.9254673253283
"A","trial","RL","5-HT","Pre-Stim",4,52,NA,-4.97084037548703
"A","trial","RL","5-HT","Pre-Stim",4,53,NA,-3.74693828076528
"A","trial","RL","5-HT","Pre-Stim",4,54,NA,-5.35908964263683
"A","trial","RL","5-HT","Pre-Stim",4,55,NA,-6.33577403227892
"A","trial","RL","5-HT","Pre-Stim",4,56,NA,-5.09879216038234
"A","trial","RL","5-HT","Pre-Stim",4,57,NA,-6.39264225764309
"A","trial","RL","5-HT","Pre-Stim",4,58,NA,-7.47779481516901
"A","trial","RL","5-HT","Pre-Stim",4,59,NA,-5.03761074981275
"A","trial","RL","5-HT","Pre-Stim",4,60,NA,-5.52376481204273
"A","trial","RL","5-HT","Pre-Stim",4,61,NA,-5.72198507753276
"A","trial","RL","5-HT","Pre-Stim",4,62,NA,-5.31270510506682
"A","trial","RL","5-HT","Pre-Stim",4,63,NA,-6.04657063213265
"A","trial","RL","5-HT","Pre-Stim",4,64,NA,-5.35860927918734
"A","trial","RL","5-HT","Pre-Stim",4,65,NA,-4.97482931725624
"A","trial","RL","5-HT","Pre-Stim",4,66,NA,-5.87457211826387
"A","trial","RL","5-HT","Pre-Stim",4,67,NA,-4.94403818043244
"A","trial","RL","5-HT","Pre-Stim",4,68,NA,-5.37643727759512
"A","trial","RL","5-HT","Pre-Stim",4,69,NA,-4.82206103898864
"A","trial","RL","5-HT","Pre-Stim",4,70,NA,-6.04825441069728
"A","trial","RL","5-HT","Pre-Stim",4,71,NA,-4.34178708735671
"A","trial","RL","5-HT","Pre-Stim",4,72,NA,-5.203511615282
"A","trial","RL","5-HT","Pre-Stim",4,73,NA,-4.51544607830349
"A","trial","RL","5-HT","Pre-Stim",4,74,NA,-4.41887859367156
"A","trial","RL","5-HT","Pre-Stim",4,75,NA,-4.12745652246737
"A","trial","RL","5-HT","Pre-Stim",4,76,NA,-3.95848594144861
"A","trial","RL","5-HT","Pre-Stim",4,77,NA,-5.48214471918606
"A","trial","RL","5-HT","Pre-Stim",4,78,NA,-3.04710584252575
"A","trial","RL","5-HT","Pre-Stim",4,79,NA,-3.55114816283962
"A","trial","RL","5-HT","Pre-Stim",4,80,NA,-3.64394470664261
"A","trial","RL","5-HT","Pre-Stim",4,81,NA,-4.83181757479357
"A","trial","RL","5-HT","Pre-Stim",4,82,NA,-3.65120692175218
"A","trial","RL","5-HT","Pre-Stim",4,83,NA,-5.83136412927049
"A","trial","RL","5-HT","Pre-Stim",4,84,NA,-4.88595466039366
"A","trial","RL","5-HT","Pre-Stim",4,85,NA,-4.40618425555149
"A","trial","RL","5-HT","Pre-Stim",4,86,NA,-5.02972835598578
"A","trial","RL","5-HT","Pre-Stim",4,87,NA,-3.63308785125968
"A","trial","RL","5-HT","Pre-Stim",4,88,NA,-4.39647665013074
"A","trial","RL","5-HT","Pre-Stim",4,89,NA,-3.64887347599209
"A","trial","RL","5-HT","Pre-Stim",4,90,NA,-5.07981638349719
"A","trial","RL","5-HT","Pre-Stim",4,91,NA,-3.97599125763226
"A","trial","RL","5-HT","Pre-Stim",4,92,NA,-4.01118059460682
"A","trial","RL","5-HT","Pre-Stim",4,93,NA,-3.88545342219144
"A","trial","RL","5-HT","Pre-Stim",4,94,NA,-3.43400419625509
"A","trial","RL","5-HT","Pre-Stim",4,95,NA,-4.51802921671972
"A","trial","RL","5-HT","Pre-Stim",4,96,NA,-4.44045918574561
"A","trial","RL","5-HT","Pre-Stim",4,97,NA,-5.08241006144991
"A","trial","RL","5-HT","Pre-Stim",4,98,NA,-4.7639057435085
"A","trial","RL","5-HT","Pre-Stim",4,99,NA,-4.0504369487833
"A","trial","RL","5-HT","Pre-Stim",4,100,NA,-3.10651706096446
"A","trial","RL","5-HT","Pre-Stim",4,101,NA,-4.17776192384353
"A","trial","RL","5-HT","Pre-Stim",4,102,NA,-2.25090505390884
"A","trial","RL","5-HT","Pre-Stim",4,103,NA,-3.60607099622145
"A","trial","RL","5-HT","Pre-Stim",4,104,NA,-4.90232579733428
"A","trial","RL","5-HT","Pre-Stim",4,105,NA,-3.28439915172491
"A","trial","RL","DA","Pre-Stim",4,1,NA,6.04734669079759
"A","trial","RL","DA","Pre-Stim",4,2,NA,1.48377602078559
"A","trial","RL","DA","Pre-Stim",4,3,NA,6.88491150562008
"A","trial","RL","DA","Pre-Stim",4,4,NA,5.11697636842449
"A","trial","RL","DA","Pre-Stim",4,5,NA,5.38468672912889
"A","trial","RL","DA","Pre-Stim",4,6,NA,6.2760350339696
"A","trial","RL","DA","Pre-Stim",4,7,NA,6.33678347474357
"A","trial","RL","DA","Pre-Stim",4,8,NA,5.10072599296574
"A","trial","RL","DA","Pre-Stim",4,9,NA,5.61954290540019
"A","trial","RL","DA","Pre-Stim",4,10,NA,4.21508105992559
"A","trial","RL","DA","Pre-Stim",4,11,NA,4.04311630266873
"A","trial","RL","DA","Pre-Stim",4,12,NA,5.25504958043884
"A","trial","RL","DA","Pre-Stim",4,13,NA,3.70321867306784
"A","trial","RL","DA","Pre-Stim",4,14,NA,5.71903247742635
"A","trial","RL","DA","Pre-Stim",4,15,NA,5.19176283687187
"A","trial","RL","DA","Pre-Stim",4,16,NA,5.69331225649349
"A","trial","RL","DA","Pre-Stim",4,17,NA,5.82845862820404
"A","trial","RL","DA","Pre-Stim",4,18,NA,4.6287676245529
"A","trial","RL","DA","Pre-Stim",4,19,NA,5.13047619432023
"A","trial","RL","DA","Pre-Stim",4,20,NA,5.99514214571419
"A","trial","RL","DA","Pre-Stim",4,21,NA,5.46174193670984
"A","trial","RL","DA","Pre-Stim",4,22,NA,5.53322794427602
"A","trial","RL","DA","Pre-Stim",4,23,NA,5.78742273454116
"A","trial","RL","DA","Pre-Stim",4,24,NA,7.17037974377904
"A","trial","RL","DA","Pre-Stim",4,25,NA,4.90530944743673
"A","trial","RL","DA","Pre-Stim",4,26,NA,3.45920202443521
"A","trial","RL","DA","Pre-Stim",4,27,NA,6.94358300965255
"A","trial","RL","DA","Pre-Stim",4,28,NA,4.58243412604451
"A","trial","RL","DA","Pre-Stim",4,29,NA,5.32765163733571
"A","trial","RL","DA","Pre-Stim",4,30,NA,5.24034765475322
"A","trial","RL","DA","Pre-Stim",4,31,NA,4.95530762834502
"A","trial","RL","DA","Pre-Stim",4,32,NA,4.58218786090039
"A","trial","RL","DA","Pre-Stim",4,33,NA,5.50015725461664
"A","trial","RL","DA","Pre-Stim",4,34,NA,6.07515521158501
"A","trial","RL","DA","Pre-Stim",4,35,NA,5.15327979550063
"A","trial","RL","DA","Pre-Stim",4,36,NA,5.14977711529351
"A","trial","RL","DA","Pre-Stim",4,37,NA,5.44143549140304
"A","trial","RL","DA","Pre-Stim",4,38,NA,4.68350780435681
"A","trial","RL","DA","Pre-Stim",4,39,NA,6.05980041562493
"A","trial","RL","DA","Pre-Stim",4,40,NA,5.4461912017428
"A","trial","RL","DA","Pre-Stim",4,41,NA,5.81526038778158
"A","trial","RL","DA","Pre-Stim",4,42,NA,5.02004457752918
"A","trial","RL","DA","Pre-Stim",4,43,NA,6.228749257537
"A","trial","RL","DA","Pre-Stim",4,44,NA,5.56486488939631
"A","trial","RL","DA","Pre-Stim",4,45,NA,5.66133632391008
"A","trial","RL","DA","Pre-Stim",4,46,NA,4.82584185953122
"A","trial","RL","DA","Pre-Stim",4,47,NA,7.62050325689426
"A","trial","RL","DA","Pre-Stim",4,48,NA,5.63560468798316
"A","trial","RL","DA","Pre-Stim",4,49,NA,4.85152591786998
"A","trial","RL","DA","Pre-Stim",4,50,NA,4.81383238299221
"A","trial","RL","DA","Pre-Stim",4,51,NA,5.64913739005963
"A","trial","RL","DA","Pre-Stim",4,52,NA,3.8248796485189
"A","trial","RL","DA","Pre-Stim",4,53,NA,6.45549273036444
"A","trial","RL","DA","Pre-Stim",4,54,NA,5.60572886043329
"A","trial","RL","DA","Pre-Stim",4,55,NA,6.56351997012342
"A","trial","RL","DA","Pre-Stim",4,56,NA,5.72677337313828
"A","trial","RL","DA","Pre-Stim",4,57,NA,4.82220426749969
"A","trial","RL","DA","Pre-Stim",4,58,NA,5.34325093013639
"A","trial","RL","DA","Pre-Stim",4,59,NA,5.51757105096116
"A","trial","RL","DA","Pre-Stim",4,60,NA,7.19723065069318
"A","trial","RL","DA","Pre-Stim",4,61,NA,6.09965128553368
"A","trial","RL","DA","Pre-Stim",4,62,NA,3.67796066438379
"A","trial","RL","DA","Pre-Stim",4,63,NA,5.21899513372786
"A","trial","RL","DA","Pre-Stim",4,64,NA,6.8893162306725
"A","trial","RL","DA","Pre-Stim",4,65,NA,6.27655493133203
"A","trial","RL","DA","Pre-Stim",4,66,NA,6.32475925734422
"A","trial","RL","DA","Pre-Stim",4,67,NA,4.83593847920503
"A","trial","RL","DA","Pre-Stim",4,68,NA,5.492531306937
"A","trial","RL","DA","Pre-Stim",4,69,NA,5.86581917464129
"A","trial","RL","DA","Pre-Stim",4,70,NA,7.45086479099626
"A","trial","RL","DA","Pre-Stim",4,71,NA,6.25345164228324
"A","trial","RL","DA","Pre-Stim",4,72,NA,6.02733595279778
"A","trial","RL","DA","Pre-Stim",4,73,NA,6.01401988746395
"A","trial","RL","DA","Pre-Stim",4,74,NA,7.23925582892425
"A","trial","RL","DA","Pre-Stim",4,75,NA,6.35937520465924
"A","trial","RL","DA","Pre-Stim",4,76,NA,6.18835843269731
"A","trial","RL","DA","Pre-Stim",4,77,NA,6.01782859471605
"A","trial","RL","DA","Pre-Stim",4,78,NA,7.56091173057993
"A","trial","RL","DA","Pre-Stim",4,79,NA,3.8907207864665
"A","trial","RL","DA","Pre-Stim",4,80,NA,4.92874965094913
"A","trial","RL","DA","Pre-Stim",4,81,NA,6.48086386979499
"A","trial","RL","DA","Pre-Stim",4,82,NA,6.31094775114271
"A","trial","RL","DA","Pre-Stim",4,83,NA,4.85860700553763
"A","trial","RL","DA","Pre-Stim",4,84,NA,5.17965353233385
"A","trial","RL","DA","Pre-Stim",4,85,NA,6.0361909408403
"A","trial","RL","DA","Pre-Stim",4,86,NA,1.41339589347942
"A","trial","RL","DA","Pre-Stim",4,87,NA,7.10345927908285
"A","trial","RL","DA","Pre-Stim",4,88,NA,6.22739444728477
"A","trial","RL","DA","Pre-Stim",4,89,NA,4.97858655389277
"A","trial","RL","DA","Pre-Stim",4,90,NA,5.96670740237037
"A","trial","RL","DA","Pre-Stim",4,91,NA,4.99925533241804
"A","trial","RL","DA","Pre-Stim",4,92,NA,5.57322464892305
"A","trial","RL","DA","Pre-Stim",4,93,NA,6.24590207217913
"A","trial","RL","DA","Pre-Stim",4,94,NA,6.89785089928394
"A","trial","RL","DA","Pre-Stim",4,95,NA,5.30812953778337
"A","trial","RL","DA","Pre-Stim",4,96,NA,5.41780335495299
"A","trial","RL","DA","Pre-Stim",4,97,NA,7.35571447133229
"A","trial","RL","DA","Pre-Stim",4,98,NA,6.27176578759689
"A","trial","RL","DA","Pre-Stim",4,99,NA,7.84416022229379
"A","trial","RL","DA","Pre-Stim",4,100,NA,7.27840104434691
"A","trial","RL","DA","Pre-Stim",4,101,NA,7.41045700977375
"A","trial","RL","DA","Pre-Stim",4,102,NA,5.50828140978707
"A","trial","RL","DA","Pre-Stim",4,103,NA,7.16122207539536
"A","trial","RL","DA","Pre-Stim",4,104,NA,5.8132208233234
"A","trial","RL","DA","Pre-Stim",4,105,NA,6.53032520071793
"A","trial","RL","5-HT","Post-Stim",4,1,NA,4.62294828408672
"A","trial","RL","5-HT","Post-Stim",4,2,NA,6.78542689817136
"A","trial","RL","5-HT","Post-Stim",4,3,NA,6.86424685256141
"A","trial","RL","5-HT","Post-Stim",4,4,NA,6.74712391949508
"A","trial","RL","5-HT","Post-Stim",4,5,NA,7.39299488742708
"A","trial","RL","5-HT","Post-Stim",4,6,NA,5.84341759680862
"A","trial","RL","5-HT","Post-Stim",4,7,NA,8.08393784530357
"A","trial","RL","5-HT","Post-Stim",4,8,NA,6.57991681977669
"A","trial","RL","5-HT","Post-Stim",4,9,NA,7.54995048304723
"A","trial","RL","5-HT","Post-Stim",4,10,NA,7.93295412793469
"A","trial","RL","5-HT","Post-Stim",4,11,NA,6.29305995262582
"A","trial","RL","5-HT","Post-Stim",4,12,NA,7.42559140796965
"A","trial","RL","5-HT","Post-Stim",4,13,NA,5.59028351400153
"A","trial","RL","5-HT","Post-Stim",4,14,NA,5.81630509289188
"A","trial","RL","5-HT","Post-Stim",4,15,NA,8.23158214055073
"A","trial","RL","5-HT","Post-Stim",4,16,NA,6.31390977463991
"A","trial","RL","5-HT","Post-Stim",4,17,NA,6.15116356658681
"A","trial","RL","5-HT","Post-Stim",4,18,NA,6.74905913555624
"A","trial","RL","5-HT","Post-Stim",4,19,NA,7.37008603410147
"A","trial","RL","5-HT","Post-Stim",4,20,NA,8.94916344130417
"A","trial","RL","5-HT","Post-Stim",4,21,NA,5.92178041521383
"A","trial","RL","5-HT","Post-Stim",4,22,NA,6.73912249930635
"A","trial","RL","5-HT","Post-Stim",4,23,NA,7.45756361012535
"A","trial","RL","5-HT","Post-Stim",4,24,NA,6.29845662186827
"A","trial","RL","5-HT","Post-Stim",4,25,NA,6.57138052160375
"A","trial","RL","5-HT","Post-Stim",4,26,NA,8.20300507020463
"A","trial","RL","5-HT","Post-Stim",4,27,NA,6.28007649192996
"A","trial","RL","5-HT","Post-Stim",4,28,NA,7.45454596686525
"A","trial","RL","5-HT","Post-Stim",4,29,NA,8.50433797143027
"A","trial","RL","5-HT","Post-Stim",4,30,NA,8.32647373286257
"A","trial","RL","5-HT","Post-Stim",4,31,NA,7.41702909279452
"A","trial","RL","5-HT","Post-Stim",4,32,NA,3.25194305238473
"A","trial","RL","5-HT","Post-Stim",4,33,NA,4.9458673095235
"A","trial","RL","5-HT","Post-Stim",4,34,NA,2.5702575315974
"A","trial","RL","5-HT","Post-Stim",4,35,NA,3.69070943595966
"A","trial","RL","5-HT","Post-Stim",4,36,NA,5.01374503879245
"A","trial","RL","5-HT","Post-Stim",4,37,NA,4.42923621924356
"A","trial","RL","5-HT","Post-Stim",4,38,NA,6.26496788022612
"A","trial","RL","5-HT","Post-Stim",4,39,NA,7.00922209993579
"A","trial","RL","5-HT","Post-Stim",4,40,NA,1.43930781638788
"A","trial","RL","5-HT","Post-Stim",4,41,NA,2.5328813894101
"A","trial","RL","5-HT","Post-Stim",4,42,NA,3.34774782308714
"A","trial","RL","5-HT","Post-Stim",4,43,NA,4.9068635312746
"A","trial","RL","5-HT","Post-Stim",4,44,NA,5.93986413872142
"A","trial","RL","5-HT","Post-Stim",4,45,NA,0.384839823690473
"A","trial","RL","5-HT","Post-Stim",4,46,NA,6.04410355517322
"A","trial","RL","5-HT","Post-Stim",4,47,NA,2.39856379232293
"A","trial","RL","5-HT","Post-Stim",4,48,NA,5.39261078275366
"A","trial","RL","5-HT","Post-Stim",4,49,NA,2.73022719291731
"A","trial","RL","5-HT","Post-Stim",4,50,NA,5.26884074344725
"A","trial","RL","5-HT","Post-Stim",4,51,NA,5.90585177682401
"A","trial","RL","5-HT","Post-Stim",4,52,NA,5.5988364645747
"A","trial","RL","5-HT","Post-Stim",4,53,NA,6.31837107406343
"A","trial","RL","5-HT","Post-Stim",4,54,NA,1.80671656035666
"A","trial","RL","5-HT","Post-Stim",4,55,NA,7.62642580647489
"A","trial","RL","5-HT","Post-Stim",4,56,NA,3.93582675004434
"A","trial","RL","5-HT","Post-Stim",4,57,NA,6.523735789438
"A","trial","RL","5-HT","Post-Stim",4,58,NA,7.83762933790241
"A","trial","RL","5-HT","Post-Stim",4,59,NA,5.62089597374554
"A","trial","RL","5-HT","Post-Stim",4,60,NA,9.4829194806975
"A","trial","RL","5-HT","Post-Stim",4,61,NA,7.74547894957756
"A","trial","RL","5-HT","Post-Stim",4,62,NA,8.27480346098798
"A","trial","RL","5-HT","Post-Stim",4,63,NA,4.99621624756699
"A","trial","RL","5-HT","Post-Stim",4,64,NA,3.80020041785961
"A","trial","RL","5-HT","Post-Stim",4,65,NA,-3.5247866634325
"A","trial","RL","5-HT","Post-Stim",4,66,NA,-0.0490527519938361
"A","trial","RL","5-HT","Post-Stim",4,67,NA,1.09260062022669
"A","trial","RL","5-HT","Post-Stim",4,68,NA,0.519748109578073
"A","trial","RL","5-HT","Post-Stim",4,69,NA,3.63260410625251
"A","trial","RL","5-HT","Post-Stim",4,70,NA,5.90677960070893
"A","trial","RL","5-HT","Post-Stim",4,71,NA,3.54710465970129
"A","trial","RL","5-HT","Post-Stim",4,72,NA,5.24345781444955
"A","trial","RL","5-HT","Post-Stim",4,73,NA,5.21651235438107
"A","trial","RL","5-HT","Post-Stim",4,74,NA,4.60591130421546
"A","trial","RL","5-HT","Post-Stim",4,75,NA,6.79946082654274
"A","trial","RL","5-HT","Post-Stim",4,76,NA,8.85435491356267
"A","trial","RL","5-HT","Post-Stim",4,77,NA,2.52883797696947
"A","trial","RL","5-HT","Post-Stim",4,78,NA,7.15814584117926
"A","trial","RL","5-HT","Post-Stim",4,79,NA,7.81129992230046
"A","trial","RL","5-HT","Post-Stim",4,80,NA,6.68964966435689
"A","trial","RL","5-HT","Post-Stim",4,81,NA,7.38117951809702
"A","trial","RL","5-HT","Post-Stim",4,82,NA,3.79223883200994
"A","trial","RL","5-HT","Post-Stim",4,83,NA,1.63687319643609
"A","trial","RL","5-HT","Post-Stim",4,84,NA,2.90292008745949
"A","trial","RL","5-HT","Post-Stim",4,85,NA,4.7721917211995
"A","trial","RL","5-HT","Post-Stim",4,86,NA,-0.944307420830217
"A","trial","RL","5-HT","Post-Stim",4,87,NA,3.32286181124301
"A","trial","RL","5-HT","Post-Stim",4,88,NA,1.16906431844107
"A","trial","RL","5-HT","Post-Stim",4,89,NA,5.30753576275514
"A","trial","RL","5-HT","Post-Stim",4,90,NA,6.61452054419955
"A","trial","RL","5-HT","Post-Stim",4,91,NA,4.65052485362725
"A","trial","RL","5-HT","Post-Stim",4,92,NA,7.46835657662013
"A","trial","RL","5-HT","Post-Stim",4,93,NA,7.78938161431381
"A","trial","RL","5-HT","Post-Stim",4,94,NA,6.60464601019963
"A","trial","RL","5-HT","Post-Stim",4,95,NA,7.1752149647222
"A","trial","RL","5-HT","Post-Stim",4,96,NA,5.93747466389814
"A","trial","RL","5-HT","Post-Stim",4,97,NA,9.89239939270641
"A","trial","RL","5-HT","Post-Stim",4,98,NA,7.94367504798606
"A","trial","RL","5-HT","Post-Stim",4,99,NA,6.39838461815446
"A","trial","RL","5-HT","Post-Stim",4,100,NA,3.61672297779434
"A","trial","RL","5-HT","Post-Stim",4,101,NA,3.30860551743575
"A","trial","RL","5-HT","Post-Stim",4,102,NA,5.60306405199622
"A","trial","RL","5-HT","Post-Stim",4,103,NA,5.48547939322199
"A","trial","RL","5-HT","Post-Stim",4,104,NA,6.73830609826594
"A","trial","RL","5-HT","Post-Stim",4,105,NA,5.50898893610162
"A","trial","RL","DA","Post-Stim",4,1,NA,-6.26159948218482
"A","trial","RL","DA","Post-Stim",4,2,NA,-7.62756103204439
"A","trial","RL","DA","Post-Stim",4,3,NA,-7.06225766122482
"A","trial","RL","DA","Post-Stim",4,4,NA,-8.38338695880629
"A","trial","RL","DA","Post-Stim",4,5,NA,-5.3190030136824
"A","trial","RL","DA","Post-Stim",4,6,NA,-7.59742135524381
"A","trial","RL","DA","Post-Stim",4,7,NA,-6.37010046853449
"A","trial","RL","DA","Post-Stim",4,8,NA,-7.70845735587332
"A","trial","RL","DA","Post-Stim",4,9,NA,-7.5024273616861
"A","trial","RL","DA","Post-Stim",4,10,NA,-4.05786686065177
"A","trial","RL","DA","Post-Stim",4,11,NA,-5.3445771751592
"A","trial","RL","DA","Post-Stim",4,12,NA,-7.60238863296954
"A","trial","RL","DA","Post-Stim",4,13,NA,-5.40190203094044
"A","trial","RL","DA","Post-Stim",4,14,NA,-5.63252540985831
"A","trial","RL","DA","Post-Stim",4,15,NA,-5.46039213638806
"A","trial","RL","DA","Post-Stim",4,16,NA,-7.02834824418925
"A","trial","RL","DA","Post-Stim",4,17,NA,-6.29154393905085
"A","trial","RL","DA","Post-Stim",4,18,NA,-7.76584992140442
"A","trial","RL","DA","Post-Stim",4,19,NA,-6.17553907936728
"A","trial","RL","DA","Post-Stim",4,20,NA,-6.65887992004482
"A","trial","RL","DA","Post-Stim",4,21,NA,-6.40134769449326
"A","trial","RL","DA","Post-Stim",4,22,NA,-5.98797747642723
"A","trial","RL","DA","Post-Stim",4,23,NA,-5.89827976910259
"A","trial","RL","DA","Post-Stim",4,24,NA,-5.83419311413732
"A","trial","RL","DA","Post-Stim",4,25,NA,-5.63101949466236
"A","trial","RL","DA","Post-Stim",4,26,NA,-6.92254612386561
"A","trial","RL","DA","Post-Stim",4,27,NA,-5.95919879143144
"A","trial","RL","DA","Post-Stim",4,28,NA,-7.22711043780542
"A","trial","RL","DA","Post-Stim",4,29,NA,-5.98241634312317
"A","trial","RL","DA","Post-Stim",4,30,NA,-6.04861687257595
"A","trial","RL","DA","Post-Stim",4,31,NA,-6.19795713107911
"A","trial","RL","DA","Post-Stim",4,32,NA,-3.78655838524894
"A","trial","RL","DA","Post-Stim",4,33,NA,-6.30954767622742
"A","trial","RL","DA","Post-Stim",4,34,NA,-5.00816064340134
"A","trial","RL","DA","Post-Stim",4,35,NA,-7.34595325695042
"A","trial","RL","DA","Post-Stim",4,36,NA,-6.74735372569932
"A","trial","RL","DA","Post-Stim",4,37,NA,-6.24982845557459
"A","trial","RL","DA","Post-Stim",4,38,NA,-8.27843623372577
"A","trial","RL","DA","Post-Stim",4,39,NA,-7.94605798188881
"A","trial","RL","DA","Post-Stim",4,40,NA,-5.79319191933026
"A","trial","RL","DA","Post-Stim",4,41,NA,-7.08781764562663
"A","trial","RL","DA","Post-Stim",4,42,NA,-6.51956349922268
"A","trial","RL","DA","Post-Stim",4,43,NA,-8.152056311652
"A","trial","RL","DA","Post-Stim",4,44,NA,-9.55468717425754
"A","trial","RL","DA","Post-Stim",4,45,NA,-3.84497087982095
"A","trial","RL","DA","Post-Stim",4,46,NA,-5.30751144990746
"A","trial","RL","DA","Post-Stim",4,47,NA,-2.73186228459363
"A","trial","RL","DA","Post-Stim",4,48,NA,-7.01271743783628
"A","trial","RL","DA","Post-Stim",4,49,NA,-6.08567172438877
"A","trial","RL","DA","Post-Stim",4,50,NA,-6.82941898447887
"A","trial","RL","DA","Post-Stim",4,51,NA,-8.09792547287421
"A","trial","RL","DA","Post-Stim",4,52,NA,-7.5772929450564
"A","trial","RL","DA","Post-Stim",4,53,NA,-8.59158111804638
"A","trial","RL","DA","Post-Stim",4,54,NA,-5.16539389176241
"A","trial","RL","DA","Post-Stim",4,55,NA,-9.26681750928612
"A","trial","RL","DA","Post-Stim",4,56,NA,-5.14415309542161
"A","trial","RL","DA","Post-Stim",4,57,NA,-7.40423417199476
"A","trial","RL","DA","Post-Stim",4,58,NA,-6.58064773081372
"A","trial","RL","DA","Post-Stim",4,59,NA,-4.26514772897982
"A","trial","RL","DA","Post-Stim",4,60,NA,-6.29063430005129
"A","trial","RL","DA","Post-Stim",4,61,NA,-4.07032286441631
"A","trial","RL","DA","Post-Stim",4,62,NA,-4.44676496879557
"A","trial","RL","DA","Post-Stim",4,63,NA,-5.67255484384507
"A","trial","RL","DA","Post-Stim",4,64,NA,-8.08691230952064
"A","trial","RL","DA","Post-Stim",4,65,NA,-3.17844352414347
"A","trial","RL","DA","Post-Stim",4,66,NA,-2.59389383362843
"A","trial","RL","DA","Post-Stim",4,67,NA,-2.18092801536257
"A","trial","RL","DA","Post-Stim",4,68,NA,-1.22521366332958
"A","trial","RL","DA","Post-Stim",4,69,NA,-3.21163780475825
"A","trial","RL","DA","Post-Stim",4,70,NA,-4.2261088919685
"A","trial","RL","DA","Post-Stim",4,71,NA,-5.14226416290355
"A","trial","RL","DA","Post-Stim",4,72,NA,-5.11097810033075
"A","trial","RL","DA","Post-Stim",4,73,NA,-6.46233378055435
"A","trial","RL","DA","Post-Stim",4,74,NA,-6.68628024449266
"A","trial","RL","DA","Post-Stim",4,75,NA,-5.74531548947987
"A","trial","RL","DA","Post-Stim",4,76,NA,-7.77576994388749
"A","trial","RL","DA","Post-Stim",4,77,NA,-2.58917267089614
"A","trial","RL","DA","Post-Stim",4,78,NA,-5.32147467071248
"A","trial","RL","DA","Post-Stim",4,79,NA,-5.51093781528768
"A","trial","RL","DA","Post-Stim",4,80,NA,-8.47338514535333
"A","trial","RL","DA","Post-Stim",4,81,NA,-6.85828217034868
"A","trial","RL","DA","Post-Stim",4,82,NA,-4.40145119773022
"A","trial","RL","DA","Post-Stim",4,83,NA,-4.78256299534006
"A","trial","RL","DA","Post-Stim",4,84,NA,-3.03363897985094
"A","trial","RL","DA","Post-Stim",4,85,NA,-6.45352387255376
"A","trial","RL","DA","Post-Stim",4,86,NA,-2.30752355381189
"A","trial","RL","DA","Post-Stim",4,87,NA,-5.62361076152708
"A","trial","RL","DA","Post-Stim",4,88,NA,-1.02317533518984
"A","trial","RL","DA","Post-Stim",4,89,NA,-1.64969091870996
"A","trial","RL","DA","Post-Stim",4,90,NA,-3.60915926416449
"A","trial","RL","DA","Post-Stim",4,91,NA,-4.05735739457417
"A","trial","RL","DA","Post-Stim",4,92,NA,-3.33380803215196
"A","trial","RL","DA","Post-Stim",4,93,NA,-4.84884236389803
"A","trial","RL","DA","Post-Stim",4,94,NA,-4.24678386747387
"A","trial","RL","DA","Post-Stim",4,95,NA,-5.38843597635234
"A","trial","RL","DA","Post-Stim",4,96,NA,-3.15927086768696
"A","trial","RL","DA","Post-Stim",4,97,NA,-6.58979788737852
"A","trial","RL","DA","Post-Stim",4,98,NA,-4.83922155624548
"A","trial","RL","DA","Post-Stim",4,99,NA,-2.64837614356862
"A","trial","RL","DA","Post-Stim",4,100,NA,-5.04268364359561
"A","trial","RL","DA","Post-Stim",4,101,NA,-4.96664574319942
"A","trial","RL","DA","Post-Stim",4,102,NA,-5.4427798923838
"A","trial","RL","DA","Post-Stim",4,103,NA,-4.47493953124643
"A","trial","RL","DA","Post-Stim",4,104,NA,-6.05482612517668
"A","trial","RL","DA","Post-Stim",4,105,NA,-4.43054842229823
"A","trial","RL","5-HT","Pre-Stim",5,1,NA,-1.41698782774408
"A","trial","RL","5-HT","Pre-Stim",5,2,NA,-1.17127680562339
"A","trial","RL","5-HT","Pre-Stim",5,3,NA,-2.23535053148995
"A","trial","RL","5-HT","Pre-Stim",5,4,NA,-2.95115371470198
"A","trial","RL","5-HT","Pre-Stim",5,5,NA,-0.743289582449721
"A","trial","RL","5-HT","Pre-Stim",5,6,NA,-3.96099148313783
"A","trial","RL","5-HT","Pre-Stim",5,7,NA,-2.05216065399479
"A","trial","RL","5-HT","Pre-Stim",5,8,NA,-1.4200325165883
"A","trial","RL","5-HT","Pre-Stim",5,9,NA,-2.70155817818864
"A","trial","RL","5-HT","Pre-Stim",5,10,NA,-1.69561996775455
"A","trial","RL","5-HT","Pre-Stim",5,11,NA,-1.81379058122433
"A","trial","RL","5-HT","Pre-Stim",5,12,NA,-2.23709407057415
"A","trial","RL","5-HT","Pre-Stim",5,13,NA,-2.74061908354248
"A","trial","RL","5-HT","Pre-Stim",5,14,NA,-2.79726275141178
"A","trial","RL","5-HT","Pre-Stim",5,15,NA,-3.88735674407844
"A","trial","RL","5-HT","Pre-Stim",5,16,NA,-2.18567881736741
"A","trial","RL","5-HT","Pre-Stim",5,17,NA,-4.07776507359919
"A","trial","RL","5-HT","Pre-Stim",5,18,NA,-3.6086785691981
"A","trial","RL","5-HT","Pre-Stim",5,19,NA,-1.36784911620851
"A","trial","RL","5-HT","Pre-Stim",5,20,NA,-4.9456976153456
"A","trial","RL","5-HT","Pre-Stim",5,21,NA,-1.35657016212893
"A","trial","RL","5-HT","Pre-Stim",5,22,NA,-3.12495754146452
"A","trial","RL","5-HT","Pre-Stim",5,23,NA,-2.8313439479558
"A","trial","RL","5-HT","Pre-Stim",5,24,NA,-2.98012538925826
"A","trial","RL","5-HT","Pre-Stim",5,25,NA,-0.755303136790956
"A","trial","RL","5-HT","Pre-Stim",5,26,NA,-1.26515582568213
"A","trial","RL","5-HT","Pre-Stim",5,27,NA,-4.9511335667226
"A","trial","RL","5-HT","Pre-Stim",5,28,NA,-2.80221679001752
"A","trial","RL","5-HT","Pre-Stim",5,29,NA,-3.63692444952115
"A","trial","RL","5-HT","Pre-Stim",5,30,NA,-1.77422810754106
"A","trial","RL","5-HT","Pre-Stim",5,31,NA,-2.05759438662219
"A","trial","RL","5-HT","Pre-Stim",5,32,NA,-3.78401322062394
"A","trial","RL","5-HT","Pre-Stim",5,33,NA,-4.97896454247578
"A","trial","RL","5-HT","Pre-Stim",5,34,NA,-5.45821050368792
"A","trial","RL","5-HT","Pre-Stim",5,35,NA,-3.73198263550619
"A","trial","RL","5-HT","Pre-Stim",5,36,NA,-6.17556285768481
"A","trial","RL","5-HT","Pre-Stim",5,37,NA,-4.79200055331963
"A","trial","RL","5-HT","Pre-Stim",5,38,NA,-5.01303279987419
"A","trial","RL","5-HT","Pre-Stim",5,39,NA,-6.6415392855182
"A","trial","RL","5-HT","Pre-Stim",5,40,NA,-7.36246148396039
"A","trial","RL","5-HT","Pre-Stim",5,41,NA,-6.51702693770375
"A","trial","RL","5-HT","Pre-Stim",5,42,NA,-6.31211882618869
"A","trial","RL","5-HT","Pre-Stim",5,43,NA,-4.55476618645559
"A","trial","RL","5-HT","Pre-Stim",5,44,NA,-7.39879249322174
"A","trial","RL","5-HT","Pre-Stim",5,45,NA,-7.05589246662062
"A","trial","RL","5-HT","Pre-Stim",5,46,NA,-6.33486768427181
"A","trial","RL","5-HT","Pre-Stim",5,47,NA,-7.0107689655737
"A","trial","RL","5-HT","Pre-Stim",5,48,NA,-5.84135621104587
"A","trial","RL","5-HT","Pre-Stim",5,49,NA,-4.90364225297625
"A","trial","RL","5-HT","Pre-Stim",5,50,NA,-7.05089556012141
"A","trial","RL","5-HT","Pre-Stim",5,51,NA,-4.98585194187424
"A","trial","RL","5-HT","Pre-Stim",5,52,NA,-7.06183580765936
"A","trial","RL","5-HT","Pre-Stim",5,53,NA,-8.91000157363014
"A","trial","RL","5-HT","Pre-Stim",5,54,NA,-6.38535576350923
"A","trial","RL","5-HT","Pre-Stim",5,55,NA,-6.20763456309145
"A","trial","RL","5-HT","Pre-Stim",5,56,NA,-7.1187441168784
"A","trial","RL","5-HT","Pre-Stim",5,57,NA,-7.36937875644511
"A","trial","RL","5-HT","Pre-Stim",5,58,NA,-6.23441092747736
"A","trial","RL","5-HT","Pre-Stim",5,59,NA,-6.01550819235805
"A","trial","RL","5-HT","Pre-Stim",5,60,NA,-3.91521502057392
"A","trial","RL","5-HT","Pre-Stim",5,61,NA,-7.07170312125766
"A","trial","RL","5-HT","Pre-Stim",5,62,NA,-5.35243736129061
"A","trial","RL","5-HT","Pre-Stim",5,63,NA,-5.99770034114889
"A","trial","RL","5-HT","Pre-Stim",5,64,NA,-5.59620974438273
"A","trial","RL","5-HT","Pre-Stim",5,65,NA,-7.52370043903467
"A","trial","RL","5-HT","Pre-Stim",5,66,NA,-6.13192107142976
"A","trial","RL","5-HT","Pre-Stim",5,67,NA,-6.73527229296809
"A","trial","RL","5-HT","Pre-Stim",5,68,NA,-6.31345532834602
"A","trial","RL","5-HT","Pre-Stim",5,69,NA,-6.78423710752421
"A","trial","RL","5-HT","Pre-Stim",5,70,NA,-6.91434596099616
"A","trial","RL","5-HT","Pre-Stim",5,71,NA,-5.86294598701787
"A","trial","RL","5-HT","Pre-Stim",5,72,NA,-4.45806667259812
"A","trial","RL","5-HT","Pre-Stim",5,73,NA,-6.32977999407392
"A","trial","RL","5-HT","Pre-Stim",5,74,NA,-7.18097503766421
"A","trial","RL","5-HT","Pre-Stim",5,75,NA,-4.22857312465693
"A","trial","RL","5-HT","Pre-Stim",5,76,NA,-6.32902846097485
"A","trial","RL","5-HT","Pre-Stim",5,77,NA,-5.92757047801394
"A","trial","RL","5-HT","Pre-Stim",5,78,NA,-7.8266817700461
"A","trial","RL","5-HT","Pre-Stim",5,79,NA,-5.84863196521471
"A","trial","RL","5-HT","Pre-Stim",5,80,NA,-6.9101881105717
"A","trial","RL","5-HT","Pre-Stim",5,81,NA,-7.48039931311824
"A","trial","RL","5-HT","Pre-Stim",5,82,NA,-7.18003615520362
"A","trial","RL","5-HT","Pre-Stim",5,83,NA,-6.66048297818385
"A","trial","RL","5-HT","Pre-Stim",5,84,NA,-4.32014957156703
"A","trial","RL","5-HT","Pre-Stim",5,85,NA,-7.5452286736716
"A","trial","RL","5-HT","Pre-Stim",5,86,NA,-7.37643681102513
"A","trial","RL","5-HT","Pre-Stim",5,87,NA,-7.27367388283657
"A","trial","RL","5-HT","Pre-Stim",5,88,NA,-5.45562104186476
"A","trial","RL","5-HT","Pre-Stim",5,89,NA,-5.80701067954737
"A","trial","RL","5-HT","Pre-Stim",5,90,NA,-7.90191853542776
"A","trial","RL","5-HT","Pre-Stim",5,91,NA,-5.7760299632264
"A","trial","RL","5-HT","Pre-Stim",5,92,NA,-6.39236504142181
"A","trial","RL","5-HT","Pre-Stim",5,93,NA,-7.47498082416318
"A","trial","RL","5-HT","Pre-Stim",5,94,NA,-5.7650629380795
"A","trial","RL","5-HT","Pre-Stim",5,95,NA,-7.39598937553019
"A","trial","RL","5-HT","Pre-Stim",5,96,NA,-5.91985037342864
"A","trial","RL","5-HT","Pre-Stim",5,97,NA,-4.34613269049684
"A","trial","RL","5-HT","Pre-Stim",5,98,NA,-6.60197702532629
"A","trial","RL","5-HT","Pre-Stim",5,99,NA,-3.9810354848494
"A","trial","RL","5-HT","Pre-Stim",5,100,NA,-6.25790538773611
"A","trial","RL","5-HT","Pre-Stim",5,101,NA,-5.8666034249287
"A","trial","RL","5-HT","Pre-Stim",5,102,NA,-6.67146931962761
"A","trial","RL","5-HT","Pre-Stim",5,103,NA,-5.51301868808613
"A","trial","RL","5-HT","Pre-Stim",5,104,NA,-4.86695328381824
"A","trial","RL","5-HT","Pre-Stim",5,105,NA,-6.93611011820985
"A","trial","RL","DA","Pre-Stim",5,1,NA,-4.5835186328808
"A","trial","RL","DA","Pre-Stim",5,2,NA,-3.39383425261261
"A","trial","RL","DA","Pre-Stim",5,3,NA,-5.93427888810501
"A","trial","RL","DA","Pre-Stim",5,4,NA,-3.54764506193262
"A","trial","RL","DA","Pre-Stim",5,5,NA,-5.23767418565837
"A","trial","RL","DA","Pre-Stim",5,6,NA,-3.97989097471476
"A","trial","RL","DA","Pre-Stim",5,7,NA,-5.38004634981495
"A","trial","RL","DA","Pre-Stim",5,8,NA,-5.23916704440965
"A","trial","RL","DA","Pre-Stim",5,9,NA,-2.79377011985155
"A","trial","RL","DA","Pre-Stim",5,10,NA,-4.25351399099762
"A","trial","RL","DA","Pre-Stim",5,11,NA,-3.62079906510761
"A","trial","RL","DA","Pre-Stim",5,12,NA,-2.69377936133754
"A","trial","RL","DA","Pre-Stim",5,13,NA,-5.20716784105573
"A","trial","RL","DA","Pre-Stim",5,14,NA,-6.52413535940294
"A","trial","RL","DA","Pre-Stim",5,15,NA,-5.70558865343667
"A","trial","RL","DA","Pre-Stim",5,16,NA,-2.45076744444769
"A","trial","RL","DA","Pre-Stim",5,17,NA,-5.95557101289594
"A","trial","RL","DA","Pre-Stim",5,18,NA,-5.44915958857932
"A","trial","RL","DA","Pre-Stim",5,19,NA,-5.64239002495725
"A","trial","RL","DA","Pre-Stim",5,20,NA,-6.18733742141687
"A","trial","RL","DA","Pre-Stim",5,21,NA,-7.27013493792636
"A","trial","RL","DA","Pre-Stim",5,22,NA,-3.22074004616634
"A","trial","RL","DA","Pre-Stim",5,23,NA,-6.07720578725676
"A","trial","RL","DA","Pre-Stim",5,24,NA,-4.73774555861566
"A","trial","RL","DA","Pre-Stim",5,25,NA,-5.45583590630494
"A","trial","RL","DA","Pre-Stim",5,26,NA,-6.65769328512947
"A","trial","RL","DA","Pre-Stim",5,27,NA,-3.91396452463479
"A","trial","RL","DA","Pre-Stim",5,28,NA,-5.58608122738107
"A","trial","RL","DA","Pre-Stim",5,29,NA,-3.35509535964435
"A","trial","RL","DA","Pre-Stim",5,30,NA,-6.97185888105135
"A","trial","RL","DA","Pre-Stim",5,31,NA,-5.77207140061745
"A","trial","RL","DA","Pre-Stim",5,32,NA,-5.16214718537349
"A","trial","RL","DA","Pre-Stim",5,33,NA,-2.70944338000217
"A","trial","RL","DA","Pre-Stim",5,34,NA,-4.57367203605731
"A","trial","RL","DA","Pre-Stim",5,35,NA,-5.69569462318862
"A","trial","RL","DA","Pre-Stim",5,36,NA,-5.40863053023499
"A","trial","RL","DA","Pre-Stim",5,37,NA,-7.20166938469246
"A","trial","RL","DA","Pre-Stim",5,38,NA,-4.99703720545574
"A","trial","RL","DA","Pre-Stim",5,39,NA,-6.2080545176262
"A","trial","RL","DA","Pre-Stim",5,40,NA,-6.03372300651023
"A","trial","RL","DA","Pre-Stim",5,41,NA,-8.37707620660842
"A","trial","RL","DA","Pre-Stim",5,42,NA,-5.54599890468593
"A","trial","RL","DA","Pre-Stim",5,43,NA,-6.56774830073669
"A","trial","RL","DA","Pre-Stim",5,44,NA,-5.3482158159743
"A","trial","RL","DA","Pre-Stim",5,45,NA,-6.37700152299887
"A","trial","RL","DA","Pre-Stim",5,46,NA,-5.6827689279724
"A","trial","RL","DA","Pre-Stim",5,47,NA,-5.15330359259315
"A","trial","RL","DA","Pre-Stim",5,48,NA,-5.16383543075255
"A","trial","RL","DA","Pre-Stim",5,49,NA,-2.8132241689528
"A","trial","RL","DA","Pre-Stim",5,50,NA,-7.51224048698794
"A","trial","RL","DA","Pre-Stim",5,51,NA,-4.18948740586923
"A","trial","RL","DA","Pre-Stim",5,52,NA,-4.62816579117149
"A","trial","RL","DA","Pre-Stim",5,53,NA,-4.39319564635421
"A","trial","RL","DA","Pre-Stim",5,54,NA,-5.70663267857477
"A","trial","RL","DA","Pre-Stim",5,55,NA,-3.6356707173256
"A","trial","RL","DA","Pre-Stim",5,56,NA,-7.03712485046069
"A","trial","RL","DA","Pre-Stim",5,57,NA,-5.36928656261182
"A","trial","RL","DA","Pre-Stim",5,58,NA,-5.90099576067772
"A","trial","RL","DA","Pre-Stim",5,59,NA,-4.85187645298473
"A","trial","RL","DA","Pre-Stim",5,60,NA,-6.83033786125763
"A","trial","RL","DA","Pre-Stim",5,61,NA,-6.65728681269611
"A","trial","RL","DA","Pre-Stim",5,62,NA,-6.62298875911615
"A","trial","RL","DA","Pre-Stim",5,63,NA,-4.09880318718162
"A","trial","RL","DA","Pre-Stim",5,64,NA,-6.16391366541727
"A","trial","RL","DA","Pre-Stim",5,65,NA,-5.9175367301714
"A","trial","RL","DA","Pre-Stim",5,66,NA,-5.88581117933102
"A","trial","RL","DA","Pre-Stim",5,67,NA,-6.57241353651955
"A","trial","RL","DA","Pre-Stim",5,68,NA,-5.86517686225801
"A","trial","RL","DA","Pre-Stim",5,69,NA,-5.52181210353393
"A","trial","RL","DA","Pre-Stim",5,70,NA,-5.26519315559259
"A","trial","RL","DA","Pre-Stim",5,71,NA,-6.33487679983202
"A","trial","RL","DA","Pre-Stim",5,72,NA,-6.27210422064689
"A","trial","RL","DA","Pre-Stim",5,73,NA,-6.03948536331342
"A","trial","RL","DA","Pre-Stim",5,74,NA,-6.70043077609863
"A","trial","RL","DA","Pre-Stim",5,75,NA,-5.11898248605422
"A","trial","RL","DA","Pre-Stim",5,76,NA,-4.82646687613962
"A","trial","RL","DA","Pre-Stim",5,77,NA,-2.51038640875677
"A","trial","RL","DA","Pre-Stim",5,78,NA,-4.05957800721814
"A","trial","RL","DA","Pre-Stim",5,79,NA,-6.72847846459265
"A","trial","RL","DA","Pre-Stim",5,80,NA,-4.86344940648989
"A","trial","RL","DA","Pre-Stim",5,81,NA,-3.585520716581
"A","trial","RL","DA","Pre-Stim",5,82,NA,-7.46628194458429
"A","trial","RL","DA","Pre-Stim",5,83,NA,-5.55892626553335
"A","trial","RL","DA","Pre-Stim",5,84,NA,-6.4631885286826
"A","trial","RL","DA","Pre-Stim",5,85,NA,-3.57562185104226
"A","trial","RL","DA","Pre-Stim",5,86,NA,-5.47113501341964
"A","trial","RL","DA","Pre-Stim",5,87,NA,-5.9601381542153
"A","trial","RL","DA","Pre-Stim",5,88,NA,-4.38408440469208
"A","trial","RL","DA","Pre-Stim",5,89,NA,-7.76535909677151
"A","trial","RL","DA","Pre-Stim",5,90,NA,-5.11377470402608
"A","trial","RL","DA","Pre-Stim",5,91,NA,-7.56269856425032
"A","trial","RL","DA","Pre-Stim",5,92,NA,-4.70613915546047
"A","trial","RL","DA","Pre-Stim",5,93,NA,-6.22944090148919
"A","trial","RL","DA","Pre-Stim",5,94,NA,-8.98285239930549
"A","trial","RL","DA","Pre-Stim",5,95,NA,-6.45898352036599
"A","trial","RL","DA","Pre-Stim",5,96,NA,-4.09858517692979
"A","trial","RL","DA","Pre-Stim",5,97,NA,-4.65552539158113
"A","trial","RL","DA","Pre-Stim",5,98,NA,-3.90692255472074
"A","trial","RL","DA","Pre-Stim",5,99,NA,-6.08102447314116
"A","trial","RL","DA","Pre-Stim",5,100,NA,-3.61057966622193
"A","trial","RL","DA","Pre-Stim",5,101,NA,-4.22021667147959
"A","trial","RL","DA","Pre-Stim",5,102,NA,-5.43775909024132
"A","trial","RL","DA","Pre-Stim",5,103,NA,-4.56379458851279
"A","trial","RL","DA","Pre-Stim",5,104,NA,-2.2069753894208
"A","trial","RL","DA","Pre-Stim",5,105,NA,-7.94464035664048
"A","trial","RL","5-HT","Post-Stim",5,2,NA,1.82101563057053
"A","trial","RL","5-HT","Post-Stim",5,3,NA,0.283952792026719
"A","trial","RL","5-HT","Post-Stim",5,4,NA,1.19517327175151
"A","trial","RL","5-HT","Post-Stim",5,5,NA,2.33862439706056
"A","trial","RL","5-HT","Post-Stim",5,6,NA,3.51828736433507
"A","trial","RL","5-HT","Post-Stim",5,7,NA,3.66977869750238
"A","trial","RL","5-HT","Post-Stim",5,8,NA,3.08974410939546
"A","trial","RL","5-HT","Post-Stim",5,9,NA,7.48689400533587
"A","trial","RL","5-HT","Post-Stim",5,10,NA,4.90620735540758
"A","trial","RL","5-HT","Post-Stim",5,11,NA,3.94184396657022
"A","trial","RL","5-HT","Post-Stim",5,12,NA,4.65378555578435
"A","trial","RL","5-HT","Post-Stim",5,13,NA,5.14776275261961
"A","trial","RL","5-HT","Post-Stim",5,14,NA,3.35768933301541
"A","trial","RL","5-HT","Post-Stim",5,15,NA,4.03197070613198
"A","trial","RL","5-HT","Post-Stim",5,16,NA,5.531839232862
"A","trial","RL","5-HT","Post-Stim",5,17,NA,2.56876029916028
"A","trial","RL","5-HT","Post-Stim",5,18,NA,2.26043060464578
"A","trial","RL","5-HT","Post-Stim",5,19,NA,2.04274542160416
"A","trial","RL","5-HT","Post-Stim",5,20,NA,1.16235937470915
"A","trial","RL","5-HT","Post-Stim",5,21,NA,1.91804249405735
"A","trial","RL","5-HT","Post-Stim",5,22,NA,1.90811562475128
"A","trial","RL","5-HT","Post-Stim",5,23,NA,2.25511944094485
"A","trial","RL","5-HT","Post-Stim",5,24,NA,2.71328248822751
"A","trial","RL","5-HT","Post-Stim",5,25,NA,3.58679186218964
"A","trial","RL","5-HT","Post-Stim",5,26,NA,2.1153462029217
"A","trial","RL","5-HT","Post-Stim",5,27,NA,4.30497257083465
"A","trial","RL","5-HT","Post-Stim",5,28,NA,1.3628216265087
"A","trial","RL","5-HT","Post-Stim",5,29,NA,4.5487352300929
"A","trial","RL","5-HT","Post-Stim",5,30,NA,3.51333938404186
"A","trial","RL","5-HT","Post-Stim",5,31,NA,3.46133149149475
"A","trial","RL","5-HT","Post-Stim",5,32,NA,4.58623625758104
"A","trial","RL","5-HT","Post-Stim",5,33,NA,5.4664757754733
"A","trial","RL","5-HT","Post-Stim",5,34,NA,6.01838087827265
"A","trial","RL","5-HT","Post-Stim",5,35,NA,5.55355611597314
"A","trial","RL","5-HT","Post-Stim",5,36,NA,3.40671116403576
"A","trial","RL","5-HT","Post-Stim",5,37,NA,5.12818280008116
"A","trial","RL","5-HT","Post-Stim",5,38,NA,6.02218755466614
"A","trial","RL","5-HT","Post-Stim",5,39,NA,10.4558019464156
"A","trial","RL","5-HT","Post-Stim",5,40,NA,3.09981772957816
"A","trial","RL","5-HT","Post-Stim",5,41,NA,2.9016113582938
"A","trial","RL","5-HT","Post-Stim",5,42,NA,7.14774345763254
"A","trial","RL","5-HT","Post-Stim",5,43,NA,5.25570152422693
"A","trial","RL","5-HT","Post-Stim",5,44,NA,1.49708349373403
"A","trial","RL","5-HT","Post-Stim",5,45,NA,2.65545619403237
"A","trial","RL","5-HT","Post-Stim",5,46,NA,5.57855363714629
"A","trial","RL","5-HT","Post-Stim",5,47,NA,6.88623684793571
"A","trial","RL","5-HT","Post-Stim",5,48,NA,3.74415612972497
"A","trial","RL","5-HT","Post-Stim",5,49,NA,4.68694633400296
"A","trial","RL","5-HT","Post-Stim",5,50,NA,7.00972883688919
"A","trial","RL","5-HT","Post-Stim",5,51,NA,4.06387958129131
"A","trial","RL","5-HT","Post-Stim",5,52,NA,5.05826387719433
"A","trial","RL","5-HT","Post-Stim",5,53,NA,2.71915616249397
"A","trial","RL","5-HT","Post-Stim",5,54,NA,1.88114556127053
"A","trial","RL","5-HT","Post-Stim",5,55,NA,1.84047593964842
"A","trial","RL","5-HT","Post-Stim",5,56,NA,5.17417334370565
"A","trial","RL","5-HT","Post-Stim",5,57,NA,5.44015657072716
"A","trial","RL","5-HT","Post-Stim",5,58,NA,8.73473483496272
"A","trial","RL","5-HT","Post-Stim",5,59,NA,5.28337827330828
"A","trial","RL","5-HT","Post-Stim",5,60,NA,5.54534299075727
"A","trial","RL","5-HT","Post-Stim",5,61,NA,7.84255154931547
"A","trial","RL","5-HT","Post-Stim",5,62,NA,4.35462306645677
"A","trial","RL","5-HT","Post-Stim",5,63,NA,7.43314361267377
"A","trial","RL","5-HT","Post-Stim",5,64,NA,6.2290430373481
"A","trial","RL","5-HT","Post-Stim",5,65,NA,8.12391401367407
"A","trial","RL","5-HT","Post-Stim",5,66,NA,8.2174876352671
"A","trial","RL","5-HT","Post-Stim",5,67,NA,5.97783724837009
"A","trial","RL","5-HT","Post-Stim",5,68,NA,5.90427192001319
"A","trial","RL","5-HT","Post-Stim",5,69,NA,6.32990623294213
"A","trial","RL","5-HT","Post-Stim",5,70,NA,4.76302850585269
"A","trial","RL","5-HT","Post-Stim",5,72,NA,8.50083151498682
"A","trial","RL","5-HT","Post-Stim",5,73,NA,6.67755627394603
"A","trial","RL","5-HT","Post-Stim",5,74,NA,5.43106394671567
"A","trial","RL","5-HT","Post-Stim",5,75,NA,7.3756482719033
"A","trial","RL","5-HT","Post-Stim",5,76,NA,6.31736577850685
"A","trial","RL","5-HT","Post-Stim",5,77,NA,7.82707293665712
"A","trial","RL","5-HT","Post-Stim",5,78,NA,7.11762771675238
"A","trial","RL","5-HT","Post-Stim",5,79,NA,5.09240807598965
"A","trial","RL","5-HT","Post-Stim",5,80,NA,7.33238946149079
"A","trial","RL","5-HT","Post-Stim",5,81,NA,6.30546484305426
"A","trial","RL","5-HT","Post-Stim",5,82,NA,3.42377405520894
"A","trial","RL","5-HT","Post-Stim",5,83,NA,6.23816758849054
"A","trial","RL","5-HT","Post-Stim",5,84,NA,2.90271694892579
"A","trial","RL","5-HT","Post-Stim",5,85,NA,7.81139416863232
"A","trial","RL","5-HT","Post-Stim",5,86,NA,6.37991284197626
"A","trial","RL","5-HT","Post-Stim",5,87,NA,8.58692169624595
"A","trial","RL","5-HT","Post-Stim",5,88,NA,5.9781400840525
"A","trial","RL","5-HT","Post-Stim",5,89,NA,4.92687937334637
"A","trial","RL","5-HT","Post-Stim",5,90,NA,6.16004501616449
"A","trial","RL","5-HT","Post-Stim",5,91,NA,8.00160111875203
"A","trial","RL","5-HT","Post-Stim",5,92,NA,4.08611118419612
"A","trial","RL","5-HT","Post-Stim",5,93,NA,4.38623530642111
"A","trial","RL","5-HT","Post-Stim",5,94,NA,4.10447283613091
"A","trial","RL","5-HT","Post-Stim",5,95,NA,4.2805899704161
"A","trial","RL","5-HT","Post-Stim",5,96,NA,6.82240419966711
"A","trial","RL","5-HT","Post-Stim",5,97,NA,9.22711247868328
"A","trial","RL","5-HT","Post-Stim",5,98,NA,4.0531050603273
"A","trial","RL","5-HT","Post-Stim",5,99,NA,7.52647081296108
"A","trial","RL","5-HT","Post-Stim",5,100,NA,5.95600476848719
"A","trial","RL","5-HT","Post-Stim",5,101,NA,7.18533990585386
"A","trial","RL","5-HT","Post-Stim",5,102,NA,3.86706781604713
"A","trial","RL","5-HT","Post-Stim",5,103,NA,5.03768149319238
"A","trial","RL","5-HT","Post-Stim",5,104,NA,3.86086420795582
"A","trial","RL","5-HT","Post-Stim",5,105,NA,7.52905157043838
"A","trial","RL","DA","Post-Stim",5,2,NA,5.2949410937069
"A","trial","RL","DA","Post-Stim",5,3,NA,4.7779911178519
"A","trial","RL","DA","Post-Stim",5,4,NA,4.95173787839906
"A","trial","RL","DA","Post-Stim",5,5,NA,4.31631425574141
"A","trial","RL","DA","Post-Stim",5,6,NA,3.36455201378045
"A","trial","RL","DA","Post-Stim",5,7,NA,6.00231293506725
"A","trial","RL","DA","Post-Stim",5,8,NA,5.14137311119142
"A","trial","RL","DA","Post-Stim",5,9,NA,3.21503805376501
"A","trial","RL","DA","Post-Stim",5,10,NA,4.6082531216071
"A","trial","RL","DA","Post-Stim",5,11,NA,5.0504501956989
"A","trial","RL","DA","Post-Stim",5,12,NA,4.62147197510323
"A","trial","RL","DA","Post-Stim",5,13,NA,4.8387133232182
"A","trial","RL","DA","Post-Stim",5,14,NA,4.43804534993619
"A","trial","RL","DA","Post-Stim",5,15,NA,5.48608147647546
"A","trial","RL","DA","Post-Stim",5,16,NA,4.89921997480321
"A","trial","RL","DA","Post-Stim",5,17,NA,4.39922319636059
"A","trial","RL","DA","Post-Stim",5,18,NA,3.80352987990692
"A","trial","RL","DA","Post-Stim",5,19,NA,6.25583987908339
"A","trial","RL","DA","Post-Stim",5,20,NA,3.30013536582707
"A","trial","RL","DA","Post-Stim",5,21,NA,5.40520834467979
"A","trial","RL","DA","Post-Stim",5,22,NA,6.7563382066384
"A","trial","RL","DA","Post-Stim",5,23,NA,5.41477427030588
"A","trial","RL","DA","Post-Stim",5,24,NA,5.55392977284347
"A","trial","RL","DA","Post-Stim",5,25,NA,5.21152305950437
"A","trial","RL","DA","Post-Stim",5,26,NA,5.63955476998186
"A","trial","RL","DA","Post-Stim",5,27,NA,3.66232571708049
"A","trial","RL","DA","Post-Stim",5,28,NA,3.24815631601898
"A","trial","RL","DA","Post-Stim",5,29,NA,5.95541168552244
"A","trial","RL","DA","Post-Stim",5,30,NA,4.16124259470596
"A","trial","RL","DA","Post-Stim",5,31,NA,3.31744929769681
"A","trial","RL","DA","Post-Stim",5,32,NA,6.85647713201054
"A","trial","RL","DA","Post-Stim",5,33,NA,3.89168185824293
"A","trial","RL","DA","Post-Stim",5,34,NA,6.72669548748941
"A","trial","RL","DA","Post-Stim",5,35,NA,5.48519675863021
"A","trial","RL","DA","Post-Stim",5,36,NA,3.45114972070166
"A","trial","RL","DA","Post-Stim",5,37,NA,4.89195421034516
"A","trial","RL","DA","Post-Stim",5,38,NA,4.15425982949474
"A","trial","RL","DA","Post-Stim",5,39,NA,2.8745777846652
"A","trial","RL","DA","Post-Stim",5,40,NA,4.23504528905635
"A","trial","RL","DA","Post-Stim",5,41,NA,6.47073399254977
"A","trial","RL","DA","Post-Stim",5,42,NA,6.13293793847855
"A","trial","RL","DA","Post-Stim",5,43,NA,6.10464432705078
"A","trial","RL","DA","Post-Stim",5,44,NA,7.06100556982224
"A","trial","RL","DA","Post-Stim",5,45,NA,6.0266458461682
"A","trial","RL","DA","Post-Stim",5,46,NA,3.65577576756115
"A","trial","RL","DA","Post-Stim",5,47,NA,6.0138167563332
"A","trial","RL","DA","Post-Stim",5,48,NA,6.26995211293896
"A","trial","RL","DA","Post-Stim",5,49,NA,3.05458653689405
"A","trial","RL","DA","Post-Stim",5,50,NA,4.37012635308295
"A","trial","RL","DA","Post-Stim",5,51,NA,7.00031834690027
"A","trial","RL","DA","Post-Stim",5,52,NA,5.29428085877395
"A","trial","RL","DA","Post-Stim",5,53,NA,6.0457612498127
"A","trial","RL","DA","Post-Stim",5,54,NA,7.96745734541268
"A","trial","RL","DA","Post-Stim",5,55,NA,8.57668649763515
"A","trial","RL","DA","Post-Stim",5,56,NA,7.90708478362353
"A","trial","RL","DA","Post-Stim",5,57,NA,6.8262983852967
"A","trial","RL","DA","Post-Stim",5,58,NA,4.80528217114539
"A","trial","RL","DA","Post-Stim",5,59,NA,5.11266437998221
"A","trial","RL","DA","Post-Stim",5,60,NA,6.0395593962529
"A","trial","RL","DA","Post-Stim",5,61,NA,2.45094967835474
"A","trial","RL","DA","Post-Stim",5,62,NA,4.6382317770807
"A","trial","RL","DA","Post-Stim",5,63,NA,6.00999389009833
"A","trial","RL","DA","Post-Stim",5,64,NA,6.11086553824751
"A","trial","RL","DA","Post-Stim",5,65,NA,3.53107292561927
"A","trial","RL","DA","Post-Stim",5,66,NA,5.93944847980814
"A","trial","RL","DA","Post-Stim",5,67,NA,4.07568116692445
"A","trial","RL","DA","Post-Stim",5,68,NA,8.02851495196311
"A","trial","RL","DA","Post-Stim",5,69,NA,7.12725914115933
"A","trial","RL","DA","Post-Stim",5,70,NA,6.72978963982369
"A","trial","RL","DA","Post-Stim",5,72,NA,6.05949589638352
"A","trial","RL","DA","Post-Stim",5,73,NA,5.8742347950944
"A","trial","RL","DA","Post-Stim",5,74,NA,5.85940903399496
"A","trial","RL","DA","Post-Stim",5,75,NA,2.87544326049563
"A","trial","RL","DA","Post-Stim",5,76,NA,5.55361883083106
"A","trial","RL","DA","Post-Stim",5,77,NA,4.97385633348334
"A","trial","RL","DA","Post-Stim",5,78,NA,6.00319346088741
"A","trial","RL","DA","Post-Stim",5,79,NA,7.41544677319582
"A","trial","RL","DA","Post-Stim",5,80,NA,5.23987953165646
"A","trial","RL","DA","Post-Stim",5,81,NA,5.41386012057688
"A","trial","RL","DA","Post-Stim",5,82,NA,9.22042566572018
"A","trial","RL","DA","Post-Stim",5,83,NA,4.76973509246378
"A","trial","RL","DA","Post-Stim",5,84,NA,7.87114710890457
"A","trial","RL","DA","Post-Stim",5,85,NA,4.40577342147886
"A","trial","RL","DA","Post-Stim",5,86,NA,5.87489459471603
"A","trial","RL","DA","Post-Stim",5,87,NA,7.7645152152772
"A","trial","RL","DA","Post-Stim",5,88,NA,9.18329575210779
"A","trial","RL","DA","Post-Stim",5,89,NA,8.99925210897685
"A","trial","RL","DA","Post-Stim",5,90,NA,4.90045189204846
"A","trial","RL","DA","Post-Stim",5,91,NA,10.0513022157845
"A","trial","RL","DA","Post-Stim",5,92,NA,7.67250610636945
"A","trial","RL","DA","Post-Stim",5,93,NA,6.26136146090523
"A","trial","RL","DA","Post-Stim",5,94,NA,5.82501800587171
"A","trial","RL","DA","Post-Stim",5,95,NA,8.20175504193488
"A","trial","RL","DA","Post-Stim",5,96,NA,8.02939374178301
"A","trial","RL","DA","Post-Stim",5,97,NA,3.79147023884311
"A","trial","RL","DA","Post-Stim",5,98,NA,6.86540144480774
"A","trial","RL","DA","Post-Stim",5,99,NA,6.51754861776278
"A","trial","RL","DA","Post-Stim",5,100,NA,7.47087739589373
"A","trial","RL","DA","Post-Stim",5,101,NA,7.48917423445959
"A","trial","RL","DA","Post-Stim",5,102,NA,9.16941877654574
"A","trial","RL","DA","Post-Stim",5,103,NA,8.70871334898134
"A","trial","RL","DA","Post-Stim",5,104,NA,7.91805843975859
"A","trial","RL","DA","Post-Stim",5,105,NA,6.83207473619433
"A","trial","RL","5-HT","Pre-Stim",6,1,NA,2.38161165791694
"A","trial","RL","5-HT","Pre-Stim",6,2,NA,7.82618911843876
"A","trial","RL","5-HT","Pre-Stim",6,3,NA,1.75063677489276
"A","trial","RL","5-HT","Pre-Stim",6,4,NA,3.56244488455392
"A","trial","RL","5-HT","Pre-Stim",6,5,NA,5.19086205751002
"A","trial","RL","5-HT","Pre-Stim",6,6,NA,3.66380453610564
"A","trial","RL","5-HT","Pre-Stim",6,7,NA,3.47413918245792
"A","trial","RL","5-HT","Pre-Stim",6,8,NA,2.97125122920726
"A","trial","RL","5-HT","Pre-Stim",6,9,NA,6.65771156695319
"A","trial","RL","5-HT","Pre-Stim",6,10,NA,3.91027658570439
"A","trial","RL","5-HT","Pre-Stim",6,11,NA,5.84953589941774
"A","trial","RL","5-HT","Pre-Stim",6,12,NA,3.00359873913581
"A","trial","RL","5-HT","Pre-Stim",6,13,NA,6.72876222314219
"A","trial","RL","5-HT","Pre-Stim",6,14,NA,5.70392170489129
"A","trial","RL","5-HT","Pre-Stim",6,15,NA,4.14789676512009
"A","trial","RL","5-HT","Pre-Stim",6,16,NA,5.16122386549578
"A","trial","RL","5-HT","Pre-Stim",6,17,NA,5.92131024368435
"A","trial","RL","5-HT","Pre-Stim",6,18,NA,4.6065209115403
"A","trial","RL","5-HT","Pre-Stim",6,19,NA,4.48854964803053
"A","trial","RL","5-HT","Pre-Stim",6,20,NA,4.24318244757646
"A","trial","RL","5-HT","Pre-Stim",6,21,NA,5.67049868765186
"A","trial","RL","5-HT","Pre-Stim",6,22,NA,4.83632556577861
"A","trial","RL","5-HT","Pre-Stim",6,23,NA,5.39413889923877
"A","trial","RL","5-HT","Pre-Stim",6,24,NA,5.19954713063126
"A","trial","RL","5-HT","Pre-Stim",6,25,NA,4.4802811990207
"A","trial","RL","5-HT","Pre-Stim",6,26,NA,3.88809183255487
"A","trial","RL","5-HT","Pre-Stim",6,27,NA,5.26036243027475
"A","trial","RL","5-HT","Pre-Stim",6,28,NA,3.41558677069964
"A","trial","RL","5-HT","Pre-Stim",6,29,NA,6.36810597800553
"A","trial","RL","5-HT","Pre-Stim",6,30,NA,5.45122526861597
"A","trial","RL","5-HT","Pre-Stim",6,31,NA,5.39088432458665
"A","trial","RL","5-HT","Pre-Stim",6,32,NA,2.52967531498353
"A","trial","RL","5-HT","Pre-Stim",6,33,NA,5.64450649131178
"A","trial","RL","5-HT","Pre-Stim",6,34,NA,5.35590839815618
"A","trial","RL","5-HT","Pre-Stim",6,35,NA,6.26021372609321
"A","trial","RL","5-HT","Pre-Stim",6,36,NA,6.56367162156406
"A","trial","RL","5-HT","Pre-Stim",6,37,NA,3.66573609186949
"A","trial","RL","5-HT","Pre-Stim",6,38,NA,7.90360631645424
"A","trial","RL","5-HT","Pre-Stim",6,39,NA,4.57030605966727
"A","trial","RL","5-HT","Pre-Stim",6,40,NA,6.4872281044451
"A","trial","RL","5-HT","Pre-Stim",6,41,NA,5.22644833261617
"A","trial","RL","5-HT","Pre-Stim",6,42,NA,8.12365950667186
"A","trial","RL","5-HT","Pre-Stim",6,43,NA,5.68635887977461
"A","trial","RL","5-HT","Pre-Stim",6,44,NA,5.47416343153658
"A","trial","RL","5-HT","Pre-Stim",6,45,NA,6.29996270416565
"A","trial","RL","5-HT","Pre-Stim",6,46,NA,4.68277910846429
"A","trial","RL","5-HT","Pre-Stim",6,47,NA,6.04067801205389
"A","trial","RL","5-HT","Pre-Stim",6,48,NA,4.61510658999462
"A","trial","RL","5-HT","Pre-Stim",6,49,NA,7.35564172239854
"A","trial","RL","5-HT","Pre-Stim",6,50,NA,5.61997655077091
"A","trial","RL","5-HT","Pre-Stim",6,51,NA,6.39981263193242
"A","trial","RL","5-HT","Pre-Stim",6,52,NA,10.7837855110241
"A","trial","RL","5-HT","Pre-Stim",6,53,NA,6.44610707951002
"A","trial","RL","5-HT","Pre-Stim",6,54,NA,8.67492144973613
"A","trial","RL","5-HT","Pre-Stim",6,55,NA,7.51396532101555
"A","trial","RL","5-HT","Pre-Stim",6,56,NA,6.2300778751047
"A","trial","RL","5-HT","Pre-Stim",6,57,NA,8.24499549509179
"A","trial","RL","5-HT","Pre-Stim",6,58,NA,6.50330588008966
"A","trial","RL","5-HT","Pre-Stim",6,59,NA,6.40568313321471
"A","trial","RL","5-HT","Pre-Stim",6,60,NA,3.33184866107107
"A","trial","RL","5-HT","Pre-Stim",6,61,NA,1.6540514731233
"A","trial","RL","5-HT","Pre-Stim",6,62,NA,6.03279373261354
"A","trial","RL","5-HT","Pre-Stim",6,63,NA,5.62965442525301
"A","trial","RL","5-HT","Pre-Stim",6,64,NA,8.50672075852035
"A","trial","RL","5-HT","Pre-Stim",6,65,NA,5.83964869239527
"A","trial","RL","5-HT","Pre-Stim",6,66,NA,7.85796683503941
"A","trial","RL","5-HT","Pre-Stim",6,67,NA,7.61160816298906
"A","trial","RL","5-HT","Pre-Stim",6,68,NA,7.93792211717028
"A","trial","RL","5-HT","Pre-Stim",6,69,NA,5.90941400909097
"A","trial","RL","5-HT","Pre-Stim",6,70,NA,4.2793859346327
"A","trial","RL","5-HT","Pre-Stim",6,71,NA,7.9931537840184
"A","trial","RL","5-HT","Pre-Stim",6,72,NA,6.82158534275157
"A","trial","RL","5-HT","Pre-Stim",6,73,NA,4.35389189734015
"A","trial","RL","5-HT","Pre-Stim",6,74,NA,6.27328733461287
"A","trial","RL","5-HT","Pre-Stim",6,75,NA,4.72260459679871
"A","trial","RL","5-HT","Pre-Stim",6,76,NA,9.20830747041832
"A","trial","RL","5-HT","Pre-Stim",6,77,NA,5.56332226948368
"A","trial","RL","5-HT","Pre-Stim",6,78,NA,7.40170869520894
"A","trial","RL","5-HT","Pre-Stim",6,79,NA,7.98206428794394
"A","trial","RL","5-HT","Pre-Stim",6,80,NA,8.42019763527993
"A","trial","RL","5-HT","Pre-Stim",6,81,NA,6.22201511195257
"A","trial","RL","5-HT","Pre-Stim",6,82,NA,7.5113542124593
"A","trial","RL","5-HT","Pre-Stim",6,83,NA,6.73222300577021
"A","trial","RL","5-HT","Pre-Stim",6,84,NA,6.76272800930601
"A","trial","RL","5-HT","Pre-Stim",6,85,NA,5.11947705570624
"A","trial","RL","5-HT","Pre-Stim",6,86,NA,7.97339728306445
"A","trial","RL","5-HT","Pre-Stim",6,87,NA,5.67618293432278
"A","trial","RL","5-HT","Pre-Stim",6,88,NA,8.67935411887515
"A","trial","RL","5-HT","Pre-Stim",6,89,NA,7.10215022435888
"A","trial","RL","5-HT","Pre-Stim",6,90,NA,5.4645967106657
"A","trial","RL","5-HT","Pre-Stim",6,91,NA,5.28541285296428
"A","trial","RL","5-HT","Pre-Stim",6,92,NA,7.32865308723607
"A","trial","RL","5-HT","Pre-Stim",6,93,NA,5.32732610098278
"A","trial","RL","5-HT","Pre-Stim",6,94,NA,4.7851717582382
"A","trial","RL","5-HT","Pre-Stim",6,95,NA,0.586051373736857
"A","trial","RL","5-HT","Pre-Stim",6,96,NA,3.04092026590685
"A","trial","RL","5-HT","Pre-Stim",6,97,NA,3.4871529735933
"A","trial","RL","5-HT","Pre-Stim",6,98,NA,1.73958015280878
"A","trial","RL","5-HT","Pre-Stim",6,99,NA,2.07794127991849
"A","trial","RL","5-HT","Pre-Stim",6,100,NA,2.58725457353493
"A","trial","RL","5-HT","Pre-Stim",6,101,NA,1.79435436119203
"A","trial","RL","5-HT","Pre-Stim",6,102,NA,1.03007954972019
"A","trial","RL","5-HT","Pre-Stim",6,103,NA,2.72722491759722
"A","trial","RL","5-HT","Pre-Stim",6,104,NA,2.16899866272323
"A","trial","RL","5-HT","Pre-Stim",6,105,NA,0.856430860615959
"A","trial","RL","DA","Pre-Stim",6,1,NA,-5.55516996744131
"A","trial","RL","DA","Pre-Stim",6,2,NA,-6.18188051916971
"A","trial","RL","DA","Pre-Stim",6,3,NA,-6.91254665589015
"A","trial","RL","DA","Pre-Stim",6,4,NA,-5.99369568110037
"A","trial","RL","DA","Pre-Stim",6,5,NA,-8.20270137078952
"A","trial","RL","DA","Pre-Stim",6,6,NA,-5.54922712604436
"A","trial","RL","DA","Pre-Stim",6,7,NA,-6.70916054302847
"A","trial","RL","DA","Pre-Stim",6,8,NA,-7.01013517694977
"A","trial","RL","DA","Pre-Stim",6,9,NA,-7.92857735141307
"A","trial","RL","DA","Pre-Stim",6,10,NA,-8.65222054507922
"A","trial","RL","DA","Pre-Stim",6,11,NA,-10.1839184190198
"A","trial","RL","DA","Pre-Stim",6,12,NA,-6.26133441654368
"A","trial","RL","DA","Pre-Stim",6,13,NA,-7.63849307486493
"A","trial","RL","DA","Pre-Stim",6,14,NA,-8.12682170126202
"A","trial","RL","DA","Pre-Stim",6,15,NA,-8.35750159689359
"A","trial","RL","DA","Pre-Stim",6,16,NA,-6.40877010388787
"A","trial","RL","DA","Pre-Stim",6,17,NA,-6.61752946094092
"A","trial","RL","DA","Pre-Stim",6,18,NA,-10.9241146103667
"A","trial","RL","DA","Pre-Stim",6,19,NA,-6.34136779423372
"A","trial","RL","DA","Pre-Stim",6,20,NA,-8.31323126676263
"A","trial","RL","DA","Pre-Stim",6,21,NA,-4.98501273623393
"A","trial","RL","DA","Pre-Stim",6,22,NA,-6.31583120079498
"A","trial","RL","DA","Pre-Stim",6,23,NA,-8.26871770294369
"A","trial","RL","DA","Pre-Stim",6,24,NA,-7.46997924069403
"A","trial","RL","DA","Pre-Stim",6,25,NA,-6.68972107799421
"A","trial","RL","DA","Pre-Stim",6,26,NA,-5.78403985221724
"A","trial","RL","DA","Pre-Stim",6,27,NA,-6.70771759220475
"A","trial","RL","DA","Pre-Stim",6,28,NA,-6.46030864653482
"A","trial","RL","DA","Pre-Stim",6,29,NA,-5.53814812738067
"A","trial","RL","DA","Pre-Stim",6,30,NA,-7.39376360470446
"A","trial","RL","DA","Pre-Stim",6,31,NA,-5.86162040716682
"A","trial","RL","DA","Pre-Stim",6,32,NA,-6.39044131586036
"A","trial","RL","DA","Pre-Stim",6,33,NA,-8.03105469248689
"A","trial","RL","DA","Pre-Stim",6,34,NA,-7.47806536986075
"A","trial","RL","DA","Pre-Stim",6,35,NA,-5.26954732789574
"A","trial","RL","DA","Pre-Stim",6,36,NA,-7.60044379115555
"A","trial","RL","DA","Pre-Stim",6,37,NA,-5.66994627647403
"A","trial","RL","DA","Pre-Stim",6,38,NA,-5.17810469461676
"A","trial","RL","DA","Pre-Stim",6,39,NA,-7.61112637566379
"A","trial","RL","DA","Pre-Stim",6,40,NA,-7.03095805526332
"A","trial","RL","DA","Pre-Stim",6,41,NA,-7.01005906470488
"A","trial","RL","DA","Pre-Stim",6,42,NA,-7.71343964567729
"A","trial","RL","DA","Pre-Stim",6,43,NA,-6.32820505612444
"A","trial","RL","DA","Pre-Stim",6,44,NA,-4.67067881021188
"A","trial","RL","DA","Pre-Stim",6,45,NA,-7.53173317348761
"A","trial","RL","DA","Pre-Stim",6,46,NA,-5.06906638801265
"A","trial","RL","DA","Pre-Stim",6,47,NA,-7.02066229699255
"A","trial","RL","DA","Pre-Stim",6,48,NA,-6.2682250802486
"A","trial","RL","DA","Pre-Stim",6,49,NA,-7.41923311216266
"A","trial","RL","DA","Pre-Stim",6,50,NA,-6.4348303389976
"A","trial","RL","DA","Pre-Stim",6,51,NA,-6.86887026256985
"A","trial","RL","DA","Pre-Stim",6,52,NA,-6.10510433900103
"A","trial","RL","DA","Pre-Stim",6,53,NA,-5.2816409265374
"A","trial","RL","DA","Pre-Stim",6,54,NA,-5.49944996825828
"A","trial","RL","DA","Pre-Stim",6,55,NA,-2.79854812206245
"A","trial","RL","DA","Pre-Stim",6,56,NA,-9.20753036838176
"A","trial","RL","DA","Pre-Stim",6,57,NA,-4.92868845593659
"A","trial","RL","DA","Pre-Stim",6,58,NA,-4.33054392726095
"A","trial","RL","DA","Pre-Stim",6,59,NA,-2.85450989071519
"A","trial","RL","DA","Pre-Stim",6,60,NA,-5.25594221647253
"A","trial","RL","DA","Pre-Stim",6,61,NA,-5.3034391417599
"A","trial","RL","DA","Pre-Stim",6,62,NA,-5.26211319334304
"A","trial","RL","DA","Pre-Stim",6,63,NA,-6.72685800817987
"A","trial","RL","DA","Pre-Stim",6,64,NA,-4.32253914828887
"A","trial","RL","DA","Pre-Stim",6,65,NA,-5.2172549010341
"A","trial","RL","DA","Pre-Stim",6,66,NA,-5.20677371079727
"A","trial","RL","DA","Pre-Stim",6,67,NA,-5.79694981623008
"A","trial","RL","DA","Pre-Stim",6,68,NA,-3.57713268162798
"A","trial","RL","DA","Pre-Stim",6,69,NA,-5.822848751569
"A","trial","RL","DA","Pre-Stim",6,70,NA,-5.4788317645198
"A","trial","RL","DA","Pre-Stim",6,71,NA,-7.67898280004117
"A","trial","RL","DA","Pre-Stim",6,72,NA,-6.52465424539668
"A","trial","RL","DA","Pre-Stim",6,73,NA,-5.76520931841479
"A","trial","RL","DA","Pre-Stim",6,74,NA,-4.89779426270901
"A","trial","RL","DA","Pre-Stim",6,75,NA,-4.4384699228779
"A","trial","RL","DA","Pre-Stim",6,76,NA,-7.45452518912163
"A","trial","RL","DA","Pre-Stim",6,77,NA,-4.35294860630592
"A","trial","RL","DA","Pre-Stim",6,78,NA,-4.97822387040868
"A","trial","RL","DA","Pre-Stim",6,79,NA,-4.35477193030306
"A","trial","RL","DA","Pre-Stim",6,80,NA,-3.48275916766479
"A","trial","RL","DA","Pre-Stim",6,81,NA,-5.36511138761642
"A","trial","RL","DA","Pre-Stim",6,82,NA,-4.60759939496063
"A","trial","RL","DA","Pre-Stim",6,83,NA,-5.50446635487802
"A","trial","RL","DA","Pre-Stim",6,84,NA,-3.9341318355963
"A","trial","RL","DA","Pre-Stim",6,85,NA,-1.75917425895155
"A","trial","RL","DA","Pre-Stim",6,86,NA,-6.57031715653525
"A","trial","RL","DA","Pre-Stim",6,87,NA,-5.31561975320323
"A","trial","RL","DA","Pre-Stim",6,88,NA,-4.40805307324558
"A","trial","RL","DA","Pre-Stim",6,89,NA,-4.56944624024195
"A","trial","RL","DA","Pre-Stim",6,90,NA,-7.69505584247004
"A","trial","RL","DA","Pre-Stim",6,91,NA,-4.3054044005962
"A","trial","RL","DA","Pre-Stim",6,92,NA,-4.62837034399037
"A","trial","RL","DA","Pre-Stim",6,93,NA,-4.65660208504904
"A","trial","RL","DA","Pre-Stim",6,94,NA,-3.46491554766772
"A","trial","RL","DA","Pre-Stim",6,95,NA,-0.556320833518133
"A","trial","RL","DA","Pre-Stim",6,96,NA,-1.49349630876499
"A","trial","RL","DA","Pre-Stim",6,97,NA,-2.81923869117614
"A","trial","RL","DA","Pre-Stim",6,98,NA,-2.80678814520063
"A","trial","RL","DA","Pre-Stim",6,99,NA,-2.52434194491099
"A","trial","RL","DA","Pre-Stim",6,100,NA,-0.752424808334718
"A","trial","RL","DA","Pre-Stim",6,101,NA,-0.545212352292679
"A","trial","RL","DA","Pre-Stim",6,102,NA,-2.09348090421603
"A","trial","RL","DA","Pre-Stim",6,103,NA,-2.00511221286294
"A","trial","RL","DA","Pre-Stim",6,104,NA,-3.07808976575217
"A","trial","RL","DA","Pre-Stim",6,105,NA,0.185657795388555
"A","trial","RL","5-HT","Post-Stim",6,1,NA,-6.49509143909284
"A","trial","RL","5-HT","Post-Stim",6,2,NA,-7.07146944436359
"A","trial","RL","5-HT","Post-Stim",6,3,NA,-7.03486337059272
"A","trial","RL","5-HT","Post-Stim",6,4,NA,-6.84751705403972
"A","trial","RL","5-HT","Post-Stim",6,5,NA,-5.87268454566427
"A","trial","RL","5-HT","Post-Stim",6,6,NA,-6.25451338283894
"A","trial","RL","5-HT","Post-Stim",6,7,NA,-6.12074994192071
"A","trial","RL","5-HT","Post-Stim",6,8,NA,-4.79404054672237
"A","trial","RL","5-HT","Post-Stim",6,9,NA,-5.07592576436919
"A","trial","RL","5-HT","Post-Stim",6,10,NA,-6.42984961843345
"A","trial","RL","5-HT","Post-Stim",6,11,NA,-6.30508103700098
"A","trial","RL","5-HT","Post-Stim",6,12,NA,-5.90474535096766
"A","trial","RL","5-HT","Post-Stim",6,13,NA,-7.04338382743726
"A","trial","RL","5-HT","Post-Stim",6,14,NA,-5.4161825714225
"A","trial","RL","5-HT","Post-Stim",6,15,NA,-6.45220508653298
"A","trial","RL","5-HT","Post-Stim",6,16,NA,-5.68068100589109
"A","trial","RL","5-HT","Post-Stim",6,17,NA,-6.91353126805792
"A","trial","RL","5-HT","Post-Stim",6,18,NA,-5.94302627406937
"A","trial","RL","5-HT","Post-Stim",6,19,NA,-5.87203028432045
"A","trial","RL","5-HT","Post-Stim",6,20,NA,-5.35325162950127
"A","trial","RL","5-HT","Post-Stim",6,21,NA,-6.85611807369361
"A","trial","RL","5-HT","Post-Stim",6,22,NA,-7.20297939910255
"A","trial","RL","5-HT","Post-Stim",6,23,NA,-6.56199483891804
"A","trial","RL","5-HT","Post-Stim",6,24,NA,-5.7178553481539
"A","trial","RL","5-HT","Post-Stim",6,25,NA,-6.80189826522967
"A","trial","RL","5-HT","Post-Stim",6,26,NA,-6.18624373095468
"A","trial","RL","5-HT","Post-Stim",6,27,NA,-5.0040301200465
"A","trial","RL","5-HT","Post-Stim",6,28,NA,-7.13116856589838
"A","trial","RL","5-HT","Post-Stim",6,29,NA,-6.21176059324855
"A","trial","RL","5-HT","Post-Stim",6,30,NA,-6.83968366655792
"A","trial","RL","5-HT","Post-Stim",6,31,NA,-7.0886146383221
"A","trial","RL","5-HT","Post-Stim",6,32,NA,-6.43748497678009
"A","trial","RL","5-HT","Post-Stim",6,33,NA,-6.52482429446454
"A","trial","RL","5-HT","Post-Stim",6,34,NA,-5.66717508264682
"A","trial","RL","5-HT","Post-Stim",6,35,NA,-5.0240005810174
"A","trial","RL","5-HT","Post-Stim",6,36,NA,-5.91100255385922
"A","trial","RL","5-HT","Post-Stim",6,37,NA,-6.16264353395511
"A","trial","RL","5-HT","Post-Stim",6,38,NA,-5.90748977616486
"A","trial","RL","5-HT","Post-Stim",6,39,NA,-6.41867973982317
"A","trial","RL","5-HT","Post-Stim",6,40,NA,-6.94053182684226
"A","trial","RL","5-HT","Post-Stim",6,41,NA,-6.09703215069579
"A","trial","RL","5-HT","Post-Stim",6,42,NA,-5.22796371454398
"A","trial","RL","5-HT","Post-Stim",6,43,NA,-7.02630837760684
"A","trial","RL","5-HT","Post-Stim",6,44,NA,-6.24294256251759
"A","trial","RL","5-HT","Post-Stim",6,45,NA,-6.45104159990865
"A","trial","RL","5-HT","Post-Stim",6,46,NA,-6.16040893471308
"A","trial","RL","5-HT","Post-Stim",6,47,NA,-6.55597686925128
"A","trial","RL","5-HT","Post-Stim",6,48,NA,-6.57727549038626
"A","trial","RL","5-HT","Post-Stim",6,49,NA,-4.89853528609677
"A","trial","RL","5-HT","Post-Stim",6,50,NA,-5.23878226092933
"A","trial","RL","5-HT","Post-Stim",6,51,NA,-6.25809431421581
"A","trial","RL","5-HT","Post-Stim",6,52,NA,-7.10453193460298
"A","trial","RL","5-HT","Post-Stim",6,53,NA,-6.10582966332988
"A","trial","RL","5-HT","Post-Stim",6,54,NA,-6.50931088326438
"A","trial","RL","5-HT","Post-Stim",6,55,NA,-5.74084069426231
"A","trial","RL","5-HT","Post-Stim",6,56,NA,-5.37269875195347
"A","trial","RL","5-HT","Post-Stim",6,57,NA,-6.71552800316717
"A","trial","RL","5-HT","Post-Stim",6,58,NA,-6.01369642791269
"A","trial","RL","5-HT","Post-Stim",6,59,NA,-4.50841360427052
"A","trial","RL","5-HT","Post-Stim",6,60,NA,-4.88147101483745
"A","trial","RL","5-HT","Post-Stim",6,61,NA,-5.02101810327377
"A","trial","RL","5-HT","Post-Stim",6,62,NA,-5.68382084749651
"A","trial","RL","5-HT","Post-Stim",6,63,NA,-5.39239230911701
"A","trial","RL","5-HT","Post-Stim",6,64,NA,-5.34613221667785
"A","trial","RL","5-HT","Post-Stim",6,65,NA,-5.10885785414897
"A","trial","RL","5-HT","Post-Stim",6,66,NA,-6.51503180476745
"A","trial","RL","5-HT","Post-Stim",6,67,NA,-4.49090039649
"A","trial","RL","5-HT","Post-Stim",6,68,NA,-4.83079078329301
"A","trial","RL","5-HT","Post-Stim",6,69,NA,-4.78272177879699
"A","trial","RL","5-HT","Post-Stim",6,70,NA,-5.70949300299469
"A","trial","RL","5-HT","Post-Stim",6,71,NA,-5.999220354645
"A","trial","RL","5-HT","Post-Stim",6,72,NA,-6.43056907823226
"A","trial","RL","5-HT","Post-Stim",6,73,NA,-5.56678310722581
"A","trial","RL","5-HT","Post-Stim",6,74,NA,-5.71949855893832
"A","trial","RL","5-HT","Post-Stim",6,75,NA,-4.75455230500584
"A","trial","RL","5-HT","Post-Stim",6,76,NA,-4.71589729358549
"A","trial","RL","5-HT","Post-Stim",6,77,NA,-4.60980337222275
"A","trial","RL","5-HT","Post-Stim",6,78,NA,-6.02799448217324
"A","trial","RL","5-HT","Post-Stim",6,79,NA,-4.68268527947318
"A","trial","RL","5-HT","Post-Stim",6,80,NA,-4.79966482191585
"A","trial","RL","5-HT","Post-Stim",6,81,NA,-3.99763949681033
"A","trial","RL","5-HT","Post-Stim",6,82,NA,-3.99268625179497
"A","trial","RL","5-HT","Post-Stim",6,83,NA,-3.9583427177181
"A","trial","RL","5-HT","Post-Stim",6,84,NA,-5.33674359405724
"A","trial","RL","5-HT","Post-Stim",6,85,NA,-5.54744755664151
"A","trial","RL","5-HT","Post-Stim",6,86,NA,-4.83981715706778
"A","trial","RL","5-HT","Post-Stim",6,87,NA,-4.4542193537339
"A","trial","RL","5-HT","Post-Stim",6,88,NA,-4.14896146938402
"A","trial","RL","5-HT","Post-Stim",6,89,NA,-4.7719509912979
"A","trial","RL","5-HT","Post-Stim",6,90,NA,-5.74946313981381
"A","trial","RL","5-HT","Post-Stim",6,91,NA,-3.1701055658402
"A","trial","RL","5-HT","Post-Stim",6,92,NA,-4.43917185271201
"A","trial","RL","5-HT","Post-Stim",6,93,NA,-3.70400564649324
"A","trial","RL","5-HT","Post-Stim",6,94,NA,-5.43604250902921
"A","trial","RL","5-HT","Post-Stim",6,95,NA,-4.21847184011532
"A","trial","RL","5-HT","Post-Stim",6,96,NA,-4.82285978817907
"A","trial","RL","5-HT","Post-Stim",6,97,NA,-4.23625553134432
"A","trial","RL","5-HT","Post-Stim",6,98,NA,-4.47633475479044
"A","trial","RL","5-HT","Post-Stim",6,99,NA,-4.33129762651672
"A","trial","RL","5-HT","Post-Stim",6,100,NA,-5.78736031889808
"A","trial","RL","5-HT","Post-Stim",6,101,NA,-5.40955972202326
"A","trial","RL","5-HT","Post-Stim",6,102,NA,-4.47451386002014
"A","trial","RL","5-HT","Post-Stim",6,103,NA,-4.1522885773494
"A","trial","RL","5-HT","Post-Stim",6,104,NA,-3.92254900511772
"A","trial","RL","5-HT","Post-Stim",6,105,NA,-3.94298565811998
"A","trial","RL","DA","Post-Stim",6,1,NA,6.21692138455241
"A","trial","RL","DA","Post-Stim",6,2,NA,5.62926059981006
"A","trial","RL","DA","Post-Stim",6,3,NA,5.73004606988024
"A","trial","RL","DA","Post-Stim",6,4,NA,5.94589785325529
"A","trial","RL","DA","Post-Stim",6,5,NA,6.29104460815001
"A","trial","RL","DA","Post-Stim",6,6,NA,6.03301560124605
"A","trial","RL","DA","Post-Stim",6,7,NA,6.09015577599433
"A","trial","RL","DA","Post-Stim",6,8,NA,6.55543862158377
"A","trial","RL","DA","Post-Stim",6,9,NA,6.30196198394357
"A","trial","RL","DA","Post-Stim",6,10,NA,6.10687997261555
"A","trial","RL","DA","Post-Stim",6,11,NA,6.40907307307855
"A","trial","RL","DA","Post-Stim",6,12,NA,5.99180875028074
"A","trial","RL","DA","Post-Stim",6,13,NA,5.35782938029148
"A","trial","RL","DA","Post-Stim",6,14,NA,6.38774902651678
"A","trial","RL","DA","Post-Stim",6,15,NA,6.93289606708229
"A","trial","RL","DA","Post-Stim",6,16,NA,6.00108806564877
"A","trial","RL","DA","Post-Stim",6,17,NA,4.95843415955798
"A","trial","RL","DA","Post-Stim",6,18,NA,5.87266862194655
"A","trial","RL","DA","Post-Stim",6,19,NA,6.11160794397768
"A","trial","RL","DA","Post-Stim",6,20,NA,6.60583546406353
"A","trial","RL","DA","Post-Stim",6,21,NA,5.14996906166365
"A","trial","RL","DA","Post-Stim",6,22,NA,6.45929513212395
"A","trial","RL","DA","Post-Stim",6,23,NA,5.18624212884878
"A","trial","RL","DA","Post-Stim",6,24,NA,5.55265746970127
"A","trial","RL","DA","Post-Stim",6,25,NA,5.37874187320633
"A","trial","RL","DA","Post-Stim",6,26,NA,6.28439676892789
"A","trial","RL","DA","Post-Stim",6,27,NA,5.66779535571188
"A","trial","RL","DA","Post-Stim",6,28,NA,5.28961036931252
"A","trial","RL","DA","Post-Stim",6,29,NA,5.78921163784096
"A","trial","RL","DA","Post-Stim",6,30,NA,6.32467430491011
"A","trial","RL","DA","Post-Stim",6,31,NA,5.52892681067121
"A","trial","RL","DA","Post-Stim",6,32,NA,5.31322289250613
"A","trial","RL","DA","Post-Stim",6,33,NA,5.5789421799107
"A","trial","RL","DA","Post-Stim",6,34,NA,6.19490245778556
"A","trial","RL","DA","Post-Stim",6,35,NA,6.17283302857067
"A","trial","RL","DA","Post-Stim",6,36,NA,5.81570590441569
"A","trial","RL","DA","Post-Stim",6,37,NA,5.41512571057479
"A","trial","RL","DA","Post-Stim",6,38,NA,5.53376098215364
"A","trial","RL","DA","Post-Stim",6,39,NA,5.4334934851795
"A","trial","RL","DA","Post-Stim",6,40,NA,5.25299304033624
"A","trial","RL","DA","Post-Stim",6,41,NA,5.05087422336256
"A","trial","RL","DA","Post-Stim",6,42,NA,5.93658365400631
"A","trial","RL","DA","Post-Stim",6,43,NA,5.38830001089916
"A","trial","RL","DA","Post-Stim",6,44,NA,5.8279277791509
"A","trial","RL","DA","Post-Stim",6,45,NA,5.31865054044412
"A","trial","RL","DA","Post-Stim",6,46,NA,5.13915706588511
"A","trial","RL","DA","Post-Stim",6,47,NA,5.44707316283057
"A","trial","RL","DA","Post-Stim",6,48,NA,6.01887599163512
"A","trial","RL","DA","Post-Stim",6,49,NA,6.76065048413962
"A","trial","RL","DA","Post-Stim",6,50,NA,4.53449926574332
"A","trial","RL","DA","Post-Stim",6,51,NA,5.43313666182582
"A","trial","RL","DA","Post-Stim",6,52,NA,4.8005502114228
"A","trial","RL","DA","Post-Stim",6,53,NA,4.56199967505927
"A","trial","RL","DA","Post-Stim",6,54,NA,5.61000491687834
"A","trial","RL","DA","Post-Stim",6,55,NA,5.57456131229651
"A","trial","RL","DA","Post-Stim",6,56,NA,4.97630312590281
"A","trial","RL","DA","Post-Stim",6,57,NA,5.47807797915659
"A","trial","RL","DA","Post-Stim",6,58,NA,4.8412402705374
"A","trial","RL","DA","Post-Stim",6,59,NA,5.74241735730542
"A","trial","RL","DA","Post-Stim",6,60,NA,5.15781484590918
"A","trial","RL","DA","Post-Stim",6,61,NA,5.82129337282497
"A","trial","RL","DA","Post-Stim",6,62,NA,5.80659217481831
"A","trial","RL","DA","Post-Stim",6,63,NA,4.89008105234702
"A","trial","RL","DA","Post-Stim",6,64,NA,5.18516357097806
"A","trial","RL","DA","Post-Stim",6,65,NA,5.22185809513526
"A","trial","RL","DA","Post-Stim",6,66,NA,5.95723183652075
"A","trial","RL","DA","Post-Stim",6,67,NA,5.09707230133763
"A","trial","RL","DA","Post-Stim",6,68,NA,5.41732933859632
"A","trial","RL","DA","Post-Stim",6,69,NA,5.21290330410934
"A","trial","RL","DA","Post-Stim",6,70,NA,4.65929208695891
"A","trial","RL","DA","Post-Stim",6,71,NA,5.37185874146535
"A","trial","RL","DA","Post-Stim",6,72,NA,4.99786015564223
"A","trial","RL","DA","Post-Stim",6,73,NA,5.16702463143369
"A","trial","RL","DA","Post-Stim",6,74,NA,4.43881709152784
"A","trial","RL","DA","Post-Stim",6,75,NA,4.56631892519755
"A","trial","RL","DA","Post-Stim",6,76,NA,5.91067323039786
"A","trial","RL","DA","Post-Stim",6,77,NA,5.62688338826427
"A","trial","RL","DA","Post-Stim",6,78,NA,6.82246467526967
"A","trial","RL","DA","Post-Stim",6,79,NA,6.37462829511844
"A","trial","RL","DA","Post-Stim",6,80,NA,4.79199526099483
"A","trial","RL","DA","Post-Stim",6,81,NA,4.6855722022304
"A","trial","RL","DA","Post-Stim",6,82,NA,5.75005584762218
"A","trial","RL","DA","Post-Stim",6,83,NA,6.19987875936359
"A","trial","RL","DA","Post-Stim",6,84,NA,5.20445085878262
"A","trial","RL","DA","Post-Stim",6,85,NA,5.2477785449464
"A","trial","RL","DA","Post-Stim",6,86,NA,5.88574605915824
"A","trial","RL","DA","Post-Stim",6,87,NA,4.54567324954161
"A","trial","RL","DA","Post-Stim",6,88,NA,4.98141189521069
"A","trial","RL","DA","Post-Stim",6,89,NA,5.57395585582854
"A","trial","RL","DA","Post-Stim",6,90,NA,4.42867513735304
"A","trial","RL","DA","Post-Stim",6,91,NA,5.98760590501118
"A","trial","RL","DA","Post-Stim",6,92,NA,5.54407228247668
"A","trial","RL","DA","Post-Stim",6,93,NA,4.46321684612871
"A","trial","RL","DA","Post-Stim",6,94,NA,5.02052054129116
"A","trial","RL","DA","Post-Stim",6,95,NA,4.5139589562854
"A","trial","RL","DA","Post-Stim",6,96,NA,4.44694236196105
"A","trial","RL","DA","Post-Stim",6,97,NA,5.15278128180402
"A","trial","RL","DA","Post-Stim",6,98,NA,4.92900469870232
"A","trial","RL","DA","Post-Stim",6,99,NA,5.48644743944615
"A","trial","RL","DA","Post-Stim",6,100,NA,4.91550172823717
"A","trial","RL","DA","Post-Stim",6,101,NA,5.39206705688827
"A","trial","RL","DA","Post-Stim",6,102,NA,5.27563145998393
"A","trial","RL","DA","Post-Stim",6,103,NA,4.47979719846326
"A","trial","RL","DA","Post-Stim",6,104,NA,5.74854684257347
"A","trial","RL","DA","Post-Stim",6,105,NA,4.94363916092503
"A","trial","RL","5-HT","Pre-Stim",7,1,NA,-3.25962857844655
"A","trial","RL","5-HT","Pre-Stim",7,2,NA,-3.67869812447977
"A","trial","RL","5-HT","Pre-Stim",7,3,NA,-3.03947521905906
"A","trial","RL","5-HT","Pre-Stim",7,4,NA,-4.01975771191037
"A","trial","RL","5-HT","Pre-Stim",7,5,NA,-2.29058611696352
"A","trial","RL","5-HT","Pre-Stim",7,6,NA,-2.99371075245681
"A","trial","RL","5-HT","Pre-Stim",7,7,NA,-3.77595455305419
"A","trial","RL","5-HT","Pre-Stim",7,8,NA,-5.63100186680276
"A","trial","RL","5-HT","Pre-Stim",7,9,NA,-5.95633132292942
"A","trial","RL","5-HT","Pre-Stim",7,10,NA,-5.91100031655511
"A","trial","RL","5-HT","Pre-Stim",7,11,NA,-7.03821255086817
"A","trial","RL","5-HT","Pre-Stim",7,12,NA,-7.71463618295486
"A","trial","RL","5-HT","Pre-Stim",7,13,NA,-6.48941887273281
"A","trial","RL","5-HT","Pre-Stim",7,14,NA,-5.84213388525531
"A","trial","RL","5-HT","Pre-Stim",7,15,NA,-5.31307850258884
"A","trial","RL","5-HT","Pre-Stim",7,16,NA,-6.26776914751249
"A","trial","RL","5-HT","Pre-Stim",7,17,NA,-7.39153871531194
"A","trial","RL","5-HT","Pre-Stim",7,18,NA,-6.67453751187557
"A","trial","RL","5-HT","Pre-Stim",7,19,NA,-7.49123632632799
"A","trial","RL","5-HT","Pre-Stim",7,20,NA,-7.26405304434036
"A","trial","RL","5-HT","Pre-Stim",7,21,NA,-6.41375652823757
"A","trial","RL","5-HT","Pre-Stim",7,22,NA,-5.32742660241657
"A","trial","RL","5-HT","Pre-Stim",7,23,NA,-7.43954439664478
"A","trial","RL","5-HT","Pre-Stim",7,24,NA,-6.19295527957533
"A","trial","RL","5-HT","Pre-Stim",7,25,NA,-6.31839192734543
"A","trial","RL","5-HT","Pre-Stim",7,26,NA,-5.10405756899072
"A","trial","RL","5-HT","Pre-Stim",7,27,NA,-4.70348794895974
"A","trial","RL","5-HT","Pre-Stim",7,28,NA,-6.10358457575702
"A","trial","RL","5-HT","Pre-Stim",7,29,NA,-7.74963819336282
"A","trial","RL","5-HT","Pre-Stim",7,30,NA,-6.46195319135829
"A","trial","RL","5-HT","Pre-Stim",7,31,NA,-5.64600177274905
"A","trial","RL","5-HT","Pre-Stim",7,32,NA,-5.49704235224926
"A","trial","RL","5-HT","Pre-Stim",7,33,NA,-5.7207974771514
"A","trial","RL","5-HT","Pre-Stim",7,34,NA,-6.05328044150999
"A","trial","RL","5-HT","Pre-Stim",7,35,NA,-6.10185496332249
"A","trial","RL","5-HT","Pre-Stim",7,36,NA,-4.77295148632895
"A","trial","RL","5-HT","Pre-Stim",7,37,NA,-5.96696407001769
"A","trial","RL","5-HT","Pre-Stim",7,38,NA,-6.45414475184958
"A","trial","RL","5-HT","Pre-Stim",7,39,NA,-4.84480349151676
"A","trial","RL","5-HT","Pre-Stim",7,40,NA,-6.2828263808933
"A","trial","RL","5-HT","Pre-Stim",7,41,NA,-5.06534489936459
"A","trial","RL","5-HT","Pre-Stim",7,42,NA,-3.67209108067273
"A","trial","RL","5-HT","Pre-Stim",7,43,NA,-6.83113540180069
"A","trial","RL","5-HT","Pre-Stim",7,44,NA,-5.74139338253393
"A","trial","RL","5-HT","Pre-Stim",7,45,NA,-5.5115812517389
"A","trial","RL","5-HT","Pre-Stim",7,46,NA,-8.31797306232947
"A","trial","RL","5-HT","Pre-Stim",7,47,NA,-6.52854880280674
"A","trial","RL","5-HT","Pre-Stim",7,48,NA,-5.07923971218678
"A","trial","RL","5-HT","Pre-Stim",7,49,NA,-5.58022895910098
"A","trial","RL","5-HT","Pre-Stim",7,50,NA,-6.13743427997381
"A","trial","RL","5-HT","Pre-Stim",7,51,NA,-6.44185931243176
"A","trial","RL","5-HT","Pre-Stim",7,52,NA,-6.54915851322045
"A","trial","RL","5-HT","Pre-Stim",7,53,NA,-4.91199058182327
"A","trial","RL","5-HT","Pre-Stim",7,54,NA,-5.84296911650221
"A","trial","RL","5-HT","Pre-Stim",7,55,NA,-5.92367190769946
"A","trial","RL","5-HT","Pre-Stim",7,56,NA,-6.67497586408384
"A","trial","RL","5-HT","Pre-Stim",7,57,NA,-5.87816120729437
"A","trial","RL","5-HT","Pre-Stim",7,58,NA,-5.21508633135109
"A","trial","RL","5-HT","Pre-Stim",7,59,NA,-4.83961895401943
"A","trial","RL","5-HT","Pre-Stim",7,60,NA,-5.46858326957763
"A","trial","RL","5-HT","Pre-Stim",7,61,NA,-3.72093069653813
"A","trial","RL","5-HT","Pre-Stim",7,62,NA,-5.91496713623021
"A","trial","RL","5-HT","Pre-Stim",7,63,NA,-5.04058536876502
"A","trial","RL","5-HT","Pre-Stim",7,64,NA,-4.02314331776242
"A","trial","RL","5-HT","Pre-Stim",7,65,NA,-4.79668636756407
"A","trial","RL","5-HT","Pre-Stim",7,66,NA,-4.47176312191969
"A","trial","RL","5-HT","Pre-Stim",7,67,NA,-6.28614475924642
"A","trial","RL","5-HT","Pre-Stim",7,68,NA,-7.58856841606764
"A","trial","RL","5-HT","Pre-Stim",7,69,NA,-4.23338821566085
"A","trial","RL","5-HT","Pre-Stim",7,70,NA,-3.68256625538517
"A","trial","RL","5-HT","Pre-Stim",7,71,NA,-4.99115143319306
"A","trial","RL","5-HT","Pre-Stim",7,72,NA,-4.09135747283673
"A","trial","RL","5-HT","Pre-Stim",7,73,NA,-4.6891630559388
"A","trial","RL","5-HT","Pre-Stim",7,74,NA,-4.9043139746266
"A","trial","RL","5-HT","Pre-Stim",7,75,NA,-4.71782598142458
"A","trial","RL","5-HT","Pre-Stim",7,76,NA,-3.76206627423502
"A","trial","RL","5-HT","Pre-Stim",7,77,NA,-2.93356605017245
"A","trial","RL","5-HT","Pre-Stim",7,78,NA,-4.62019342723324
"A","trial","RL","5-HT","Pre-Stim",7,79,NA,-6.60105383847684
"A","trial","RL","5-HT","Pre-Stim",7,80,NA,-5.5534269743912
"A","trial","RL","5-HT","Pre-Stim",7,81,NA,-3.93162979756236
"A","trial","RL","5-HT","Pre-Stim",7,82,NA,-3.94678401742066
"A","trial","RL","5-HT","Pre-Stim",7,83,NA,-4.45122954261263
"A","trial","RL","5-HT","Pre-Stim",7,84,NA,-6.09528215254188
"A","trial","RL","5-HT","Pre-Stim",7,85,NA,-5.73640834040432
"A","trial","RL","5-HT","Pre-Stim",7,86,NA,-5.06175098503041
"A","trial","RL","5-HT","Pre-Stim",7,87,NA,-6.14717101060453
"A","trial","RL","5-HT","Pre-Stim",7,88,NA,-5.66425578289267
"A","trial","RL","5-HT","Pre-Stim",7,89,NA,-4.01974961372672
"A","trial","RL","5-HT","Pre-Stim",7,90,NA,-6.17091316809382
"A","trial","RL","5-HT","Pre-Stim",7,91,NA,-4.06046936970543
"A","trial","RL","5-HT","Pre-Stim",7,92,NA,-4.20234712152726
"A","trial","RL","5-HT","Pre-Stim",7,93,NA,-4.59932139161272
"A","trial","RL","5-HT","Pre-Stim",7,94,NA,-5.66590754777124
"A","trial","RL","5-HT","Pre-Stim",7,95,NA,-5.07189977892795
"A","trial","RL","5-HT","Pre-Stim",7,96,NA,-4.65023965320331
"A","trial","RL","5-HT","Pre-Stim",7,97,NA,-5.36168405139698
"A","trial","RL","5-HT","Pre-Stim",7,98,NA,-3.56574595274075
"A","trial","RL","5-HT","Pre-Stim",7,99,NA,-5.05716061012335
"A","trial","RL","5-HT","Pre-Stim",7,100,NA,-4.28410052943001
"A","trial","RL","5-HT","Pre-Stim",7,101,NA,-3.75902221449306
"A","trial","RL","5-HT","Pre-Stim",7,102,NA,-5.63891177781554
"A","trial","RL","5-HT","Pre-Stim",7,103,NA,-6.26086049548675
"A","trial","RL","5-HT","Pre-Stim",7,104,NA,-4.75359687874647
"A","trial","RL","5-HT","Pre-Stim",7,105,NA,-3.72991779722873
"A","trial","RL","DA","Pre-Stim",7,1,NA,21.8669837675939
"A","trial","RL","DA","Pre-Stim",7,2,NA,19.985267495789
"A","trial","RL","DA","Pre-Stim",7,3,NA,18.5224525530185
"A","trial","RL","DA","Pre-Stim",7,4,NA,18.7289040031971
"A","trial","RL","DA","Pre-Stim",7,5,NA,17.672392329986
"A","trial","RL","DA","Pre-Stim",7,6,NA,16.145253371172
"A","trial","RL","DA","Pre-Stim",7,7,NA,15.7747848954372
"A","trial","RL","DA","Pre-Stim",7,8,NA,12.9329467207697
"A","trial","RL","DA","Pre-Stim",7,9,NA,12.3183578348495
"A","trial","RL","DA","Pre-Stim",7,10,NA,13.0713669401462
"A","trial","RL","DA","Pre-Stim",7,11,NA,10.8049218756438
"A","trial","RL","DA","Pre-Stim",7,12,NA,7.11028837868922
"A","trial","RL","DA","Pre-Stim",7,13,NA,3.81019451709585
"A","trial","RL","DA","Pre-Stim",7,14,NA,4.81894644472643
"A","trial","RL","DA","Pre-Stim",7,15,NA,4.76092608597594
"A","trial","RL","DA","Pre-Stim",7,16,NA,1.66344361939419
"A","trial","RL","DA","Pre-Stim",7,17,NA,4.60686769374597
"A","trial","RL","DA","Pre-Stim",7,18,NA,4.99059069313795
"A","trial","RL","DA","Pre-Stim",7,19,NA,3.13054932605972
"A","trial","RL","DA","Pre-Stim",7,20,NA,4.35342417988892
"A","trial","RL","DA","Pre-Stim",7,21,NA,0.242255096496858
"A","trial","RL","DA","Pre-Stim",7,22,NA,1.13825768673473
"A","trial","RL","DA","Pre-Stim",7,23,NA,1.35709971793073
"A","trial","RL","DA","Pre-Stim",7,24,NA,4.03413923888914
"A","trial","RL","DA","Pre-Stim",7,25,NA,-1.36713119318007
"A","trial","RL","DA","Pre-Stim",7,26,NA,-0.587039464007853
"A","trial","RL","DA","Pre-Stim",7,27,NA,2.25201911400398
"A","trial","RL","DA","Pre-Stim",7,28,NA,-1.73247321841856
"A","trial","RL","DA","Pre-Stim",7,29,NA,-2.37496385802736
"A","trial","RL","DA","Pre-Stim",7,30,NA,0.917228324794179
"A","trial","RL","DA","Pre-Stim",7,31,NA,2.19152393320246
"A","trial","RL","DA","Pre-Stim",7,32,NA,0.143407047753247
"A","trial","RL","DA","Pre-Stim",7,33,NA,0.858321183211661
"A","trial","RL","DA","Pre-Stim",7,34,NA,0.327948591359424
"A","trial","RL","DA","Pre-Stim",7,35,NA,-2.17768544073907
"A","trial","RL","DA","Pre-Stim",7,36,NA,-1.32440004639032
"A","trial","RL","DA","Pre-Stim",7,37,NA,0.449030200275423
"A","trial","RL","DA","Pre-Stim",7,38,NA,0.529311924577371
"A","trial","RL","DA","Pre-Stim",7,39,NA,-1.21914385648854
"A","trial","RL","DA","Pre-Stim",7,40,NA,-2.5860406368964
"A","trial","RL","DA","Pre-Stim",7,41,NA,0.11812282545639
"A","trial","RL","DA","Pre-Stim",7,42,NA,-1.90431622832884
"A","trial","RL","DA","Pre-Stim",7,43,NA,-3.5257449550389
"A","trial","RL","DA","Pre-Stim",7,44,NA,0.93064697694477
"A","trial","RL","DA","Pre-Stim",7,45,NA,1.14000067612831
"A","trial","RL","DA","Pre-Stim",7,46,NA,-1.57636228705534
"A","trial","RL","DA","Pre-Stim",7,47,NA,-0.583155059019942
"A","trial","RL","DA","Pre-Stim",7,48,NA,-1.01547213158129
"A","trial","RL","DA","Pre-Stim",7,49,NA,-0.790523687036128
"A","trial","RL","DA","Pre-Stim",7,50,NA,0.183160932653905
"A","trial","RL","DA","Pre-Stim",7,51,NA,-0.683744950606525
"A","trial","RL","DA","Pre-Stim",7,52,NA,-0.926141835063801
"A","trial","RL","DA","Pre-Stim",7,53,NA,-0.379101984102297
"A","trial","RL","DA","Pre-Stim",7,54,NA,-1.437103048383
"A","trial","RL","DA","Pre-Stim",7,55,NA,-1.30531222809875
"A","trial","RL","DA","Pre-Stim",7,56,NA,-1.41681367785996
"A","trial","RL","DA","Pre-Stim",7,57,NA,-0.0961273152009224
"A","trial","RL","DA","Pre-Stim",7,58,NA,-4.09334115539495
"A","trial","RL","DA","Pre-Stim",7,59,NA,-5.7725156291846
"A","trial","RL","DA","Pre-Stim",7,60,NA,-4.96787014390309
"A","trial","RL","DA","Pre-Stim",7,61,NA,-0.850442022450949
"A","trial","RL","DA","Pre-Stim",7,62,NA,-5.21440176329566
"A","trial","RL","DA","Pre-Stim",7,63,NA,-3.77543741740171
"A","trial","RL","DA","Pre-Stim",7,64,NA,-3.10616827940461
"A","trial","RL","DA","Pre-Stim",7,65,NA,-3.43800420778767
"A","trial","RL","DA","Pre-Stim",7,66,NA,-0.893322617556092
"A","trial","RL","DA","Pre-Stim",7,67,NA,-4.11730473905777
"A","trial","RL","DA","Pre-Stim",7,68,NA,-3.19425270495003
"A","trial","RL","DA","Pre-Stim",7,69,NA,-4.56571194695867
"A","trial","RL","DA","Pre-Stim",7,70,NA,-2.2263694623148
"A","trial","RL","DA","Pre-Stim",7,71,NA,-5.24380675701288
"A","trial","RL","DA","Pre-Stim",7,72,NA,-7.55078874528234
"A","trial","RL","DA","Pre-Stim",7,73,NA,-4.86226639711009
"A","trial","RL","DA","Pre-Stim",7,74,NA,-6.00577761245248
"A","trial","RL","DA","Pre-Stim",7,75,NA,-5.15884089956656
"A","trial","RL","DA","Pre-Stim",7,76,NA,-4.20010721524676
"A","trial","RL","DA","Pre-Stim",7,77,NA,-4.055191357872
"A","trial","RL","DA","Pre-Stim",7,78,NA,-1.9759663979902
"A","trial","RL","DA","Pre-Stim",7,79,NA,-5.20978792530041
"A","trial","RL","DA","Pre-Stim",7,80,NA,-5.9101025810396
"A","trial","RL","DA","Pre-Stim",7,81,NA,-5.03301912070011
"A","trial","RL","DA","Pre-Stim",7,82,NA,-1.74465836954165
"A","trial","RL","DA","Pre-Stim",7,83,NA,-2.74502419862918
"A","trial","RL","DA","Pre-Stim",7,84,NA,-6.62539253593105
"A","trial","RL","DA","Pre-Stim",7,85,NA,-4.12561364955925
"A","trial","RL","DA","Pre-Stim",7,86,NA,-4.86895468977981
"A","trial","RL","DA","Pre-Stim",7,87,NA,-3.41705454512568
"A","trial","RL","DA","Pre-Stim",7,88,NA,-0.603178815382504
"A","trial","RL","DA","Pre-Stim",7,89,NA,-3.78187187324465
"A","trial","RL","DA","Pre-Stim",7,90,NA,-3.9211682436673
"A","trial","RL","DA","Pre-Stim",7,91,NA,-5.68748011366491
"A","trial","RL","DA","Pre-Stim",7,92,NA,-3.87433352817798
"A","trial","RL","DA","Pre-Stim",7,93,NA,-5.83776733261852
"A","trial","RL","DA","Pre-Stim",7,94,NA,-1.75496314754527
"A","trial","RL","DA","Pre-Stim",7,95,NA,-3.21418139931352
"A","trial","RL","DA","Pre-Stim",7,96,NA,-3.25427920168729
"A","trial","RL","DA","Pre-Stim",7,97,NA,-6.31239128859511
"A","trial","RL","DA","Pre-Stim",7,98,NA,-6.5992317177902
"A","trial","RL","DA","Pre-Stim",7,99,NA,-5.33956866669294
"A","trial","RL","DA","Pre-Stim",7,100,NA,-3.27128239773502
"A","trial","RL","DA","Pre-Stim",7,101,NA,-3.86164019797701
"A","trial","RL","DA","Pre-Stim",7,102,NA,-4.5611558305233
"A","trial","RL","DA","Pre-Stim",7,103,NA,-4.1783095121844
"A","trial","RL","DA","Pre-Stim",7,104,NA,-2.1197997105727
"A","trial","RL","DA","Pre-Stim",7,105,NA,-3.89272058488799
"A","trial","RL","5-HT","Post-Stim",7,1,NA,2.48660884935547
"A","trial","RL","5-HT","Post-Stim",7,2,NA,1.40805816231887
"A","trial","RL","5-HT","Post-Stim",7,3,NA,2.78355338445274
"A","trial","RL","5-HT","Post-Stim",7,4,NA,2.44862110758505
"A","trial","RL","5-HT","Post-Stim",7,5,NA,4.74159362750872
"A","trial","RL","5-HT","Post-Stim",7,6,NA,4.33264700781746
"A","trial","RL","5-HT","Post-Stim",7,7,NA,1.33650823710691
"A","trial","RL","5-HT","Post-Stim",7,8,NA,2.53092063023439
"A","trial","RL","5-HT","Post-Stim",7,9,NA,0.527994311299207
"A","trial","RL","5-HT","Post-Stim",7,10,NA,3.3680931838159
"A","trial","RL","5-HT","Post-Stim",7,11,NA,3.77323112183333
"A","trial","RL","5-HT","Post-Stim",7,12,NA,1.91709041344919
"A","trial","RL","5-HT","Post-Stim",7,13,NA,0.702929678566157
"A","trial","RL","5-HT","Post-Stim",7,14,NA,3.00387111891729
"A","trial","RL","5-HT","Post-Stim",7,15,NA,3.531434491925
"A","trial","RL","5-HT","Post-Stim",7,16,NA,2.42142184564064
"A","trial","RL","5-HT","Post-Stim",7,17,NA,2.60150272562901
"A","trial","RL","5-HT","Post-Stim",7,18,NA,3.43712714258964
"A","trial","RL","5-HT","Post-Stim",7,19,NA,3.26566947907074
"A","trial","RL","5-HT","Post-Stim",7,20,NA,3.62661415342702
"A","trial","RL","5-HT","Post-Stim",7,21,NA,3.11327445608299
"A","trial","RL","5-HT","Post-Stim",7,22,NA,2.82901959654973
"A","trial","RL","5-HT","Post-Stim",7,23,NA,2.77312838355872
"A","trial","RL","5-HT","Post-Stim",7,24,NA,4.54154864489997
"A","trial","RL","5-HT","Post-Stim",7,25,NA,3.0657954076732
"A","trial","RL","5-HT","Post-Stim",7,26,NA,3.44737966456251
"A","trial","RL","5-HT","Post-Stim",7,27,NA,5.42864970299032
"A","trial","RL","5-HT","Post-Stim",7,28,NA,5.23315422271431
"A","trial","RL","5-HT","Post-Stim",7,29,NA,6.86223270488052
"A","trial","RL","5-HT","Post-Stim",7,30,NA,5.08121667437296
"A","trial","RL","5-HT","Post-Stim",7,31,NA,3.35087657453504
"A","trial","RL","5-HT","Post-Stim",7,32,NA,4.96794281718532
"A","trial","RL","5-HT","Post-Stim",7,33,NA,4.8283788853287
"A","trial","RL","5-HT","Post-Stim",7,34,NA,5.75985353557725
"A","trial","RL","5-HT","Post-Stim",7,35,NA,6.88880560050268
"A","trial","RL","5-HT","Post-Stim",7,36,NA,8.13494835652069
"A","trial","RL","5-HT","Post-Stim",7,37,NA,2.99511067840618
"A","trial","RL","5-HT","Post-Stim",7,38,NA,5.6603800832654
"A","trial","RL","5-HT","Post-Stim",7,39,NA,4.86227829388483
"A","trial","RL","5-HT","Post-Stim",7,40,NA,8.5953323072446
"A","trial","RL","5-HT","Post-Stim",7,41,NA,9.54311380954501
"A","trial","RL","5-HT","Post-Stim",7,42,NA,5.96911437844594
"A","trial","RL","5-HT","Post-Stim",7,43,NA,2.84348109727675
"A","trial","RL","5-HT","Post-Stim",7,44,NA,5.51927511193788
"A","trial","RL","5-HT","Post-Stim",7,45,NA,4.68925404822931
"A","trial","RL","5-HT","Post-Stim",7,46,NA,6.73980426075028
"A","trial","RL","5-HT","Post-Stim",7,47,NA,2.61799996981787
"A","trial","RL","5-HT","Post-Stim",7,48,NA,3.8336882412646
"A","trial","RL","5-HT","Post-Stim",7,49,NA,4.50337322223997
"A","trial","RL","5-HT","Post-Stim",7,50,NA,4.79638614170597
"A","trial","RL","5-HT","Post-Stim",7,51,NA,5.90367858223455
"A","trial","RL","5-HT","Post-Stim",7,52,NA,4.49582719861554
"A","trial","RL","5-HT","Post-Stim",7,53,NA,3.22899470120633
"A","trial","RL","5-HT","Post-Stim",7,54,NA,4.71655191944058
"A","trial","RL","5-HT","Post-Stim",7,55,NA,3.7242296647647
"A","trial","RL","5-HT","Post-Stim",7,56,NA,4.13452387447702
"A","trial","RL","5-HT","Post-Stim",7,57,NA,5.8081629850135
"A","trial","RL","5-HT","Post-Stim",7,58,NA,6.36082878681595
"A","trial","RL","5-HT","Post-Stim",7,59,NA,6.73365097230591
"A","trial","RL","5-HT","Post-Stim",7,60,NA,3.92456908969442
"A","trial","RL","5-HT","Post-Stim",7,61,NA,5.986798164588
"A","trial","RL","5-HT","Post-Stim",7,62,NA,5.59096272115873
"A","trial","RL","5-HT","Post-Stim",7,63,NA,6.41044124771684
"A","trial","RL","5-HT","Post-Stim",7,64,NA,5.9287613331041
"A","trial","RL","5-HT","Post-Stim",7,65,NA,6.99458643501886
"A","trial","RL","5-HT","Post-Stim",7,66,NA,5.36589567296327
"A","trial","RL","5-HT","Post-Stim",7,67,NA,6.95213669844739
"A","trial","RL","5-HT","Post-Stim",7,68,NA,8.86607460389525
"A","trial","RL","5-HT","Post-Stim",7,69,NA,8.61325789650253
"A","trial","RL","5-HT","Post-Stim",7,70,NA,7.43693713090753
"A","trial","RL","5-HT","Post-Stim",7,71,NA,4.83613877789847
"A","trial","RL","5-HT","Post-Stim",7,72,NA,5.16056410444785
"A","trial","RL","5-HT","Post-Stim",7,73,NA,5.14531010501941
"A","trial","RL","5-HT","Post-Stim",7,74,NA,7.03208636101423
"A","trial","RL","5-HT","Post-Stim",7,75,NA,6.90399201688253
"A","trial","RL","5-HT","Post-Stim",7,76,NA,6.49430851201432
"A","trial","RL","5-HT","Post-Stim",7,77,NA,4.57449230101009
"A","trial","RL","5-HT","Post-Stim",7,78,NA,7.6160818159413
"A","trial","RL","5-HT","Post-Stim",7,79,NA,8.51607873612695
"A","trial","RL","5-HT","Post-Stim",7,80,NA,6.37550288334442
"A","trial","RL","5-HT","Post-Stim",7,81,NA,5.97313083583333
"A","trial","RL","5-HT","Post-Stim",7,82,NA,5.28170473002503
"A","trial","RL","5-HT","Post-Stim",7,83,NA,4.31846044660234
"A","trial","RL","5-HT","Post-Stim",7,84,NA,5.88635493793919
"A","trial","RL","5-HT","Post-Stim",7,85,NA,5.0604122699209
"A","trial","RL","5-HT","Post-Stim",7,86,NA,5.64458361713135
"A","trial","RL","5-HT","Post-Stim",7,87,NA,3.98181346257724
"A","trial","RL","5-HT","Post-Stim",7,88,NA,4.64143223154204
"A","trial","RL","5-HT","Post-Stim",7,89,NA,5.66114681018379
"A","trial","RL","5-HT","Post-Stim",7,90,NA,6.90969523094157
"A","trial","RL","5-HT","Post-Stim",7,91,NA,9.34319735524802
"A","trial","RL","5-HT","Post-Stim",7,92,NA,6.8518444614164
"A","trial","RL","5-HT","Post-Stim",7,93,NA,8.62274959956328
"A","trial","RL","5-HT","Post-Stim",7,94,NA,7.47703317461318
"A","trial","RL","5-HT","Post-Stim",7,95,NA,4.28446002514965
"A","trial","RL","5-HT","Post-Stim",7,96,NA,9.15986506166709
"A","trial","RL","5-HT","Post-Stim",7,97,NA,6.26445300773484
"A","trial","RL","5-HT","Post-Stim",7,98,NA,9.09320601142875
"A","trial","RL","5-HT","Post-Stim",7,99,NA,12.7328088818907
"A","trial","RL","5-HT","Post-Stim",7,100,NA,6.42691792170658
"A","trial","RL","5-HT","Post-Stim",7,101,NA,9.18864906393897
"A","trial","RL","5-HT","Post-Stim",7,102,NA,9.49804347734262
"A","trial","RL","5-HT","Post-Stim",7,103,NA,9.51366791743607
"A","trial","RL","5-HT","Post-Stim",7,104,NA,14.3336650152505
"A","trial","RL","5-HT","Post-Stim",7,105,NA,9.00726062092999
"A","trial","RL","DA","Post-Stim",7,1,NA,4.51355474815356
"A","trial","RL","DA","Post-Stim",7,2,NA,1.35115007447834
"A","trial","RL","DA","Post-Stim",7,3,NA,-0.290938426832634
"A","trial","RL","DA","Post-Stim",7,4,NA,0.531870265943433
"A","trial","RL","DA","Post-Stim",7,5,NA,2.31754191242598
"A","trial","RL","DA","Post-Stim",7,6,NA,1.5196580488077
"A","trial","RL","DA","Post-Stim",7,7,NA,2.0362427093172
"A","trial","RL","DA","Post-Stim",7,8,NA,6.20722142884815
"A","trial","RL","DA","Post-Stim",7,9,NA,2.33083919833315
"A","trial","RL","DA","Post-Stim",7,10,NA,-2.79817937231022
"A","trial","RL","DA","Post-Stim",7,11,NA,-0.682165134283021
"A","trial","RL","DA","Post-Stim",7,12,NA,-0.854507673879888
"A","trial","RL","DA","Post-Stim",7,13,NA,2.97428818148602
"A","trial","RL","DA","Post-Stim",7,14,NA,-1.36744795989376
"A","trial","RL","DA","Post-Stim",7,15,NA,-3.03010386232422
"A","trial","RL","DA","Post-Stim",7,16,NA,-2.81404634961852
"A","trial","RL","DA","Post-Stim",7,17,NA,0.990640444443223
"A","trial","RL","DA","Post-Stim",7,18,NA,1.43998491402274
"A","trial","RL","DA","Post-Stim",7,19,NA,-5.6581034393393
"A","trial","RL","DA","Post-Stim",7,20,NA,-0.331079019113881
"A","trial","RL","DA","Post-Stim",7,21,NA,-2.12098732814685
"A","trial","RL","DA","Post-Stim",7,22,NA,-5.99950517133591
"A","trial","RL","DA","Post-Stim",7,23,NA,0.295513123998723
"A","trial","RL","DA","Post-Stim",7,24,NA,0.299781469785189
"A","trial","RL","DA","Post-Stim",7,25,NA,2.12800981801205
"A","trial","RL","DA","Post-Stim",7,26,NA,-0.642793378368838
"A","trial","RL","DA","Post-Stim",7,27,NA,2.29968294812394
"A","trial","RL","DA","Post-Stim",7,28,NA,-0.10989675211716
"A","trial","RL","DA","Post-Stim",7,29,NA,0.718059088356593
"A","trial","RL","DA","Post-Stim",7,30,NA,-2.90987894529927
"A","trial","RL","DA","Post-Stim",7,31,NA,-0.117902261637777
"A","trial","RL","DA","Post-Stim",7,32,NA,-0.669295041825367
"A","trial","RL","DA","Post-Stim",7,33,NA,-4.32121397597376
"A","trial","RL","DA","Post-Stim",7,34,NA,-3.28524767310981
"A","trial","RL","DA","Post-Stim",7,35,NA,-2.39634619175589
"A","trial","RL","DA","Post-Stim",7,36,NA,6.86802300728017
"A","trial","RL","DA","Post-Stim",7,37,NA,6.28516749308373
"A","trial","RL","DA","Post-Stim",7,38,NA,-0.697215668396112
"A","trial","RL","DA","Post-Stim",7,39,NA,-3.94727810155127
"A","trial","RL","DA","Post-Stim",7,40,NA,-2.49615915934565
"A","trial","RL","DA","Post-Stim",7,41,NA,0.0917896465367088
"A","trial","RL","DA","Post-Stim",7,42,NA,1.38650868746288
"A","trial","RL","DA","Post-Stim",7,43,NA,-3.85374789683317
"A","trial","RL","DA","Post-Stim",7,44,NA,-1.60557198053127
"A","trial","RL","DA","Post-Stim",7,45,NA,2.99562397672131
"A","trial","RL","DA","Post-Stim",7,46,NA,-2.60122006499244
"A","trial","RL","DA","Post-Stim",7,47,NA,-2.27574765717725
"A","trial","RL","DA","Post-Stim",7,48,NA,-2.31647731701691
"A","trial","RL","DA","Post-Stim",7,49,NA,0.209940904859531
"A","trial","RL","DA","Post-Stim",7,50,NA,-1.50221485910311
"A","trial","RL","DA","Post-Stim",7,51,NA,0.924785268426716
"A","trial","RL","DA","Post-Stim",7,52,NA,1.01709147638317
"A","trial","RL","DA","Post-Stim",7,53,NA,-0.459414516570262
"A","trial","RL","DA","Post-Stim",7,54,NA,2.46263337466646
"A","trial","RL","DA","Post-Stim",7,55,NA,3.69803331509318
"A","trial","RL","DA","Post-Stim",7,56,NA,2.80638198248832
"A","trial","RL","DA","Post-Stim",7,57,NA,3.16399727015666
"A","trial","RL","DA","Post-Stim",7,58,NA,-4.13764543621154
"A","trial","RL","DA","Post-Stim",7,59,NA,0.778161468057691
"A","trial","RL","DA","Post-Stim",7,60,NA,2.96440482980599
"A","trial","RL","DA","Post-Stim",7,61,NA,-3.51325200613607
"A","trial","RL","DA","Post-Stim",7,62,NA,-1.95118876858011
"A","trial","RL","DA","Post-Stim",7,63,NA,-0.321752289081883
"A","trial","RL","DA","Post-Stim",7,64,NA,0.277842479214282
"A","trial","RL","DA","Post-Stim",7,65,NA,1.96267728035343
"A","trial","RL","DA","Post-Stim",7,66,NA,1.45814358704947
"A","trial","RL","DA","Post-Stim",7,67,NA,-4.59808355071607
"A","trial","RL","DA","Post-Stim",7,68,NA,-0.244282630619785
"A","trial","RL","DA","Post-Stim",7,69,NA,-4.37375871359181
"A","trial","RL","DA","Post-Stim",7,70,NA,-3.04751104521532
"A","trial","RL","DA","Post-Stim",7,71,NA,-1.38565940543545
"A","trial","RL","DA","Post-Stim",7,72,NA,0.876660585237984
"A","trial","RL","DA","Post-Stim",7,73,NA,-1.21154677298578
"A","trial","RL","DA","Post-Stim",7,74,NA,1.43492297283865
"A","trial","RL","DA","Post-Stim",7,75,NA,1.41955804590653
"A","trial","RL","DA","Post-Stim",7,76,NA,-2.83204549017229
"A","trial","RL","DA","Post-Stim",7,77,NA,1.15233512933918
"A","trial","RL","DA","Post-Stim",7,78,NA,2.24221307409118
"A","trial","RL","DA","Post-Stim",7,79,NA,2.63656096075878
"A","trial","RL","DA","Post-Stim",7,80,NA,4.6103841109285
"A","trial","RL","DA","Post-Stim",7,81,NA,1.36737264120277
"A","trial","RL","DA","Post-Stim",7,82,NA,-0.512950245927995
"A","trial","RL","DA","Post-Stim",7,83,NA,3.4245146212549
"A","trial","RL","DA","Post-Stim",7,84,NA,-4.57648359336439
"A","trial","RL","DA","Post-Stim",7,85,NA,-6.24748984408168
"A","trial","RL","DA","Post-Stim",7,86,NA,-0.97511001121073
"A","trial","RL","DA","Post-Stim",7,87,NA,0.0897104960126645
"A","trial","RL","DA","Post-Stim",7,88,NA,0.676120593117846
"A","trial","RL","DA","Post-Stim",7,89,NA,-2.50563228081073
"A","trial","RL","DA","Post-Stim",7,90,NA,-7.36916963932187
"A","trial","RL","DA","Post-Stim",7,91,NA,-4.75731621642179
"A","trial","RL","DA","Post-Stim",7,92,NA,2.28068883624802
"A","trial","RL","DA","Post-Stim",7,93,NA,0.761365219808458
"A","trial","RL","DA","Post-Stim",7,94,NA,-1.66509733474962
"A","trial","RL","DA","Post-Stim",7,95,NA,2.99277207295225
"A","trial","RL","DA","Post-Stim",7,96,NA,-2.98515878264283
"A","trial","RL","DA","Post-Stim",7,97,NA,0.887252629805142
"A","trial","RL","DA","Post-Stim",7,98,NA,-1.43923117187928
"A","trial","RL","DA","Post-Stim",7,99,NA,-2.85272030972718
"A","trial","RL","DA","Post-Stim",7,100,NA,2.42537954339384
"A","trial","RL","DA","Post-Stim",7,101,NA,-6.67690679168214
"A","trial","RL","DA","Post-Stim",7,102,NA,1.78439130815631
"A","trial","RL","DA","Post-Stim",7,103,NA,-5.95649065275959
"A","trial","RL","DA","Post-Stim",7,104,NA,-3.62666319902918
"A","trial","RL","DA","Post-Stim",7,105,NA,-2.03136389296334
"A","trial","RL","5-HT","Pre-Stim",8,1,NA,5.98373289583729
"A","trial","RL","5-HT","Pre-Stim",8,2,NA,5.87152748295837
"A","trial","RL","5-HT","Pre-Stim",8,3,NA,5.91483899150695
"A","trial","RL","5-HT","Pre-Stim",8,4,NA,8.60483089333786
"A","trial","RL","5-HT","Pre-Stim",8,5,NA,5.51332660900519
"A","trial","RL","5-HT","Pre-Stim",8,6,NA,5.51543239829857
"A","trial","RL","5-HT","Pre-Stim",8,7,NA,5.94652380112639
"A","trial","RL","5-HT","Pre-Stim",8,8,NA,5.58888785037272
"A","trial","RL","5-HT","Pre-Stim",8,9,NA,7.86314876323529
"A","trial","RL","5-HT","Pre-Stim",8,10,NA,6.76497937392764
"A","trial","RL","5-HT","Pre-Stim",8,11,NA,7.15807869381856
"A","trial","RL","5-HT","Pre-Stim",8,12,NA,5.55466625145326
"A","trial","RL","5-HT","Pre-Stim",8,13,NA,6.64496257985275
"A","trial","RL","5-HT","Pre-Stim",8,14,NA,6.08384923731267
"A","trial","RL","5-HT","Pre-Stim",8,15,NA,9.36409648524248
"A","trial","RL","5-HT","Pre-Stim",8,16,NA,9.47721384902488
"A","trial","RL","5-HT","Pre-Stim",8,17,NA,10.6911109648625
"A","trial","RL","5-HT","Pre-Stim",8,18,NA,9.09212240428383
"A","trial","RL","5-HT","Pre-Stim",8,19,NA,8.07358100677677
"A","trial","RL","5-HT","Pre-Stim",8,20,NA,8.99519163569348
"A","trial","RL","5-HT","Pre-Stim",8,21,NA,10.1275457237169
"A","trial","RL","5-HT","Pre-Stim",8,22,NA,9.11906530560491
"A","trial","RL","5-HT","Pre-Stim",8,23,NA,9.10481324460578
"A","trial","RL","5-HT","Pre-Stim",8,24,NA,9.58863688733084
"A","trial","RL","5-HT","Pre-Stim",8,25,NA,8.92565616180709
"A","trial","RL","5-HT","Pre-Stim",8,26,NA,10.1810735042066
"A","trial","RL","5-HT","Pre-Stim",8,27,NA,9.31467921811874
"A","trial","RL","5-HT","Pre-Stim",8,28,NA,9.53928301496361
"A","trial","RL","5-HT","Pre-Stim",8,29,NA,8.78012947737901
"A","trial","RL","5-HT","Pre-Stim",8,30,NA,7.46902829630903
"A","trial","RL","5-HT","Pre-Stim",8,31,NA,8.03756981504322
"A","trial","RL","5-HT","Pre-Stim",8,32,NA,6.59427380728967
"A","trial","RL","5-HT","Pre-Stim",8,33,NA,7.90454874341684
"A","trial","RL","5-HT","Pre-Stim",8,34,NA,7.10975733228074
"A","trial","RL","5-HT","Pre-Stim",8,35,NA,7.83877031961645
"A","trial","RL","5-HT","Pre-Stim",8,36,NA,5.88885363195715
"A","trial","RL","5-HT","Pre-Stim",8,37,NA,7.00122637145711
"A","trial","RL","5-HT","Pre-Stim",8,38,NA,6.20027594183076
"A","trial","RL","5-HT","Pre-Stim",8,39,NA,6.40952178967472
"A","trial","RL","5-HT","Pre-Stim",8,40,NA,6.95844993405605
"A","trial","RL","5-HT","Pre-Stim",8,41,NA,7.44386088074649
"A","trial","RL","5-HT","Pre-Stim",8,42,NA,6.41549968738503
"A","trial","RL","5-HT","Pre-Stim",8,43,NA,7.50501454798318
"A","trial","RL","5-HT","Pre-Stim",8,44,NA,7.34005949107314
"A","trial","RL","5-HT","Pre-Stim",8,45,NA,6.86542389151372
"A","trial","RL","5-HT","Pre-Stim",8,46,NA,4.31667817256157
"A","trial","RL","5-HT","Pre-Stim",8,47,NA,4.48233183123839
"A","trial","RL","5-HT","Pre-Stim",8,48,NA,4.40774217606802
"A","trial","RL","5-HT","Pre-Stim",8,49,NA,7.79955072604895
"A","trial","RL","5-HT","Pre-Stim",8,50,NA,7.68972457111766
"A","trial","RL","5-HT","Pre-Stim",8,51,NA,8.71434550471333
"A","trial","RL","5-HT","Pre-Stim",8,52,NA,6.32137845871095
"A","trial","RL","5-HT","Pre-Stim",8,53,NA,6.73813116600805
"A","trial","RL","5-HT","Pre-Stim",8,54,NA,6.80991940659466
"A","trial","RL","5-HT","Pre-Stim",8,55,NA,7.27489969486646
"A","trial","RL","5-HT","Pre-Stim",8,56,NA,8.64314342709751
"A","trial","RL","5-HT","Pre-Stim",8,57,NA,6.40257102608671
"A","trial","RL","5-HT","Pre-Stim",8,58,NA,6.31814549381316
"A","trial","RL","5-HT","Pre-Stim",8,59,NA,4.94434814093602
"A","trial","RL","5-HT","Pre-Stim",8,60,NA,5.5742714375131
"A","trial","RL","5-HT","Pre-Stim",8,61,NA,7.24350334888084
"A","trial","RL","5-HT","Pre-Stim",8,62,NA,5.51747790852695
"A","trial","RL","5-HT","Pre-Stim",8,63,NA,4.08541114442315
"A","trial","RL","5-HT","Pre-Stim",8,64,NA,5.46457205089684
"A","trial","RL","5-HT","Pre-Stim",8,65,NA,6.01546352089762
"A","trial","RL","5-HT","Pre-Stim",8,66,NA,3.58631340853816
"A","trial","RL","5-HT","Pre-Stim",8,67,NA,3.60001892537325
"A","trial","RL","5-HT","Pre-Stim",8,68,NA,4.31519653680844
"A","trial","RL","5-HT","Pre-Stim",8,69,NA,3.96656906137816
"A","trial","RL","5-HT","Pre-Stim",8,70,NA,2.70070245746274
"A","trial","RL","5-HT","Pre-Stim",8,71,NA,1.49878604727652
"A","trial","RL","5-HT","Pre-Stim",8,72,NA,2.90666298181712
"A","trial","RL","5-HT","Pre-Stim",8,73,NA,4.44165413212313
"A","trial","RL","5-HT","Pre-Stim",8,74,NA,1.20166055536941
"A","trial","RL","5-HT","Pre-Stim",8,75,NA,2.52086683988818
"A","trial","RL","5-HT","Pre-Stim",8,76,NA,2.57443346110789
"A","trial","RL","5-HT","Pre-Stim",8,77,NA,1.73215182659966
"A","trial","RL","5-HT","Pre-Stim",8,78,NA,1.86615929136411
"A","trial","RL","5-HT","Pre-Stim",8,79,NA,3.40742067983481
"A","trial","RL","5-HT","Pre-Stim",8,80,NA,4.39853688893297
"A","trial","RL","5-HT","Pre-Stim",8,81,NA,1.0409028542298
"A","trial","RL","5-HT","Pre-Stim",8,82,NA,-0.206990678043805
"A","trial","RL","5-HT","Pre-Stim",8,83,NA,2.8042703759649
"A","trial","RL","5-HT","Pre-Stim",8,84,NA,1.16326893438992
"A","trial","RL","5-HT","Pre-Stim",8,85,NA,2.70012556766321
"A","trial","RL","5-HT","Pre-Stim",8,86,NA,1.973141244286
"A","trial","RL","5-HT","Pre-Stim",8,87,NA,2.03313121895931
"A","trial","RL","5-HT","Pre-Stim",8,88,NA,1.57834050353083
"A","trial","RL","5-HT","Pre-Stim",8,89,NA,-0.136323399363015
"A","trial","RL","5-HT","Pre-Stim",8,90,NA,4.16161555793691
"A","trial","RL","5-HT","Pre-Stim",8,91,NA,1.56198091650498
"A","trial","RL","5-HT","Pre-Stim",8,92,NA,3.45395561430487
"A","trial","RL","5-HT","Pre-Stim",8,93,NA,0.191430963363678
"A","trial","RL","5-HT","Pre-Stim",8,94,NA,2.93441460812329
"A","trial","RL","5-HT","Pre-Stim",8,95,NA,2.47508954389157
"A","trial","RL","5-HT","Pre-Stim",8,96,NA,3.56516932386134
"A","trial","RL","5-HT","Pre-Stim",8,97,NA,3.14551694316839
"A","trial","RL","5-HT","Pre-Stim",8,98,NA,-0.466115963896357
"A","trial","RL","5-HT","Pre-Stim",8,99,NA,1.75532703680069
"A","trial","RL","5-HT","Pre-Stim",8,100,NA,3.82542766894086
"A","trial","RL","5-HT","Pre-Stim",8,101,NA,1.80870329837928
"A","trial","RL","5-HT","Pre-Stim",8,102,NA,2.91200430717335
"A","trial","RL","5-HT","Pre-Stim",8,103,NA,0.9397339346687
"A","trial","RL","5-HT","Pre-Stim",8,104,NA,1.74581502778472
"A","trial","RL","5-HT","Pre-Stim",8,105,NA,-1.53973258526597
"A","trial","RL","DA","Pre-Stim",8,1,NA,-5.72122145789282
"A","trial","RL","DA","Pre-Stim",8,2,NA,-6.9356197426579
"A","trial","RL","DA","Pre-Stim",8,3,NA,-6.76207409863221
"A","trial","RL","DA","Pre-Stim",8,4,NA,-6.93611593422828
"A","trial","RL","DA","Pre-Stim",8,5,NA,-6.43306687649778
"A","trial","RL","DA","Pre-Stim",8,6,NA,-6.79230363705298
"A","trial","RL","DA","Pre-Stim",8,7,NA,-7.10034991070421
"A","trial","RL","DA","Pre-Stim",8,8,NA,-7.04201003960463
"A","trial","RL","DA","Pre-Stim",8,9,NA,-6.73279294511262
"A","trial","RL","DA","Pre-Stim",8,10,NA,-7.24274679291446
"A","trial","RL","DA","Pre-Stim",8,11,NA,-6.1428566317239
"A","trial","RL","DA","Pre-Stim",8,12,NA,-7.08796409339887
"A","trial","RL","DA","Pre-Stim",8,13,NA,-5.93731736196457
"A","trial","RL","DA","Pre-Stim",8,14,NA,-6.87842244669902
"A","trial","RL","DA","Pre-Stim",8,15,NA,-9.45142379568111
"A","trial","RL","DA","Pre-Stim",8,16,NA,-8.59867499917227
"A","trial","RL","DA","Pre-Stim",8,17,NA,-9.05866305233373
"A","trial","RL","DA","Pre-Stim",8,18,NA,-8.92895639693046
"A","trial","RL","DA","Pre-Stim",8,19,NA,-8.71565108469538
"A","trial","RL","DA","Pre-Stim",8,20,NA,-8.06762926388918
"A","trial","RL","DA","Pre-Stim",8,21,NA,-8.32014623132932
"A","trial","RL","DA","Pre-Stim",8,22,NA,-8.86669599642066
"A","trial","RL","DA","Pre-Stim",8,23,NA,-8.10531146897859
"A","trial","RL","DA","Pre-Stim",8,24,NA,-8.66707736577454
"A","trial","RL","DA","Pre-Stim",8,25,NA,-8.94308495574235
"A","trial","RL","DA","Pre-Stim",8,26,NA,-8.4194364719225
"A","trial","RL","DA","Pre-Stim",8,27,NA,-7.62077024082446
"A","trial","RL","DA","Pre-Stim",8,28,NA,-7.52873569165223
"A","trial","RL","DA","Pre-Stim",8,29,NA,-7.34921440071571
"A","trial","RL","DA","Pre-Stim",8,30,NA,-6.70564499040137
"A","trial","RL","DA","Pre-Stim",8,31,NA,-7.37177830622426
"A","trial","RL","DA","Pre-Stim",8,32,NA,-6.24736807858011
"A","trial","RL","DA","Pre-Stim",8,33,NA,-6.85846180676038
"A","trial","RL","DA","Pre-Stim",8,34,NA,-5.9943569612301
"A","trial","RL","DA","Pre-Stim",8,35,NA,-6.29633642378074
"A","trial","RL","DA","Pre-Stim",8,36,NA,-5.94931672126256
"A","trial","RL","DA","Pre-Stim",8,37,NA,-5.98659979502263
"A","trial","RL","DA","Pre-Stim",8,38,NA,-6.11239316771381
"A","trial","RL","DA","Pre-Stim",8,39,NA,-5.66031988778602
"A","trial","RL","DA","Pre-Stim",8,40,NA,-6.29985523807108
"A","trial","RL","DA","Pre-Stim",8,41,NA,-5.26887824691682
"A","trial","RL","DA","Pre-Stim",8,42,NA,-4.94199464279063
"A","trial","RL","DA","Pre-Stim",8,43,NA,-6.01329688250881
"A","trial","RL","DA","Pre-Stim",8,44,NA,-5.82554883220901
"A","trial","RL","DA","Pre-Stim",8,45,NA,-5.3755124672922
"A","trial","RL","DA","Pre-Stim",8,46,NA,-6.22814707981274
"A","trial","RL","DA","Pre-Stim",8,47,NA,-4.40872083669314
"A","trial","RL","DA","Pre-Stim",8,48,NA,-5.34075288577692
"A","trial","RL","DA","Pre-Stim",8,49,NA,-7.63075218142409
"A","trial","RL","DA","Pre-Stim",8,50,NA,-7.17748548464911
"A","trial","RL","DA","Pre-Stim",8,51,NA,-6.98325123548552
"A","trial","RL","DA","Pre-Stim",8,52,NA,-6.92787155337713
"A","trial","RL","DA","Pre-Stim",8,53,NA,-6.42570243493822
"A","trial","RL","DA","Pre-Stim",8,54,NA,-6.26977635379293
"A","trial","RL","DA","Pre-Stim",8,55,NA,-5.53249322783843
"A","trial","RL","DA","Pre-Stim",8,56,NA,-6.29471807476413
"A","trial","RL","DA","Pre-Stim",8,57,NA,-4.7253620873206
"A","trial","RL","DA","Pre-Stim",8,58,NA,-6.0380949417648
"A","trial","RL","DA","Pre-Stim",8,59,NA,-4.83100861325994
"A","trial","RL","DA","Pre-Stim",8,60,NA,-5.47401881620371
"A","trial","RL","DA","Pre-Stim",8,61,NA,-4.82172500260808
"A","trial","RL","DA","Pre-Stim",8,62,NA,-4.27106789529853
"A","trial","RL","DA","Pre-Stim",8,63,NA,-3.66316150707157
"A","trial","RL","DA","Pre-Stim",8,64,NA,-4.57469569833998
"A","trial","RL","DA","Pre-Stim",8,65,NA,-4.87840888140436
"A","trial","RL","DA","Pre-Stim",8,66,NA,-4.06975881596685
"A","trial","RL","DA","Pre-Stim",8,67,NA,-2.60044558978461
"A","trial","RL","DA","Pre-Stim",8,68,NA,-3.08803137600959
"A","trial","RL","DA","Pre-Stim",8,69,NA,-3.28121145395895
"A","trial","RL","DA","Pre-Stim",8,70,NA,-3.90693227855163
"A","trial","RL","DA","Pre-Stim",8,71,NA,-3.97530507715412
"A","trial","RL","DA","Pre-Stim",8,72,NA,-3.40499924913692
"A","trial","RL","DA","Pre-Stim",8,73,NA,-4.63732528129875
"A","trial","RL","DA","Pre-Stim",8,74,NA,-3.64928824812478
"A","trial","RL","DA","Pre-Stim",8,75,NA,-3.37991279918485
"A","trial","RL","DA","Pre-Stim",8,76,NA,-2.24573584121471
"A","trial","RL","DA","Pre-Stim",8,77,NA,-4.67945064214988
"A","trial","RL","DA","Pre-Stim",8,78,NA,-4.58134680099775
"A","trial","RL","DA","Pre-Stim",8,79,NA,-3.02598909889468
"A","trial","RL","DA","Pre-Stim",8,80,NA,-3.88883011208726
"A","trial","RL","DA","Pre-Stim",8,81,NA,-3.33273188264786
"A","trial","RL","DA","Pre-Stim",8,82,NA,-2.48921500454342
"A","trial","RL","DA","Pre-Stim",8,83,NA,-4.71664212041973
"A","trial","RL","DA","Pre-Stim",8,84,NA,-3.76522622070246
"A","trial","RL","DA","Pre-Stim",8,85,NA,-2.31768115217623
"A","trial","RL","DA","Pre-Stim",8,86,NA,-2.721546707663
"A","trial","RL","DA","Pre-Stim",8,87,NA,-3.36732526501976
"A","trial","RL","DA","Pre-Stim",8,88,NA,-1.8816792170778
"A","trial","RL","DA","Pre-Stim",8,89,NA,-3.74338451434664
"A","trial","RL","DA","Pre-Stim",8,90,NA,-4.36857998269621
"A","trial","RL","DA","Pre-Stim",8,91,NA,-3.00611508795047
"A","trial","RL","DA","Pre-Stim",8,92,NA,-3.07257952628085
"A","trial","RL","DA","Pre-Stim",8,93,NA,-5.44777020353974
"A","trial","RL","DA","Pre-Stim",8,94,NA,-4.42243929082847
"A","trial","RL","DA","Pre-Stim",8,95,NA,-3.76279291508033
"A","trial","RL","DA","Pre-Stim",8,96,NA,-3.70564044716888
"A","trial","RL","DA","Pre-Stim",8,97,NA,-3.1393187821297
"A","trial","RL","DA","Pre-Stim",8,98,NA,-1.22543348585815
"A","trial","RL","DA","Pre-Stim",8,99,NA,-2.76159147962829
"A","trial","RL","DA","Pre-Stim",8,100,NA,-2.7313458723466
"A","trial","RL","DA","Pre-Stim",8,101,NA,-3.52608424023211
"A","trial","RL","DA","Pre-Stim",8,102,NA,-1.9706909660602
"A","trial","RL","DA","Pre-Stim",8,103,NA,-1.51674316602943
"A","trial","RL","DA","Pre-Stim",8,104,NA,-3.2955173816518
"A","trial","RL","DA","Pre-Stim",8,105,NA,-2.76408162767111
"A","trial","RL","5-HT","Post-Stim",8,1,NA,-5.88985383308497
"A","trial","RL","5-HT","Post-Stim",8,2,NA,-6.81032615803919
"A","trial","RL","5-HT","Post-Stim",8,3,NA,-6.95125768108798
"A","trial","RL","5-HT","Post-Stim",8,4,NA,-5.09962581394919
"A","trial","RL","5-HT","Post-Stim",8,5,NA,-4.66739821631723
"A","trial","RL","5-HT","Post-Stim",8,6,NA,-5.72542166515684
"A","trial","RL","5-HT","Post-Stim",8,7,NA,-5.50027123948569
"A","trial","RL","5-HT","Post-Stim",8,8,NA,-6.33751057159008
"A","trial","RL","5-HT","Post-Stim",8,9,NA,-5.28144630891214
"A","trial","RL","5-HT","Post-Stim",8,10,NA,-7.04155992850749
"A","trial","RL","5-HT","Post-Stim",8,11,NA,-5.28977866938789
"A","trial","RL","5-HT","Post-Stim",8,12,NA,-6.88948192338778
"A","trial","RL","5-HT","Post-Stim",8,13,NA,-6.11760093751092
"A","trial","RL","5-HT","Post-Stim",8,14,NA,-8.57228988701832
"A","trial","RL","5-HT","Post-Stim",8,15,NA,-6.13776852494841
"A","trial","RL","5-HT","Post-Stim",8,16,NA,-6.41059679125933
"A","trial","RL","5-HT","Post-Stim",8,17,NA,-6.64694816814531
"A","trial","RL","5-HT","Post-Stim",8,18,NA,-4.91031237585477
"A","trial","RL","5-HT","Post-Stim",8,19,NA,-6.55944849903944
"A","trial","RL","5-HT","Post-Stim",8,20,NA,-4.74388524621202
"A","trial","RL","5-HT","Post-Stim",8,21,NA,-5.43549895942712
"A","trial","RL","5-HT","Post-Stim",8,22,NA,-5.5358287080861
"A","trial","RL","5-HT","Post-Stim",8,23,NA,-6.53308341407112
"A","trial","RL","5-HT","Post-Stim",8,24,NA,-5.96815687790022
"A","trial","RL","5-HT","Post-Stim",8,25,NA,-5.3085623351135
"A","trial","RL","5-HT","Post-Stim",8,26,NA,-5.12708173189685
"A","trial","RL","5-HT","Post-Stim",8,27,NA,-6.5637840665479
"A","trial","RL","5-HT","Post-Stim",8,28,NA,-3.95330668131896
"A","trial","RL","5-HT","Post-Stim",8,29,NA,-4.19510082266291
"A","trial","RL","5-HT","Post-Stim",8,30,NA,-4.48059629184683
"A","trial","RL","5-HT","Post-Stim",8,31,NA,-4.22132265939575
"A","trial","RL","5-HT","Post-Stim",8,32,NA,-5.35063047190445
"A","trial","RL","5-HT","Post-Stim",8,33,NA,-4.35574522402209
"A","trial","RL","5-HT","Post-Stim",8,34,NA,-6.58598102541146
"A","trial","RL","5-HT","Post-Stim",8,35,NA,-7.00800416365094
"A","trial","RL","5-HT","Post-Stim",8,36,NA,-5.65883229991898
"A","trial","RL","5-HT","Post-Stim",8,37,NA,-6.46230906607657
"A","trial","RL","5-HT","Post-Stim",8,38,NA,-6.7842003154177
"A","trial","RL","5-HT","Post-Stim",8,39,NA,-5.11783877469508
"A","trial","RL","5-HT","Post-Stim",8,40,NA,-4.49985554364996
"A","trial","RL","5-HT","Post-Stim",8,41,NA,-4.33087023835725
"A","trial","RL","5-HT","Post-Stim",8,42,NA,-5.87253943760431
"A","trial","RL","5-HT","Post-Stim",8,43,NA,-5.67989330850847
"A","trial","RL","5-HT","Post-Stim",8,44,NA,-6.77703428628325
"A","trial","RL","5-HT","Post-Stim",8,45,NA,-6.47359060840666
"A","trial","RL","5-HT","Post-Stim",8,46,NA,-7.50135340784603
"A","trial","RL","5-HT","Post-Stim",8,47,NA,-5.81659142819084
"A","trial","RL","5-HT","Post-Stim",8,48,NA,-6.15699528337427
"A","trial","RL","5-HT","Post-Stim",8,49,NA,-5.83132451923331
"A","trial","RL","5-HT","Post-Stim",8,50,NA,-5.83035838872802
"A","trial","RL","5-HT","Post-Stim",8,51,NA,-5.96658246497531
"A","trial","RL","5-HT","Post-Stim",8,52,NA,-6.61414949309712
"A","trial","RL","5-HT","Post-Stim",8,53,NA,-6.5394826345495
"A","trial","RL","5-HT","Post-Stim",8,54,NA,-7.1213811718514
"A","trial","RL","5-HT","Post-Stim",8,55,NA,-4.89319986725727
"A","trial","RL","5-HT","Post-Stim",8,56,NA,-6.33726698157798
"A","trial","RL","5-HT","Post-Stim",8,57,NA,-6.5836820387168
"A","trial","RL","5-HT","Post-Stim",8,58,NA,-7.52253348250286
"A","trial","RL","5-HT","Post-Stim",8,59,NA,-6.45667484660332
"A","trial","RL","5-HT","Post-Stim",8,60,NA,-7.08793885464055
"A","trial","RL","5-HT","Post-Stim",8,61,NA,-6.80883309117611
"A","trial","RL","5-HT","Post-Stim",8,62,NA,-6.15611581165167
"A","trial","RL","5-HT","Post-Stim",8,63,NA,-6.9390504579902
"A","trial","RL","5-HT","Post-Stim",8,64,NA,-5.31304645320217
"A","trial","RL","5-HT","Post-Stim",8,65,NA,-5.73413926127051
"A","trial","RL","5-HT","Post-Stim",8,66,NA,-5.51373329448897
"A","trial","RL","5-HT","Post-Stim",8,67,NA,-5.96369134909167
"A","trial","RL","5-HT","Post-Stim",8,68,NA,-7.50699475497201
"A","trial","RL","5-HT","Post-Stim",8,69,NA,-7.94423725886428
"A","trial","RL","5-HT","Post-Stim",8,70,NA,-8.10922593521157
"A","trial","RL","5-HT","Post-Stim",8,71,NA,-7.1313316757732
"A","trial","RL","5-HT","Post-Stim",8,72,NA,-6.104343586162
"A","trial","RL","5-HT","Post-Stim",8,73,NA,-6.57331705663235
"A","trial","RL","5-HT","Post-Stim",8,74,NA,-6.40843243046142
"A","trial","RL","5-HT","Post-Stim",8,75,NA,-3.86188482093919
"A","trial","RL","5-HT","Post-Stim",8,76,NA,-5.15670820025739
"A","trial","RL","5-HT","Post-Stim",8,77,NA,-6.14322759705871
"A","trial","RL","5-HT","Post-Stim",8,78,NA,-6.34853512387731
"A","trial","RL","5-HT","Post-Stim",8,79,NA,-4.83050677511834
"A","trial","RL","5-HT","Post-Stim",8,80,NA,-5.74860562663608
"A","trial","RL","5-HT","Post-Stim",8,81,NA,-4.51598574522863
"A","trial","RL","5-HT","Post-Stim",8,82,NA,-3.83941461771897
"A","trial","RL","5-HT","Post-Stim",8,83,NA,-2.94700601382566
"A","trial","RL","5-HT","Post-Stim",8,84,NA,-6.1559550672626
"A","trial","RL","5-HT","Post-Stim",8,85,NA,-4.49417882383717
"A","trial","RL","5-HT","Post-Stim",8,86,NA,-4.467904468477
"A","trial","RL","5-HT","Post-Stim",8,87,NA,-3.80440576667371
"A","trial","RL","5-HT","Post-Stim",8,88,NA,-4.18240521461367
"A","trial","RL","5-HT","Post-Stim",8,89,NA,-3.18960985630373
"A","trial","RL","5-HT","Post-Stim",8,90,NA,-2.91696535421029
"A","trial","RL","5-HT","Post-Stim",8,91,NA,-2.83922782475969
"A","trial","RL","5-HT","Post-Stim",8,92,NA,-3.57789705948078
"A","trial","RL","5-HT","Post-Stim",8,93,NA,-3.42215109721452
"A","trial","RL","5-HT","Post-Stim",8,94,NA,-2.30073901100549
"A","trial","RL","5-HT","Post-Stim",8,95,NA,-3.81975240398419
"A","trial","RL","5-HT","Post-Stim",8,96,NA,-2.94773422543276
"A","trial","RL","5-HT","Post-Stim",8,97,NA,-1.57687230908828
"A","trial","RL","5-HT","Post-Stim",8,98,NA,-3.14547875432997
"A","trial","RL","5-HT","Post-Stim",8,99,NA,-1.65042014830773
"A","trial","RL","5-HT","Post-Stim",8,100,NA,-4.25719159415186
"A","trial","RL","5-HT","Post-Stim",8,101,NA,-4.2476055574508
"A","trial","RL","5-HT","Post-Stim",8,102,NA,-2.5131039111037
"A","trial","RL","5-HT","Post-Stim",8,103,NA,-0.92866621112967
"A","trial","RL","5-HT","Post-Stim",8,104,NA,0.413182345320202
"A","trial","RL","5-HT","Post-Stim",8,105,NA,-2.5602447034669
"A","trial","RL","DA","Post-Stim",8,1,NA,9.87595624859177
"A","trial","RL","DA","Post-Stim",8,2,NA,9.93791048116606
"A","trial","RL","DA","Post-Stim",8,3,NA,9.29294127395817
"A","trial","RL","DA","Post-Stim",8,4,NA,8.30718690196693
"A","trial","RL","DA","Post-Stim",8,5,NA,9.17381416479952
"A","trial","RL","DA","Post-Stim",8,6,NA,8.53329134058654
"A","trial","RL","DA","Post-Stim",8,7,NA,9.39758801128683
"A","trial","RL","DA","Post-Stim",8,8,NA,8.5300939642747
"A","trial","RL","DA","Post-Stim",8,9,NA,7.33592775236623
"A","trial","RL","DA","Post-Stim",8,10,NA,8.73976756780087
"A","trial","RL","DA","Post-Stim",8,11,NA,8.21195712046856
"A","trial","RL","DA","Post-Stim",8,12,NA,7.53172008020205
"A","trial","RL","DA","Post-Stim",8,13,NA,8.58076675010214
"A","trial","RL","DA","Post-Stim",8,14,NA,8.39651203412791
"A","trial","RL","DA","Post-Stim",8,15,NA,10.5858494911329
"A","trial","RL","DA","Post-Stim",8,16,NA,8.80204223473644
"A","trial","RL","DA","Post-Stim",8,17,NA,8.75235628228885
"A","trial","RL","DA","Post-Stim",8,18,NA,7.96610013536028
"A","trial","RL","DA","Post-Stim",8,19,NA,7.20039318537782
"A","trial","RL","DA","Post-Stim",8,20,NA,6.04772778423324
"A","trial","RL","DA","Post-Stim",8,21,NA,8.2983258324831
"A","trial","RL","DA","Post-Stim",8,22,NA,6.65104194981462
"A","trial","RL","DA","Post-Stim",8,23,NA,6.88149775243557
"A","trial","RL","DA","Post-Stim",8,24,NA,5.31645085084125
"A","trial","RL","DA","Post-Stim",8,25,NA,7.04452863396085
"A","trial","RL","DA","Post-Stim",8,26,NA,6.3197872144595
"A","trial","RL","DA","Post-Stim",8,27,NA,5.92828745911044
"A","trial","RL","DA","Post-Stim",8,28,NA,7.28437902088729
"A","trial","RL","DA","Post-Stim",8,29,NA,5.45154172621355
"A","trial","RL","DA","Post-Stim",8,30,NA,7.72732697748376
"A","trial","RL","DA","Post-Stim",8,31,NA,5.54240353320844
"A","trial","RL","DA","Post-Stim",8,32,NA,7.47139494468063
"A","trial","RL","DA","Post-Stim",8,33,NA,7.18701372032166
"A","trial","RL","DA","Post-Stim",8,34,NA,7.20265020869739
"A","trial","RL","DA","Post-Stim",8,35,NA,7.73102006597216
"A","trial","RL","DA","Post-Stim",8,36,NA,7.4562556252285
"A","trial","RL","DA","Post-Stim",8,37,NA,7.75932873990056
"A","trial","RL","DA","Post-Stim",8,38,NA,8.22134830644484
"A","trial","RL","DA","Post-Stim",8,39,NA,6.73965404734228
"A","trial","RL","DA","Post-Stim",8,40,NA,5.82268895973769
"A","trial","RL","DA","Post-Stim",8,41,NA,4.44264518870508
"A","trial","RL","DA","Post-Stim",8,42,NA,7.93385837651901
"A","trial","RL","DA","Post-Stim",8,43,NA,6.02577371252227
"A","trial","RL","DA","Post-Stim",8,44,NA,8.04548923790054
"A","trial","RL","DA","Post-Stim",8,45,NA,7.18483338910009
"A","trial","RL","DA","Post-Stim",8,46,NA,7.65762271543344
"A","trial","RL","DA","Post-Stim",8,47,NA,8.00149414798194
"A","trial","RL","DA","Post-Stim",8,48,NA,6.0526357683302
"A","trial","RL","DA","Post-Stim",8,49,NA,6.81530796298797
"A","trial","RL","DA","Post-Stim",8,50,NA,7.56821897065193
"A","trial","RL","DA","Post-Stim",8,51,NA,5.62656185045698
"A","trial","RL","DA","Post-Stim",8,52,NA,6.26307017581157
"A","trial","RL","DA","Post-Stim",8,53,NA,5.69231849322024
"A","trial","RL","DA","Post-Stim",8,54,NA,5.01283737093131
"A","trial","RL","DA","Post-Stim",8,55,NA,4.93890812601033
"A","trial","RL","DA","Post-Stim",8,56,NA,4.30562398493379
"A","trial","RL","DA","Post-Stim",8,57,NA,5.73593284780721
"A","trial","RL","DA","Post-Stim",8,58,NA,5.56690219302347
"A","trial","RL","DA","Post-Stim",8,59,NA,4.46008556052378
"A","trial","RL","DA","Post-Stim",8,60,NA,6.57261718749891
"A","trial","RL","DA","Post-Stim",8,61,NA,5.01567047602652
"A","trial","RL","DA","Post-Stim",8,62,NA,6.09366937769439
"A","trial","RL","DA","Post-Stim",8,63,NA,6.44111434534177
"A","trial","RL","DA","Post-Stim",8,64,NA,5.40748854644335
"A","trial","RL","DA","Post-Stim",8,65,NA,7.53038779466774
"A","trial","RL","DA","Post-Stim",8,66,NA,5.37684666361673
"A","trial","RL","DA","Post-Stim",8,67,NA,4.92084622544053
"A","trial","RL","DA","Post-Stim",8,68,NA,4.8099871235961
"A","trial","RL","DA","Post-Stim",8,69,NA,5.81836397928035
"A","trial","RL","DA","Post-Stim",8,70,NA,5.5527374079771
"A","trial","RL","DA","Post-Stim",8,71,NA,3.60006916371186
"A","trial","RL","DA","Post-Stim",8,72,NA,4.96830402156396
"A","trial","RL","DA","Post-Stim",8,73,NA,4.9569202672545
"A","trial","RL","DA","Post-Stim",8,74,NA,4.63850240221216
"A","trial","RL","DA","Post-Stim",8,75,NA,4.3677127060349
"A","trial","RL","DA","Post-Stim",8,76,NA,4.85618005170211
"A","trial","RL","DA","Post-Stim",8,77,NA,5.39558296573204
"A","trial","RL","DA","Post-Stim",8,78,NA,3.81711860763359
"A","trial","RL","DA","Post-Stim",8,79,NA,1.52504284395426
"A","trial","RL","DA","Post-Stim",8,80,NA,3.02219222323922
"A","trial","RL","DA","Post-Stim",8,81,NA,2.99716375253871
"A","trial","RL","DA","Post-Stim",8,82,NA,2.41223377596159
"A","trial","RL","DA","Post-Stim",8,83,NA,3.70085506696473
"A","trial","RL","DA","Post-Stim",8,84,NA,2.92064563041606
"A","trial","RL","DA","Post-Stim",8,85,NA,2.18453854848289
"A","trial","RL","DA","Post-Stim",8,86,NA,0.591285889612087
"A","trial","RL","DA","Post-Stim",8,87,NA,3.35763455767089
"A","trial","RL","DA","Post-Stim",8,88,NA,0.841681316856822
"A","trial","RL","DA","Post-Stim",8,89,NA,3.1441025576553
"A","trial","RL","DA","Post-Stim",8,90,NA,1.58690398027196
"A","trial","RL","DA","Post-Stim",8,91,NA,1.23846914401047
"A","trial","RL","DA","Post-Stim",8,92,NA,0.399474677806246
"A","trial","RL","DA","Post-Stim",8,93,NA,0.740104646139022
"A","trial","RL","DA","Post-Stim",8,94,NA,1.84855161847733
"A","trial","RL","DA","Post-Stim",8,95,NA,1.4244468122929
"A","trial","RL","DA","Post-Stim",8,96,NA,2.02575645529355
"A","trial","RL","DA","Post-Stim",8,97,NA,1.68328146542652
"A","trial","RL","DA","Post-Stim",8,98,NA,3.33156299749076
"A","trial","RL","DA","Post-Stim",8,99,NA,2.08244146205662
"A","trial","RL","DA","Post-Stim",8,100,NA,1.80771149652465
"A","trial","RL","DA","Post-Stim",8,101,NA,1.67179387267793
"A","trial","RL","DA","Post-Stim",8,102,NA,1.03141810558828
"A","trial","RL","DA","Post-Stim",8,103,NA,2.62575695203962
"A","trial","RL","DA","Post-Stim",8,104,NA,1.43644290860604
"A","trial","RL","DA","Post-Stim",8,105,NA,2.64031713152732
"A","trial","RL","5-HT","Pre-Stim",9,1,NA,-7.52944992699437
"A","trial","RL","5-HT","Pre-Stim",9,2,NA,-6.73554519208778
"A","trial","RL","5-HT","Pre-Stim",9,3,NA,-6.60831653901546
"A","trial","RL","5-HT","Pre-Stim",9,4,NA,-7.77258579213508
"A","trial","RL","5-HT","Pre-Stim",9,5,NA,-6.86544519149812
"A","trial","RL","5-HT","Pre-Stim",9,6,NA,-7.39093374597518
"A","trial","RL","5-HT","Pre-Stim",9,7,NA,-7.21004824664323
"A","trial","RL","5-HT","Pre-Stim",9,8,NA,-7.16121438816326
"A","trial","RL","5-HT","Pre-Stim",9,9,NA,-7.23145164665243
"A","trial","RL","5-HT","Pre-Stim",9,10,NA,-6.05259137200259
"A","trial","RL","5-HT","Pre-Stim",9,11,NA,-6.77709781003681
"A","trial","RL","5-HT","Pre-Stim",9,12,NA,-7.50931334898238
"A","trial","RL","5-HT","Pre-Stim",9,13,NA,-8.5077540908177
"A","trial","RL","5-HT","Pre-Stim",9,14,NA,-7.40053715817386
"A","trial","RL","5-HT","Pre-Stim",9,15,NA,-6.68988145673159
"A","trial","RL","5-HT","Pre-Stim",9,16,NA,-6.51432764294242
"A","trial","RL","5-HT","Pre-Stim",9,17,NA,-6.79072911011314
"A","trial","RL","5-HT","Pre-Stim",9,18,NA,-6.89490011089689
"A","trial","RL","5-HT","Pre-Stim",9,19,NA,-7.58434433147142
"A","trial","RL","5-HT","Pre-Stim",9,20,NA,-6.67051931795298
"A","trial","RL","5-HT","Pre-Stim",9,21,NA,-6.52583727072792
"A","trial","RL","5-HT","Pre-Stim",9,22,NA,-7.56784374226121
"A","trial","RL","5-HT","Pre-Stim",9,23,NA,-6.9092128236613
"A","trial","RL","5-HT","Pre-Stim",9,24,NA,-7.80573177407187
"A","trial","RL","5-HT","Pre-Stim",9,25,NA,-7.32995324934777
"A","trial","RL","5-HT","Pre-Stim",9,26,NA,-7.0731761911806
"A","trial","RL","5-HT","Pre-Stim",9,27,NA,-7.330901718696
"A","trial","RL","5-HT","Pre-Stim",9,28,NA,-7.2191089421604
"A","trial","RL","5-HT","Pre-Stim",9,29,NA,-7.22071229329126
"A","trial","RL","5-HT","Pre-Stim",9,30,NA,-7.62922991645137
"A","trial","RL","5-HT","Pre-Stim",9,31,NA,-6.75219917899775
"A","trial","RL","5-HT","Pre-Stim",9,32,NA,-7.04243740232391
"A","trial","RL","5-HT","Pre-Stim",9,33,NA,-5.83581377549917
"A","trial","RL","5-HT","Pre-Stim",9,34,NA,-6.88206807310979
"A","trial","RL","5-HT","Pre-Stim",9,35,NA,-6.67166123830056
"A","trial","RL","5-HT","Pre-Stim",9,37,NA,-7.05309229285062
"A","trial","RL","5-HT","Pre-Stim",9,38,NA,-5.72057237321633
"A","trial","RL","5-HT","Pre-Stim",9,39,NA,-5.78463787360925
"A","trial","RL","5-HT","Pre-Stim",9,40,NA,-5.90058409622046
"A","trial","RL","5-HT","Pre-Stim",9,41,NA,-6.53247388350148
"A","trial","RL","5-HT","Pre-Stim",9,42,NA,-5.34282853888473
"A","trial","RL","5-HT","Pre-Stim",9,43,NA,-6.14203716689116
"A","trial","RL","5-HT","Pre-Stim",9,44,NA,-5.67184550523245
"A","trial","RL","5-HT","Pre-Stim",9,45,NA,-5.92613483026124
"A","trial","RL","5-HT","Pre-Stim",9,46,NA,-6.32270371183764
"A","trial","RL","5-HT","Pre-Stim",9,47,NA,-6.76761636462679
"A","trial","RL","5-HT","Pre-Stim",9,48,NA,-5.6818379384079
"A","trial","RL","5-HT","Pre-Stim",9,49,NA,-5.33941094312067
"A","trial","RL","5-HT","Pre-Stim",9,50,NA,-5.39592389420574
"A","trial","RL","5-HT","Pre-Stim",9,51,NA,-5.38253873885136
"A","trial","RL","5-HT","Pre-Stim",9,52,NA,-5.401048830418
"A","trial","RL","5-HT","Pre-Stim",9,53,NA,-5.42521927815222
"A","trial","RL","5-HT","Pre-Stim",9,54,NA,-5.22415108624962
"A","trial","RL","5-HT","Pre-Stim",9,55,NA,-5.3718155830694
"A","trial","RL","5-HT","Pre-Stim",9,56,NA,-6.27105648869337
"A","trial","RL","5-HT","Pre-Stim",9,57,NA,-5.21721827221507
"A","trial","RL","5-HT","Pre-Stim",9,58,NA,-5.45501477482098
"A","trial","RL","5-HT","Pre-Stim",9,59,NA,-5.12510124438486
"A","trial","RL","5-HT","Pre-Stim",9,60,NA,-4.95080993374032
"A","trial","RL","5-HT","Pre-Stim",9,61,NA,-5.22954899551979
"A","trial","RL","5-HT","Pre-Stim",9,62,NA,-5.6039433115625
"A","trial","RL","5-HT","Pre-Stim",9,63,NA,-5.05754962921233
"A","trial","RL","5-HT","Pre-Stim",9,64,NA,-5.67712472772327
"A","trial","RL","5-HT","Pre-Stim",9,65,NA,-5.26590213276067
"A","trial","RL","5-HT","Pre-Stim",9,66,NA,-5.6948103212204
"A","trial","RL","5-HT","Pre-Stim",9,67,NA,-5.12604760927976
"A","trial","RL","5-HT","Pre-Stim",9,68,NA,-5.06184562630262
"A","trial","RL","5-HT","Pre-Stim",9,69,NA,-5.28196672030437
"A","trial","RL","5-HT","Pre-Stim",9,70,NA,-4.71532217909473
"A","trial","RL","5-HT","Pre-Stim",9,72,NA,-4.84889338844911
"A","trial","RL","5-HT","Pre-Stim",9,73,NA,-4.9066779665724
"A","trial","RL","5-HT","Pre-Stim",9,74,NA,-4.32173077055726
"A","trial","RL","5-HT","Pre-Stim",9,75,NA,-4.80080465373278
"A","trial","RL","5-HT","Pre-Stim",9,76,NA,-4.28830986831372
"A","trial","RL","5-HT","Pre-Stim",9,77,NA,-5.18910902160545
"A","trial","RL","5-HT","Pre-Stim",9,78,NA,-4.7498634667433
"A","trial","RL","5-HT","Pre-Stim",9,79,NA,-5.2343992198167
"A","trial","RL","5-HT","Pre-Stim",9,80,NA,-4.05289563811175
"A","trial","RL","5-HT","Pre-Stim",9,81,NA,-4.47856570332827
"A","trial","RL","5-HT","Pre-Stim",9,82,NA,-4.52411989018367
"A","trial","RL","5-HT","Pre-Stim",9,83,NA,-4.73612744957853
"A","trial","RL","5-HT","Pre-Stim",9,84,NA,-4.91604409039414
"A","trial","RL","5-HT","Pre-Stim",9,85,NA,-4.49612214026933
"A","trial","RL","5-HT","Pre-Stim",9,86,NA,-5.38714849014255
"A","trial","RL","5-HT","Pre-Stim",9,87,NA,-4.74136836457861
"A","trial","RL","5-HT","Pre-Stim",9,88,NA,-4.08240885532427
"A","trial","RL","5-HT","Pre-Stim",9,89,NA,-4.14010491792883
"A","trial","RL","5-HT","Pre-Stim",9,90,NA,-4.88328924832853
"A","trial","RL","5-HT","Pre-Stim",9,91,NA,-4.39822712702219
"A","trial","RL","5-HT","Pre-Stim",9,92,NA,-4.38349535849886
"A","trial","RL","5-HT","Pre-Stim",9,93,NA,-4.84954689634786
"A","trial","RL","5-HT","Pre-Stim",9,94,NA,-4.22469507050926
"A","trial","RL","5-HT","Pre-Stim",9,95,NA,-3.69707356423591
"A","trial","RL","5-HT","Pre-Stim",9,96,NA,-3.80451362207158
"A","trial","RL","5-HT","Pre-Stim",9,97,NA,-3.24697390421686
"A","trial","RL","5-HT","Pre-Stim",9,98,NA,-4.26906870077123
"A","trial","RL","5-HT","Pre-Stim",9,99,NA,-3.59224924743756
"A","trial","RL","5-HT","Pre-Stim",9,100,NA,-3.53618340279586
"A","trial","RL","5-HT","Pre-Stim",9,101,NA,-3.55109326660256
"A","trial","RL","5-HT","Pre-Stim",9,102,NA,-4.22952240664375
"A","trial","RL","5-HT","Pre-Stim",9,103,NA,-4.00264902081015
"A","trial","RL","5-HT","Pre-Stim",9,104,NA,-3.36440650591678
"A","trial","RL","5-HT","Pre-Stim",9,105,NA,-4.47856651397737
"A","trial","RL","DA","Pre-Stim",9,1,NA,-8.84282213687601
"A","trial","RL","DA","Pre-Stim",9,2,NA,-9.50011702190474
"A","trial","RL","DA","Pre-Stim",9,3,NA,-9.16423961771941
"A","trial","RL","DA","Pre-Stim",9,4,NA,-9.49097537741255
"A","trial","RL","DA","Pre-Stim",9,5,NA,-10.0773982841485
"A","trial","RL","DA","Pre-Stim",9,6,NA,-9.31044482594748
"A","trial","RL","DA","Pre-Stim",9,7,NA,-10.8934916783795
"A","trial","RL","DA","Pre-Stim",9,8,NA,-9.27560783844629
"A","trial","RL","DA","Pre-Stim",9,9,NA,-5.65975252322632
"A","trial","RL","DA","Pre-Stim",9,10,NA,-9.44285354423475
"A","trial","RL","DA","Pre-Stim",9,11,NA,-10.663882305465
"A","trial","RL","DA","Pre-Stim",9,12,NA,-9.42173199689125
"A","trial","RL","DA","Pre-Stim",9,13,NA,-12.4969460371376
"A","trial","RL","DA","Pre-Stim",9,14,NA,-7.39919773794167
"A","trial","RL","DA","Pre-Stim",9,15,NA,-10.5056059207767
"A","trial","RL","DA","Pre-Stim",9,16,NA,-8.92581743571615
"A","trial","RL","DA","Pre-Stim",9,17,NA,-9.05530460498548
"A","trial","RL","DA","Pre-Stim",9,18,NA,-8.54114237765054
"A","trial","RL","DA","Pre-Stim",9,19,NA,-10.0920790600907
"A","trial","RL","DA","Pre-Stim",9,20,NA,-7.43643098683843
"A","trial","RL","DA","Pre-Stim",9,21,NA,-9.66034914407422
"A","trial","RL","DA","Pre-Stim",9,22,NA,-8.74067280607447
"A","trial","RL","DA","Pre-Stim",9,23,NA,-6.60928693858657
"A","trial","RL","DA","Pre-Stim",9,24,NA,-7.42976983635315
"A","trial","RL","DA","Pre-Stim",9,25,NA,-9.05042501479499
"A","trial","RL","DA","Pre-Stim",9,26,NA,-7.17047303015668
"A","trial","RL","DA","Pre-Stim",9,27,NA,-7.81724880803062
"A","trial","RL","DA","Pre-Stim",9,28,NA,-6.20767440034506
"A","trial","RL","DA","Pre-Stim",9,29,NA,-8.56354149994936
"A","trial","RL","DA","Pre-Stim",9,30,NA,-5.93125420817725
"A","trial","RL","DA","Pre-Stim",9,31,NA,-4.70917632618481
"A","trial","RL","DA","Pre-Stim",9,32,NA,-6.92348353457987
"A","trial","RL","DA","Pre-Stim",9,33,NA,-6.21572666103828
"A","trial","RL","DA","Pre-Stim",9,34,NA,-7.83553724804544
"A","trial","RL","DA","Pre-Stim",9,35,NA,-5.74283797694106
"A","trial","RL","DA","Pre-Stim",9,37,NA,-7.41271898984058
"A","trial","RL","DA","Pre-Stim",9,38,NA,-5.27105258497319
"A","trial","RL","DA","Pre-Stim",9,39,NA,-6.96113366109636
"A","trial","RL","DA","Pre-Stim",9,40,NA,-5.31031480981904
"A","trial","RL","DA","Pre-Stim",9,41,NA,-4.26364903064188
"A","trial","RL","DA","Pre-Stim",9,42,NA,-5.40415109756832
"A","trial","RL","DA","Pre-Stim",9,43,NA,-3.23876390812877
"A","trial","RL","DA","Pre-Stim",9,44,NA,-5.92814971252813
"A","trial","RL","DA","Pre-Stim",9,45,NA,-5.4195746811636
"A","trial","RL","DA","Pre-Stim",9,46,NA,-3.95720578944616
"A","trial","RL","DA","Pre-Stim",9,47,NA,-3.56571677513117
"A","trial","RL","DA","Pre-Stim",9,48,NA,-6.31137182057075
"A","trial","RL","DA","Pre-Stim",9,49,NA,-7.84357506368739
"A","trial","RL","DA","Pre-Stim",9,50,NA,-5.60664957085228
"A","trial","RL","DA","Pre-Stim",9,51,NA,-2.11621516380368
"A","trial","RL","DA","Pre-Stim",9,52,NA,-4.33799168686553
"A","trial","RL","DA","Pre-Stim",9,53,NA,-3.18869908440799
"A","trial","RL","DA","Pre-Stim",9,54,NA,-6.10629223289709
"A","trial","RL","DA","Pre-Stim",9,55,NA,-4.15997089636773
"A","trial","RL","DA","Pre-Stim",9,56,NA,-1.87341058587853
"A","trial","RL","DA","Pre-Stim",9,57,NA,-2.88571747120411
"A","trial","RL","DA","Pre-Stim",9,58,NA,-3.43227111459584
"A","trial","RL","DA","Pre-Stim",9,59,NA,-5.06193036321281
"A","trial","RL","DA","Pre-Stim",9,60,NA,-2.63130576261679
"A","trial","RL","DA","Pre-Stim",9,61,NA,-3.65951904362273
"A","trial","RL","DA","Pre-Stim",9,62,NA,-1.19409995268937
"A","trial","RL","DA","Pre-Stim",9,63,NA,-2.45243297575264
"A","trial","RL","DA","Pre-Stim",9,64,NA,-2.65410600041549
"A","trial","RL","DA","Pre-Stim",9,65,NA,-6.21236747052675
"A","trial","RL","DA","Pre-Stim",9,66,NA,-3.27710675960342
"A","trial","RL","DA","Pre-Stim",9,67,NA,-4.96901369047166
"A","trial","RL","DA","Pre-Stim",9,68,NA,-4.1542365970367
"A","trial","RL","DA","Pre-Stim",9,69,NA,-3.65848359366103
"A","trial","RL","DA","Pre-Stim",9,70,NA,-2.27246672092482
"A","trial","RL","DA","Pre-Stim",9,72,NA,-1.65417194625604
"A","trial","RL","DA","Pre-Stim",9,73,NA,-3.25604048123714
"A","trial","RL","DA","Pre-Stim",9,74,NA,-2.79124575427451
"A","trial","RL","DA","Pre-Stim",9,75,NA,-4.19420050981367
"A","trial","RL","DA","Pre-Stim",9,76,NA,-2.88426983130379
"A","trial","RL","DA","Pre-Stim",9,77,NA,-0.615586645602331
"A","trial","RL","DA","Pre-Stim",9,78,NA,-0.479203421977147
"A","trial","RL","DA","Pre-Stim",9,79,NA,2.224658431595
"A","trial","RL","DA","Pre-Stim",9,80,NA,-1.43685452331155
"A","trial","RL","DA","Pre-Stim",9,81,NA,-1.05971706648716
"A","trial","RL","DA","Pre-Stim",9,82,NA,-0.458195574913144
"A","trial","RL","DA","Pre-Stim",9,83,NA,-4.50205145764511
"A","trial","RL","DA","Pre-Stim",9,84,NA,-2.60595851595424
"A","trial","RL","DA","Pre-Stim",9,85,NA,-0.503617679141764
"A","trial","RL","DA","Pre-Stim",9,86,NA,1.18965986942641
"A","trial","RL","DA","Pre-Stim",9,87,NA,-2.4124041197669
"A","trial","RL","DA","Pre-Stim",9,88,NA,0.771394020635785
"A","trial","RL","DA","Pre-Stim",9,89,NA,0.306576385006509
"A","trial","RL","DA","Pre-Stim",9,90,NA,-0.173780437477807
"A","trial","RL","DA","Pre-Stim",9,91,NA,3.89264144888529
"A","trial","RL","DA","Pre-Stim",9,92,NA,2.92658420880277
"A","trial","RL","DA","Pre-Stim",9,93,NA,3.88988381557273
"A","trial","RL","DA","Pre-Stim",9,94,NA,-0.554299404261038
"A","trial","RL","DA","Pre-Stim",9,95,NA,0.0210912602563169
"A","trial","RL","DA","Pre-Stim",9,96,NA,-0.211554979449034
"A","trial","RL","DA","Pre-Stim",9,97,NA,1.953743956792
"A","trial","RL","DA","Pre-Stim",9,98,NA,0.996780314667236
"A","trial","RL","DA","Pre-Stim",9,99,NA,1.4820816552397
"A","trial","RL","DA","Pre-Stim",9,100,NA,4.46929091790336
"A","trial","RL","DA","Pre-Stim",9,101,NA,1.03770273708944
"A","trial","RL","DA","Pre-Stim",9,102,NA,3.91343697336866
"A","trial","RL","DA","Pre-Stim",9,103,NA,7.72831693523901
"A","trial","RL","DA","Pre-Stim",9,104,NA,6.07686856486435
"A","trial","RL","DA","Pre-Stim",9,105,NA,4.6148786274852
"A","trial","RL","5-HT","Post-Stim",9,1,NA,5.01185441165219
"A","trial","RL","5-HT","Post-Stim",9,2,NA,4.57584036962401
"A","trial","RL","5-HT","Post-Stim",9,4,NA,6.4278863102656
"A","trial","RL","5-HT","Post-Stim",9,5,NA,5.20763580496769
"A","trial","RL","5-HT","Post-Stim",9,6,NA,6.3719529910439
"A","trial","RL","5-HT","Post-Stim",9,7,NA,4.62128517757682
"A","trial","RL","5-HT","Post-Stim",9,8,NA,5.37987885843961
"A","trial","RL","5-HT","Post-Stim",9,9,NA,4.92618751575383
"A","trial","RL","5-HT","Post-Stim",9,10,NA,5.45863350244822
"A","trial","RL","5-HT","Post-Stim",9,11,NA,6.22033677378671
"A","trial","RL","5-HT","Post-Stim",9,12,NA,5.10788321178034
"A","trial","RL","5-HT","Post-Stim",9,13,NA,6.18051152240609
"A","trial","RL","5-HT","Post-Stim",9,14,NA,5.44621086600663
"A","trial","RL","5-HT","Post-Stim",9,16,NA,4.9493114975379
"A","trial","RL","5-HT","Post-Stim",9,17,NA,5.80728892716796
"A","trial","RL","5-HT","Post-Stim",9,18,NA,6.32256775338149
"A","trial","RL","5-HT","Post-Stim",9,19,NA,5.43017016023579
"A","trial","RL","5-HT","Post-Stim",9,20,NA,5.50588627492445
"A","trial","RL","5-HT","Post-Stim",9,21,NA,6.32992705030708
"A","trial","RL","5-HT","Post-Stim",9,22,NA,4.89057955331788
"A","trial","RL","5-HT","Post-Stim",9,23,NA,5.50276010335585
"A","trial","RL","5-HT","Post-Stim",9,24,NA,5.65403953447096
"A","trial","RL","5-HT","Post-Stim",9,25,NA,6.95637525481096
"A","trial","RL","5-HT","Post-Stim",9,26,NA,7.63646333063225
"A","trial","RL","5-HT","Post-Stim",9,27,NA,6.77790186304717
"A","trial","RL","5-HT","Post-Stim",9,28,NA,6.24964412760354
"A","trial","RL","5-HT","Post-Stim",9,30,NA,5.38459925004792
"A","trial","RL","5-HT","Post-Stim",9,31,NA,6.66200962812329
"A","trial","RL","5-HT","Post-Stim",9,32,NA,6.09028629038179
"A","trial","RL","5-HT","Post-Stim",9,33,NA,6.41396699417304
"A","trial","RL","5-HT","Post-Stim",9,34,NA,6.29828635847846
"A","trial","RL","5-HT","Post-Stim",9,35,NA,6.89256374739754
"A","trial","RL","5-HT","Post-Stim",9,36,NA,4.4070951910682
"A","trial","RL","5-HT","Post-Stim",9,37,NA,4.72833613816689
"A","trial","RL","5-HT","Post-Stim",9,38,NA,5.3399709527376
"A","trial","RL","5-HT","Post-Stim",9,39,NA,6.7709747259616
"A","trial","RL","5-HT","Post-Stim",9,40,NA,5.89033381639465
"A","trial","RL","5-HT","Post-Stim",9,41,NA,6.13275460657444
"A","trial","RL","5-HT","Post-Stim",9,42,NA,6.64841509702396
"A","trial","RL","5-HT","Post-Stim",9,43,NA,6.48206442816409
"A","trial","RL","5-HT","Post-Stim",9,44,NA,5.22155616260115
"A","trial","RL","5-HT","Post-Stim",9,45,NA,5.91858765108784
"A","trial","RL","5-HT","Post-Stim",9,46,NA,5.74304088843736
"A","trial","RL","5-HT","Post-Stim",9,47,NA,7.21091700463053
"A","trial","RL","5-HT","Post-Stim",9,48,NA,5.53164068116383
"A","trial","RL","5-HT","Post-Stim",9,49,NA,5.79932840189822
"A","trial","RL","5-HT","Post-Stim",9,50,NA,7.46312814030024
"A","trial","RL","5-HT","Post-Stim",9,51,NA,6.49113559764783
"A","trial","RL","5-HT","Post-Stim",9,52,NA,5.52251690979044
"A","trial","RL","5-HT","Post-Stim",9,53,NA,5.02648723388184
"A","trial","RL","5-HT","Post-Stim",9,54,NA,7.3865774572399
"A","trial","RL","5-HT","Post-Stim",9,55,NA,7.65481187329512
"A","trial","RL","5-HT","Post-Stim",9,56,NA,6.74972808609074
"A","trial","RL","5-HT","Post-Stim",9,57,NA,5.98135503441507
"A","trial","RL","5-HT","Post-Stim",9,58,NA,6.31898741104422
"A","trial","RL","5-HT","Post-Stim",9,59,NA,6.39226338614587
"A","trial","RL","5-HT","Post-Stim",9,60,NA,5.42436670600467
"A","trial","RL","5-HT","Post-Stim",9,61,NA,5.49783448443076
"A","trial","RL","5-HT","Post-Stim",9,62,NA,6.21406155365452
"A","trial","RL","5-HT","Post-Stim",9,63,NA,6.14807675028463
"A","trial","RL","5-HT","Post-Stim",9,64,NA,6.4180176488118
"A","trial","RL","5-HT","Post-Stim",9,65,NA,4.86616066625402
"A","trial","RL","5-HT","Post-Stim",9,66,NA,7.15937303033524
"A","trial","RL","5-HT","Post-Stim",9,67,NA,6.43427493258932
"A","trial","RL","5-HT","Post-Stim",9,68,NA,5.2049689415451
"A","trial","RL","5-HT","Post-Stim",9,69,NA,4.33070016959541
"A","trial","RL","5-HT","Post-Stim",9,70,NA,4.84726511494218
"A","trial","RL","5-HT","Post-Stim",9,71,NA,6.01654503286553
"A","trial","RL","5-HT","Post-Stim",9,72,NA,5.63923663454279
"A","trial","RL","5-HT","Post-Stim",9,74,NA,6.74529732153565
"A","trial","RL","5-HT","Post-Stim",9,75,NA,5.9293331554906
"A","trial","RL","5-HT","Post-Stim",9,76,NA,5.1567207399506
"A","trial","RL","5-HT","Post-Stim",9,77,NA,5.66950616032709
"A","trial","RL","5-HT","Post-Stim",9,78,NA,6.43647801444202
"A","trial","RL","5-HT","Post-Stim",9,79,NA,6.5797048309385
"A","trial","RL","5-HT","Post-Stim",9,80,NA,5.9575908790485
"A","trial","RL","5-HT","Post-Stim",9,81,NA,6.94842145070924
"A","trial","RL","5-HT","Post-Stim",9,82,NA,5.66025324943016
"A","trial","RL","5-HT","Post-Stim",9,83,NA,6.34227971886709
"A","trial","RL","5-HT","Post-Stim",9,84,NA,6.72148313464126
"A","trial","RL","5-HT","Post-Stim",9,86,NA,5.75090037919127
"A","trial","RL","5-HT","Post-Stim",9,87,NA,5.9131205767247
"A","trial","RL","5-HT","Post-Stim",9,88,NA,6.67797627666518
"A","trial","RL","5-HT","Post-Stim",9,89,NA,5.28799899286787
"A","trial","RL","5-HT","Post-Stim",9,90,NA,6.26912905236745
"A","trial","RL","5-HT","Post-Stim",9,91,NA,6.50876422696889
"A","trial","RL","5-HT","Post-Stim",9,92,NA,6.29681030123691
"A","trial","RL","5-HT","Post-Stim",9,93,NA,6.05014906459896
"A","trial","RL","5-HT","Post-Stim",9,94,NA,7.57040480252654
"A","trial","RL","5-HT","Post-Stim",9,95,NA,5.60070479565465
"A","trial","RL","5-HT","Post-Stim",9,96,NA,4.94185536421154
"A","trial","RL","5-HT","Post-Stim",9,97,NA,5.45428210863174
"A","trial","RL","5-HT","Post-Stim",9,98,NA,6.57782841684171
"A","trial","RL","5-HT","Post-Stim",9,100,NA,6.17893490830873
"A","trial","RL","5-HT","Post-Stim",9,101,NA,6.85847503013654
"A","trial","RL","5-HT","Post-Stim",9,102,NA,6.13844484023433
"A","trial","RL","5-HT","Post-Stim",9,103,NA,6.26327287472039
"A","trial","RL","5-HT","Post-Stim",9,104,NA,6.65224145722343
"A","trial","RL","5-HT","Post-Stim",9,105,NA,4.33570916315068
"A","trial","RL","DA","Post-Stim",9,1,NA,9.89761927285307
"A","trial","RL","DA","Post-Stim",9,2,NA,6.89015825641091
"A","trial","RL","DA","Post-Stim",9,4,NA,7.85118125587438
"A","trial","RL","DA","Post-Stim",9,5,NA,6.91600079975508
"A","trial","RL","DA","Post-Stim",9,6,NA,10.1464962893582
"A","trial","RL","DA","Post-Stim",9,7,NA,7.23835853392407
"A","trial","RL","DA","Post-Stim",9,8,NA,8.52478572309415
"A","trial","RL","DA","Post-Stim",9,9,NA,5.71720513087221
"A","trial","RL","DA","Post-Stim",9,10,NA,5.71711294481004
"A","trial","RL","DA","Post-Stim",9,11,NA,6.98658655908064
"A","trial","RL","DA","Post-Stim",9,12,NA,4.54656983772501
"A","trial","RL","DA","Post-Stim",9,13,NA,6.15232003716735
"A","trial","RL","DA","Post-Stim",9,14,NA,7.31005628346596
"A","trial","RL","DA","Post-Stim",9,16,NA,3.94566286922964
"A","trial","RL","DA","Post-Stim",9,17,NA,7.19901752390721
"A","trial","RL","DA","Post-Stim",9,18,NA,7.31989018422938
"A","trial","RL","DA","Post-Stim",9,19,NA,8.2097152533945
"A","trial","RL","DA","Post-Stim",9,20,NA,3.60654958438367
"A","trial","RL","DA","Post-Stim",9,21,NA,5.79406414663967
"A","trial","RL","DA","Post-Stim",9,22,NA,1.60061276306822
"A","trial","RL","DA","Post-Stim",9,23,NA,7.18050628054318
"A","trial","RL","DA","Post-Stim",9,24,NA,6.46111478869842
"A","trial","RL","DA","Post-Stim",9,25,NA,10.5370768110705
"A","trial","RL","DA","Post-Stim",9,26,NA,6.21190346322585
"A","trial","RL","DA","Post-Stim",9,27,NA,8.15604054319551
"A","trial","RL","DA","Post-Stim",9,28,NA,2.76598504812956
"A","trial","RL","DA","Post-Stim",9,30,NA,7.05871839012414
"A","trial","RL","DA","Post-Stim",9,31,NA,5.49988142068904
"A","trial","RL","DA","Post-Stim",9,32,NA,4.45135226816418
"A","trial","RL","DA","Post-Stim",9,33,NA,3.03727204304173
"A","trial","RL","DA","Post-Stim",9,34,NA,4.95911876591465
"A","trial","RL","DA","Post-Stim",9,35,NA,6.85040491187973
"A","trial","RL","DA","Post-Stim",9,36,NA,5.80789635479484
"A","trial","RL","DA","Post-Stim",9,37,NA,2.49036110175225
"A","trial","RL","DA","Post-Stim",9,38,NA,6.28606080803294
"A","trial","RL","DA","Post-Stim",9,39,NA,2.71559037283992
"A","trial","RL","DA","Post-Stim",9,40,NA,6.49739207883951
"A","trial","RL","DA","Post-Stim",9,41,NA,1.19429993894183
"A","trial","RL","DA","Post-Stim",9,42,NA,4.28809029616348
"A","trial","RL","DA","Post-Stim",9,43,NA,9.39916807111713
"A","trial","RL","DA","Post-Stim",9,44,NA,4.03482898544288
"A","trial","RL","DA","Post-Stim",9,45,NA,4.2438681086445
"A","trial","RL","DA","Post-Stim",9,46,NA,1.258578122971
"A","trial","RL","DA","Post-Stim",9,47,NA,4.42654356866985
"A","trial","RL","DA","Post-Stim",9,48,NA,3.39466851754581
"A","trial","RL","DA","Post-Stim",9,49,NA,5.37586176212063
"A","trial","RL","DA","Post-Stim",9,50,NA,4.07600211239145
"A","trial","RL","DA","Post-Stim",9,51,NA,5.04494495967027
"A","trial","RL","DA","Post-Stim",9,52,NA,3.17120710756304
"A","trial","RL","DA","Post-Stim",9,53,NA,-0.402951958800619
"A","trial","RL","DA","Post-Stim",9,54,NA,3.97002666551486
"A","trial","RL","DA","Post-Stim",9,55,NA,4.78200112638872
"A","trial","RL","DA","Post-Stim",9,56,NA,2.63572879278854
"A","trial","RL","DA","Post-Stim",9,57,NA,1.34193730780091
"A","trial","RL","DA","Post-Stim",9,58,NA,5.36214674366464
"A","trial","RL","DA","Post-Stim",9,59,NA,6.26452735382894
"A","trial","RL","DA","Post-Stim",9,60,NA,4.53490437811865
"A","trial","RL","DA","Post-Stim",9,61,NA,1.32108305749577
"A","trial","RL","DA","Post-Stim",9,62,NA,2.27979139471957
"A","trial","RL","DA","Post-Stim",9,63,NA,4.93404115412311
"A","trial","RL","DA","Post-Stim",9,64,NA,2.8508606535676
"A","trial","RL","DA","Post-Stim",9,65,NA,1.62080266894411
"A","trial","RL","DA","Post-Stim",9,66,NA,6.25879341468089
"A","trial","RL","DA","Post-Stim",9,67,NA,1.99460873959808
"A","trial","RL","DA","Post-Stim",9,68,NA,9.17166367988597
"A","trial","RL","DA","Post-Stim",9,69,NA,8.02036515346987
"A","trial","RL","DA","Post-Stim",9,70,NA,3.24096370808216
"A","trial","RL","DA","Post-Stim",9,71,NA,2.14070548359257
"A","trial","RL","DA","Post-Stim",9,72,NA,2.02127104331184
"A","trial","RL","DA","Post-Stim",9,74,NA,3.45917598126748
"A","trial","RL","DA","Post-Stim",9,75,NA,4.58578093832391
"A","trial","RL","DA","Post-Stim",9,76,NA,2.82958224839937
"A","trial","RL","DA","Post-Stim",9,77,NA,-1.59528333056902
"A","trial","RL","DA","Post-Stim",9,78,NA,-2.06489370894966
"A","trial","RL","DA","Post-Stim",9,79,NA,1.51961851543695
"A","trial","RL","DA","Post-Stim",9,80,NA,5.54854823606018
"A","trial","RL","DA","Post-Stim",9,81,NA,1.34967002926988
"A","trial","RL","DA","Post-Stim",9,82,NA,0.477719578404669
"A","trial","RL","DA","Post-Stim",9,83,NA,2.83844419015079
"A","trial","RL","DA","Post-Stim",9,84,NA,3.70131999925571
"A","trial","RL","DA","Post-Stim",9,86,NA,3.29221433135032
"A","trial","RL","DA","Post-Stim",9,87,NA,6.25244256732645
"A","trial","RL","DA","Post-Stim",9,88,NA,-0.927027885188903
"A","trial","RL","DA","Post-Stim",9,89,NA,0.00477711491721971
"A","trial","RL","DA","Post-Stim",9,90,NA,1.25591256155093
"A","trial","RL","DA","Post-Stim",9,91,NA,2.37202078169145
"A","trial","RL","DA","Post-Stim",9,92,NA,2.0497512779232
"A","trial","RL","DA","Post-Stim",9,93,NA,0.720532781336492
"A","trial","RL","DA","Post-Stim",9,94,NA,2.14640504913872
"A","trial","RL","DA","Post-Stim",9,95,NA,2.96315966771631
"A","trial","RL","DA","Post-Stim",9,96,NA,0.534828997357378
"A","trial","RL","DA","Post-Stim",9,97,NA,-2.13755021865382
"A","trial","RL","DA","Post-Stim",9,98,NA,-0.109066671030163
"A","trial","RL","DA","Post-Stim",9,100,NA,4.02528298317473
"A","trial","RL","DA","Post-Stim",9,101,NA,-1.01288324246884
"A","trial","RL","DA","Post-Stim",9,102,NA,-0.349911556626094
"A","trial","RL","DA","Post-Stim",9,103,NA,1.24214825456645
"A","trial","RL","DA","Post-Stim",9,104,NA,5.26585180641656
"A","trial","RL","DA","Post-Stim",9,105,NA,5.99644193131594
"A","trial","RL","5-HT","Pre-Stim",10,2,NA,-2.94297047279953
"A","trial","RL","5-HT","Pre-Stim",10,4,NA,-2.92747596219803
"A","trial","RL","5-HT","Pre-Stim",10,5,NA,-2.315805132116
"A","trial","RL","5-HT","Pre-Stim",10,6,NA,-2.61137285088467
"A","trial","RL","5-HT","Pre-Stim",10,7,NA,-2.33508612043703
"A","trial","RL","5-HT","Pre-Stim",10,8,NA,-3.54039319113143
"A","trial","RL","5-HT","Pre-Stim",10,9,NA,-0.952837774826296
"A","trial","RL","5-HT","Pre-Stim",10,10,NA,-0.515113950721908
"A","trial","RL","5-HT","Pre-Stim",10,11,NA,-1.21041165731965
"A","trial","RL","5-HT","Pre-Stim",10,12,NA,0.145837382529367
"A","trial","RL","5-HT","Pre-Stim",10,13,NA,-0.360023731881297
"A","trial","RL","5-HT","Pre-Stim",10,14,NA,-0.349262373475097
"A","trial","RL","5-HT","Pre-Stim",10,15,NA,0.419019243439018
"A","trial","RL","5-HT","Pre-Stim",10,16,NA,-0.553128021245542
"A","trial","RL","5-HT","Pre-Stim",10,17,NA,-0.934497591367457
"A","trial","RL","5-HT","Pre-Stim",10,18,NA,0.0282382612145964
"A","trial","RL","5-HT","Pre-Stim",10,19,NA,0.196823959760122
"A","trial","RL","5-HT","Pre-Stim",10,20,NA,1.40457563989471
"A","trial","RL","5-HT","Pre-Stim",10,21,NA,0.477506017475495
"A","trial","RL","5-HT","Pre-Stim",10,22,NA,0.532804046172708
"A","trial","RL","5-HT","Pre-Stim",10,23,NA,0.274918777210782
"A","trial","RL","5-HT","Pre-Stim",10,24,NA,0.908972397353792
"A","trial","RL","5-HT","Pre-Stim",10,25,NA,1.26491048912849
"A","trial","RL","5-HT","Pre-Stim",10,27,NA,1.66721208246267
"A","trial","RL","5-HT","Pre-Stim",10,28,NA,2.57540967236474
"A","trial","RL","5-HT","Pre-Stim",10,29,NA,1.89240919175418
"A","trial","RL","5-HT","Pre-Stim",10,30,NA,0.733855976242063
"A","trial","RL","5-HT","Pre-Stim",10,32,NA,2.53403882578809
"A","trial","RL","5-HT","Pre-Stim",10,34,NA,3.39483995203572
"A","trial","RL","5-HT","Pre-Stim",10,35,NA,4.03865017021856
"A","trial","RL","5-HT","Pre-Stim",10,37,NA,4.3210695990559
"A","trial","RL","5-HT","Pre-Stim",10,39,NA,4.62185170916388
"A","trial","RL","5-HT","Pre-Stim",10,40,NA,6.69207600199174
"A","trial","RL","5-HT","Pre-Stim",10,41,NA,5.17468177040497
"A","trial","RL","5-HT","Pre-Stim",10,42,NA,4.46914515118347
"A","trial","RL","5-HT","Pre-Stim",10,43,NA,5.87389263609791
"A","trial","RL","5-HT","Pre-Stim",10,44,NA,6.3363801289553
"A","trial","RL","5-HT","Pre-Stim",10,45,NA,6.13923627499543
"A","trial","RL","5-HT","Pre-Stim",10,46,NA,5.94292363690261
"A","trial","RL","5-HT","Pre-Stim",10,47,NA,7.65427344413198
"A","trial","RL","5-HT","Pre-Stim",10,48,NA,7.36296565395856
"A","trial","RL","5-HT","Pre-Stim",10,49,NA,7.16172849726259
"A","trial","RL","5-HT","Pre-Stim",10,50,NA,7.62212429655441
"A","trial","RL","5-HT","Pre-Stim",10,51,NA,6.07605163134735
"A","trial","RL","5-HT","Pre-Stim",10,52,NA,7.07395744546016
"A","trial","RL","5-HT","Pre-Stim",10,53,NA,9.14499487669434
"A","trial","RL","5-HT","Pre-Stim",10,54,NA,7.62456712293375
"A","trial","RL","5-HT","Pre-Stim",10,55,NA,7.26274627582384
"A","trial","RL","5-HT","Pre-Stim",10,56,NA,8.02384161187379
"A","trial","RL","5-HT","Pre-Stim",10,57,NA,8.8505264890163
"A","trial","RL","5-HT","Pre-Stim",10,58,NA,8.34678719559779
"A","trial","RL","5-HT","Pre-Stim",10,59,NA,9.70791629649323
"A","trial","RL","5-HT","Pre-Stim",10,60,NA,8.27841842957474
"A","trial","RL","5-HT","Pre-Stim",10,62,NA,8.78371955981141
"A","trial","RL","5-HT","Pre-Stim",10,63,NA,7.21292419940538
"A","trial","RL","5-HT","Pre-Stim",10,64,NA,8.35711304804844
"A","trial","RL","5-HT","Pre-Stim",10,65,NA,9.73004836774265
"A","trial","RL","5-HT","Pre-Stim",10,67,NA,9.00974520349977
"A","trial","RL","5-HT","Pre-Stim",10,70,NA,9.58259340251437
"A","trial","RL","5-HT","Pre-Stim",10,71,NA,9.48663536037578
"A","trial","RL","5-HT","Pre-Stim",10,72,NA,8.17029585644266
"A","trial","RL","5-HT","Pre-Stim",10,73,NA,9.46407634371533
"A","trial","RL","5-HT","Pre-Stim",10,74,NA,10.2533180262351
"A","trial","RL","5-HT","Pre-Stim",10,75,NA,9.75099502984859
"A","trial","RL","5-HT","Pre-Stim",10,76,NA,10.2591332784972
"A","trial","RL","5-HT","Pre-Stim",10,77,NA,9.55597303552192
"A","trial","RL","5-HT","Pre-Stim",10,78,NA,9.05474415436814
"A","trial","RL","5-HT","Pre-Stim",10,79,NA,8.41660391085328
"A","trial","RL","5-HT","Pre-Stim",10,80,NA,8.60146276502287
"A","trial","RL","5-HT","Pre-Stim",10,81,NA,9.46489466195387
"A","trial","RL","5-HT","Pre-Stim",10,82,NA,7.75390445319013
"A","trial","RL","5-HT","Pre-Stim",10,83,NA,7.93355629586163
"A","trial","RL","5-HT","Pre-Stim",10,84,NA,10.5357631931246
"A","trial","RL","5-HT","Pre-Stim",10,85,NA,8.67547409273751
"A","trial","RL","5-HT","Pre-Stim",10,86,NA,8.80402726588291
"A","trial","RL","5-HT","Pre-Stim",10,87,NA,9.32605199112357
"A","trial","RL","5-HT","Pre-Stim",10,88,NA,8.79465731903256
"A","trial","RL","5-HT","Pre-Stim",10,89,NA,8.19463677785059
"A","trial","RL","5-HT","Pre-Stim",10,90,NA,8.2142890023881
"A","trial","RL","5-HT","Pre-Stim",10,91,NA,8.24195498523266
"A","trial","RL","5-HT","Pre-Stim",10,92,NA,8.9290734273565
"A","trial","RL","5-HT","Pre-Stim",10,93,NA,10.4014973760361
"A","trial","RL","5-HT","Pre-Stim",10,94,NA,8.32073098765467
"A","trial","RL","5-HT","Pre-Stim",10,95,NA,9.35915318014569
"A","trial","RL","5-HT","Pre-Stim",10,96,NA,9.71610269389194
"A","trial","RL","5-HT","Pre-Stim",10,97,NA,8.80166754614823
"A","trial","RL","5-HT","Pre-Stim",10,98,NA,8.17697767162433
"A","trial","RL","5-HT","Pre-Stim",10,99,NA,6.42923618177644
"A","trial","RL","5-HT","Pre-Stim",10,100,NA,8.94778627339493
"A","trial","RL","5-HT","Pre-Stim",10,101,NA,8.17075946061173
"A","trial","RL","5-HT","Pre-Stim",10,102,NA,8.59375055750257
"A","trial","RL","5-HT","Pre-Stim",10,103,NA,7.34371808395548
"A","trial","RL","5-HT","Pre-Stim",10,105,NA,7.39138740551192
"A","trial","RL","DA","Pre-Stim",10,2,NA,-7.85840652323314
"A","trial","RL","DA","Pre-Stim",10,4,NA,-7.76662072643046
"A","trial","RL","DA","Pre-Stim",10,5,NA,-8.28969605924615
"A","trial","RL","DA","Pre-Stim",10,6,NA,-7.90075250510614
"A","trial","RL","DA","Pre-Stim",10,7,NA,-7.33060155133615
"A","trial","RL","DA","Pre-Stim",10,8,NA,-7.51605708431621
"A","trial","RL","DA","Pre-Stim",10,9,NA,-8.24874357577219
"A","trial","RL","DA","Pre-Stim",10,10,NA,-7.76418595935667
"A","trial","RL","DA","Pre-Stim",10,11,NA,-8.24665953284221
"A","trial","RL","DA","Pre-Stim",10,12,NA,-8.06312602647005
"A","trial","RL","DA","Pre-Stim",10,13,NA,-7.75682374514381
"A","trial","RL","DA","Pre-Stim",10,14,NA,-7.81369844644074
"A","trial","RL","DA","Pre-Stim",10,15,NA,-8.0858589757267
"A","trial","RL","DA","Pre-Stim",10,16,NA,-7.475469330997
"A","trial","RL","DA","Pre-Stim",10,17,NA,-7.72024287553286
"A","trial","RL","DA","Pre-Stim",10,18,NA,-7.34679184283613
"A","trial","RL","DA","Pre-Stim",10,19,NA,-8.13844255013692
"A","trial","RL","DA","Pre-Stim",10,20,NA,-8.0903199203736
"A","trial","RL","DA","Pre-Stim",10,21,NA,-7.65858567855856
"A","trial","RL","DA","Pre-Stim",10,22,NA,-8.08047251038156
"A","trial","RL","DA","Pre-Stim",10,23,NA,-7.23693036084248
"A","trial","RL","DA","Pre-Stim",10,24,NA,-7.29236089650957
"A","trial","RL","DA","Pre-Stim",10,25,NA,-7.30859681154836
"A","trial","RL","DA","Pre-Stim",10,27,NA,-6.88710546835673
"A","trial","RL","DA","Pre-Stim",10,28,NA,-7.59140807022563
"A","trial","RL","DA","Pre-Stim",10,29,NA,-6.93403531037486
"A","trial","RL","DA","Pre-Stim",10,30,NA,-6.67910621770663
"A","trial","RL","DA","Pre-Stim",10,32,NA,-6.85335392577951
"A","trial","RL","DA","Pre-Stim",10,34,NA,-6.78340619547477
"A","trial","RL","DA","Pre-Stim",10,35,NA,-7.18608189156754
"A","trial","RL","DA","Pre-Stim",10,37,NA,-6.54186288747684
"A","trial","RL","DA","Pre-Stim",10,39,NA,-6.30312059630902
"A","trial","RL","DA","Pre-Stim",10,40,NA,-7.31161687964006
"A","trial","RL","DA","Pre-Stim",10,41,NA,-6.9950759327603
"A","trial","RL","DA","Pre-Stim",10,42,NA,-6.85127333307016
"A","trial","RL","DA","Pre-Stim",10,43,NA,-7.19099953361425
"A","trial","RL","DA","Pre-Stim",10,44,NA,-6.84467717943751
"A","trial","RL","DA","Pre-Stim",10,45,NA,-7.1183927668329
"A","trial","RL","DA","Pre-Stim",10,46,NA,-6.95562876147311
"A","trial","RL","DA","Pre-Stim",10,47,NA,-6.93962977185543
"A","trial","RL","DA","Pre-Stim",10,48,NA,-7.3873300719633
"A","trial","RL","DA","Pre-Stim",10,49,NA,-6.87389884243885
"A","trial","RL","DA","Pre-Stim",10,50,NA,-7.02645425297829
"A","trial","RL","DA","Pre-Stim",10,51,NA,-7.36822923803947
"A","trial","RL","DA","Pre-Stim",10,52,NA,-7.0437603218425
"A","trial","RL","DA","Pre-Stim",10,53,NA,-7.29170022901034
"A","trial","RL","DA","Pre-Stim",10,54,NA,-7.16376415984
"A","trial","RL","DA","Pre-Stim",10,55,NA,-7.20239645165117
"A","trial","RL","DA","Pre-Stim",10,56,NA,-7.11164606198266
"A","trial","RL","DA","Pre-Stim",10,57,NA,-7.15642214887106
"A","trial","RL","DA","Pre-Stim",10,58,NA,-7.01716534095361
"A","trial","RL","DA","Pre-Stim",10,59,NA,-6.88254136561978
"A","trial","RL","DA","Pre-Stim",10,60,NA,-6.76835816175636
"A","trial","RL","DA","Pre-Stim",10,62,NA,-7.25362632084776
"A","trial","RL","DA","Pre-Stim",10,63,NA,-6.62928969186258
"A","trial","RL","DA","Pre-Stim",10,64,NA,-6.64842922361798
"A","trial","RL","DA","Pre-Stim",10,65,NA,-6.63542681425869
"A","trial","RL","DA","Pre-Stim",10,67,NA,-7.19903424558735
"A","trial","RL","DA","Pre-Stim",10,70,NA,-6.34980393740121
"A","trial","RL","DA","Pre-Stim",10,71,NA,-5.96310303048734
"A","trial","RL","DA","Pre-Stim",10,72,NA,-5.72918232871297
"A","trial","RL","DA","Pre-Stim",10,73,NA,-6.05742950463282
"A","trial","RL","DA","Pre-Stim",10,74,NA,-6.44218692826114
"A","trial","RL","DA","Pre-Stim",10,75,NA,-5.79665250047903
"A","trial","RL","DA","Pre-Stim",10,76,NA,-5.18801388225878
"A","trial","RL","DA","Pre-Stim",10,77,NA,-4.92041371451814
"A","trial","RL","DA","Pre-Stim",10,78,NA,-5.27572669895905
"A","trial","RL","DA","Pre-Stim",10,79,NA,-5.14144504000151
"A","trial","RL","DA","Pre-Stim",10,80,NA,-5.1977755240316
"A","trial","RL","DA","Pre-Stim",10,81,NA,-4.3675222321105
"A","trial","RL","DA","Pre-Stim",10,82,NA,-4.86405831045842
"A","trial","RL","DA","Pre-Stim",10,83,NA,-5.019400354716
"A","trial","RL","DA","Pre-Stim",10,84,NA,-4.15000008531663
"A","trial","RL","DA","Pre-Stim",10,85,NA,-4.59743186022629
"A","trial","RL","DA","Pre-Stim",10,86,NA,-4.51196015758711
"A","trial","RL","DA","Pre-Stim",10,87,NA,-3.81821271081033
"A","trial","RL","DA","Pre-Stim",10,88,NA,-3.55743650525543
"A","trial","RL","DA","Pre-Stim",10,89,NA,-3.2887394304057
"A","trial","RL","DA","Pre-Stim",10,90,NA,-3.17843701121364
"A","trial","RL","DA","Pre-Stim",10,91,NA,-3.4271053734626
"A","trial","RL","DA","Pre-Stim",10,92,NA,-3.27249294771754
"A","trial","RL","DA","Pre-Stim",10,93,NA,-3.25756790053095
"A","trial","RL","DA","Pre-Stim",10,94,NA,-2.74557721804915
"A","trial","RL","DA","Pre-Stim",10,95,NA,-2.43272851189304
"A","trial","RL","DA","Pre-Stim",10,96,NA,-2.48363955248689
"A","trial","RL","DA","Pre-Stim",10,97,NA,-2.52996170439657
"A","trial","RL","DA","Pre-Stim",10,98,NA,-1.4772200536726
"A","trial","RL","DA","Pre-Stim",10,99,NA,-1.71700074328035
"A","trial","RL","DA","Pre-Stim",10,100,NA,-2.21735539304882
"A","trial","RL","DA","Pre-Stim",10,101,NA,-1.9204487076166
"A","trial","RL","DA","Pre-Stim",10,102,NA,-1.62860068932335
"A","trial","RL","DA","Pre-Stim",10,103,NA,-1.44793763801148
"A","trial","RL","DA","Pre-Stim",10,105,NA,-0.879063584373879
"A","trial","RL","5-HT","Post-Stim",10,1,NA,-0.956170383195073
"A","trial","RL","5-HT","Post-Stim",10,2,NA,-4.53364104880816
"A","trial","RL","5-HT","Post-Stim",10,3,NA,-3.04917443574656
"A","trial","RL","5-HT","Post-Stim",10,5,NA,-3.21537825263322
"A","trial","RL","5-HT","Post-Stim",10,6,NA,-3.59923646391172
"A","trial","RL","5-HT","Post-Stim",10,7,NA,-2.47218866162666
"A","trial","RL","5-HT","Post-Stim",10,8,NA,-2.79464299938626
"A","trial","RL","5-HT","Post-Stim",10,9,NA,-4.21016968143086
"A","trial","RL","5-HT","Post-Stim",10,10,NA,-3.29197192009119
"A","trial","RL","5-HT","Post-Stim",10,11,NA,-4.12811489488747
"A","trial","RL","5-HT","Post-Stim",10,12,NA,-4.37173638495968
"A","trial","RL","5-HT","Post-Stim",10,13,NA,-4.35937654549964
"A","trial","RL","5-HT","Post-Stim",10,14,NA,-4.24824922669302
"A","trial","RL","5-HT","Post-Stim",10,15,NA,-4.06756970564073
"A","trial","RL","5-HT","Post-Stim",10,16,NA,-4.83825670695424
"A","trial","RL","5-HT","Post-Stim",10,17,NA,-4.80541853831641
"A","trial","RL","5-HT","Post-Stim",10,18,NA,-3.55074227703823
"A","trial","RL","5-HT","Post-Stim",10,19,NA,-4.3030319724919
"A","trial","RL","5-HT","Post-Stim",10,20,NA,-5.14438813568392
"A","trial","RL","5-HT","Post-Stim",10,21,NA,-4.69623659981587
"A","trial","RL","5-HT","Post-Stim",10,22,NA,-4.33703861928042
"A","trial","RL","5-HT","Post-Stim",10,23,NA,-4.88324266715976
"A","trial","RL","5-HT","Post-Stim",10,24,NA,-4.87897459460494
"A","trial","RL","5-HT","Post-Stim",10,25,NA,-4.40796690356303
"A","trial","RL","5-HT","Post-Stim",10,26,NA,-4.92167480266158
"A","trial","RL","5-HT","Post-Stim",10,27,NA,-5.61238323464127
"A","trial","RL","5-HT","Post-Stim",10,28,NA,-3.95130876322669
"A","trial","RL","5-HT","Post-Stim",10,29,NA,-4.25833508386768
"A","trial","RL","5-HT","Post-Stim",10,30,NA,-4.62689341225759
"A","trial","RL","5-HT","Post-Stim",10,31,NA,-4.46232737191304
"A","trial","RL","5-HT","Post-Stim",10,32,NA,-4.16987255078093
"A","trial","RL","5-HT","Post-Stim",10,33,NA,-4.38485514367488
"A","trial","RL","5-HT","Post-Stim",10,34,NA,-4.68672632522641
"A","trial","RL","5-HT","Post-Stim",10,35,NA,-5.49701192698226
"A","trial","RL","5-HT","Post-Stim",10,36,NA,-4.68019246853032
"A","trial","RL","5-HT","Post-Stim",10,37,NA,-4.49422343114776
"A","trial","RL","5-HT","Post-Stim",10,38,NA,-4.61303833185707
"A","trial","RL","5-HT","Post-Stim",10,39,NA,-3.93204210089063
"A","trial","RL","5-HT","Post-Stim",10,40,NA,-4.51210111266447
"A","trial","RL","5-HT","Post-Stim",10,41,NA,-4.08200246820447
"A","trial","RL","5-HT","Post-Stim",10,42,NA,-5.15385369801842
"A","trial","RL","5-HT","Post-Stim",10,43,NA,-5.49833131296582
"A","trial","RL","5-HT","Post-Stim",10,44,NA,-3.65293523264738
"A","trial","RL","5-HT","Post-Stim",10,45,NA,-4.16212352030062
"A","trial","RL","5-HT","Post-Stim",10,46,NA,-4.43359313887851
"A","trial","RL","5-HT","Post-Stim",10,47,NA,-4.00020694080811
"A","trial","RL","5-HT","Post-Stim",10,48,NA,-3.73551931979667
"A","trial","RL","5-HT","Post-Stim",10,49,NA,-4.30822659365136
"A","trial","RL","5-HT","Post-Stim",10,50,NA,-3.76578419127053
"A","trial","RL","5-HT","Post-Stim",10,51,NA,-3.52166253907876
"A","trial","RL","5-HT","Post-Stim",10,52,NA,-4.37125754124706
"A","trial","RL","5-HT","Post-Stim",10,53,NA,-5.86251272973598
"A","trial","RL","5-HT","Post-Stim",10,54,NA,-5.11597252071822
"A","trial","RL","5-HT","Post-Stim",10,55,NA,-4.67060830099745
"A","trial","RL","5-HT","Post-Stim",10,56,NA,-5.0867389758602
"A","trial","RL","5-HT","Post-Stim",10,57,NA,-4.71927629830846
"A","trial","RL","5-HT","Post-Stim",10,58,NA,-4.98331762865449
"A","trial","RL","5-HT","Post-Stim",10,59,NA,-4.18770440609803
"A","trial","RL","5-HT","Post-Stim",10,60,NA,-4.32195904835578
"A","trial","RL","5-HT","Post-Stim",10,61,NA,-5.07645027558736
"A","trial","RL","5-HT","Post-Stim",10,62,NA,-4.53106584953348
"A","trial","RL","5-HT","Post-Stim",10,63,NA,-5.65662130677438
"A","trial","RL","5-HT","Post-Stim",10,64,NA,-4.98692490946153
"A","trial","RL","5-HT","Post-Stim",10,65,NA,-5.13734763093652
"A","trial","RL","5-HT","Post-Stim",10,66,NA,-5.90855520180469
"A","trial","RL","5-HT","Post-Stim",10,67,NA,-5.51008432387471
"A","trial","RL","5-HT","Post-Stim",10,68,NA,-4.93994417692355
"A","trial","RL","5-HT","Post-Stim",10,69,NA,-5.57179669767818
"A","trial","RL","5-HT","Post-Stim",10,70,NA,-4.58823668798743
"A","trial","RL","5-HT","Post-Stim",10,71,NA,-5.8135448944619
"A","trial","RL","5-HT","Post-Stim",10,72,NA,-4.9491785625898
"A","trial","RL","5-HT","Post-Stim",10,73,NA,-4.99020130722548
"A","trial","RL","5-HT","Post-Stim",10,74,NA,-5.58644370877913
"A","trial","RL","5-HT","Post-Stim",10,75,NA,-5.5207226588664
"A","trial","RL","5-HT","Post-Stim",10,76,NA,-5.04089305370397
"A","trial","RL","5-HT","Post-Stim",10,77,NA,-5.74162334794545
"A","trial","RL","5-HT","Post-Stim",10,78,NA,-7.0699908722944
"A","trial","RL","5-HT","Post-Stim",10,79,NA,-7.38714411251066
"A","trial","RL","5-HT","Post-Stim",10,80,NA,-6.72532444872583
"A","trial","RL","5-HT","Post-Stim",10,81,NA,-5.78507265075171
"A","trial","RL","5-HT","Post-Stim",10,82,NA,-5.83464438982146
"A","trial","RL","5-HT","Post-Stim",10,83,NA,-6.180737892981
"A","trial","RL","5-HT","Post-Stim",10,84,NA,-5.8700965794586
"A","trial","RL","5-HT","Post-Stim",10,85,NA,-5.46560977202962
"A","trial","RL","5-HT","Post-Stim",10,86,NA,-5.59616772466526
"A","trial","RL","5-HT","Post-Stim",10,87,NA,-6.09451097054429
"A","trial","RL","5-HT","Post-Stim",10,88,NA,-5.40864839368526
"A","trial","RL","5-HT","Post-Stim",10,89,NA,-5.84496582867968
"A","trial","RL","5-HT","Post-Stim",10,90,NA,-6.71497302010992
"A","trial","RL","5-HT","Post-Stim",10,91,NA,-5.70962100596629
"A","trial","RL","5-HT","Post-Stim",10,92,NA,-5.22969564917912
"A","trial","RL","5-HT","Post-Stim",10,93,NA,-5.68096701888337
"A","trial","RL","5-HT","Post-Stim",10,94,NA,-5.81844434949671
"A","trial","RL","5-HT","Post-Stim",10,95,NA,-6.83036285970212
"A","trial","RL","5-HT","Post-Stim",10,96,NA,-5.80409364821078
"A","trial","RL","5-HT","Post-Stim",10,97,NA,-4.76765102193568
"A","trial","RL","5-HT","Post-Stim",10,98,NA,-6.37772718552957
"A","trial","RL","5-HT","Post-Stim",10,99,NA,-6.27124880707792
"A","trial","RL","5-HT","Post-Stim",10,100,NA,-5.56855345105154
"A","trial","RL","5-HT","Post-Stim",10,101,NA,-6.81520462802211
"A","trial","RL","5-HT","Post-Stim",10,102,NA,-5.37896011619372
"A","trial","RL","5-HT","Post-Stim",10,103,NA,-4.6734331724292
"A","trial","RL","5-HT","Post-Stim",10,104,NA,-5.58208099775251
"A","trial","RL","5-HT","Post-Stim",10,105,NA,-6.11185241056707
"A","trial","RL","DA","Post-Stim",10,1,NA,9.30239493318052
"A","trial","RL","DA","Post-Stim",10,2,NA,9.16955841875014
"A","trial","RL","DA","Post-Stim",10,3,NA,8.69341141030139
"A","trial","RL","DA","Post-Stim",10,5,NA,8.29257668844256
"A","trial","RL","DA","Post-Stim",10,6,NA,8.69038891123765
"A","trial","RL","DA","Post-Stim",10,7,NA,8.28879501857058
"A","trial","RL","DA","Post-Stim",10,8,NA,8.25210437753464
"A","trial","RL","DA","Post-Stim",10,9,NA,7.91916860404913
"A","trial","RL","DA","Post-Stim",10,10,NA,7.61040666029016
"A","trial","RL","DA","Post-Stim",10,11,NA,7.69763497779793
"A","trial","RL","DA","Post-Stim",10,12,NA,7.61825871109275
"A","trial","RL","DA","Post-Stim",10,13,NA,8.13252420991008
"A","trial","RL","DA","Post-Stim",10,14,NA,7.99261972677665
"A","trial","RL","DA","Post-Stim",10,15,NA,7.71020720503267
"A","trial","RL","DA","Post-Stim",10,16,NA,7.33686028700213
"A","trial","RL","DA","Post-Stim",10,17,NA,7.50933341976376
"A","trial","RL","DA","Post-Stim",10,18,NA,7.03227434832098
"A","trial","RL","DA","Post-Stim",10,19,NA,7.43248733309282
"A","trial","RL","DA","Post-Stim",10,20,NA,7.55924396496415
"A","trial","RL","DA","Post-Stim",10,21,NA,7.31431845563504
"A","trial","RL","DA","Post-Stim",10,22,NA,7.82219242236359
"A","trial","RL","DA","Post-Stim",10,23,NA,7.38893342294552
"A","trial","RL","DA","Post-Stim",10,24,NA,6.9967112433975
"A","trial","RL","DA","Post-Stim",10,25,NA,7.4227650103824
"A","trial","RL","DA","Post-Stim",10,26,NA,6.71223302600279
"A","trial","RL","DA","Post-Stim",10,27,NA,6.51722945902754
"A","trial","RL","DA","Post-Stim",10,28,NA,6.66594134237559
"A","trial","RL","DA","Post-Stim",10,29,NA,6.95618751733469
"A","trial","RL","DA","Post-Stim",10,30,NA,6.7117863235477
"A","trial","RL","DA","Post-Stim",10,31,NA,6.09624925707672
"A","trial","RL","DA","Post-Stim",10,32,NA,6.46572586102309
"A","trial","RL","DA","Post-Stim",10,33,NA,5.86687346304416
"A","trial","RL","DA","Post-Stim",10,34,NA,6.00174394638164
"A","trial","RL","DA","Post-Stim",10,35,NA,5.8587460140882
"A","trial","RL","DA","Post-Stim",10,36,NA,5.84754082402768
"A","trial","RL","DA","Post-Stim",10,37,NA,5.95197606425735
"A","trial","RL","DA","Post-Stim",10,38,NA,6.1377760405714
"A","trial","RL","DA","Post-Stim",10,39,NA,5.34879124906536
"A","trial","RL","DA","Post-Stim",10,40,NA,5.67513502722717
"A","trial","RL","DA","Post-Stim",10,41,NA,5.53343513918175
"A","trial","RL","DA","Post-Stim",10,42,NA,5.35306520563412
"A","trial","RL","DA","Post-Stim",10,43,NA,5.6241056328567
"A","trial","RL","DA","Post-Stim",10,44,NA,5.141805385355
"A","trial","RL","DA","Post-Stim",10,45,NA,5.20308157974469
"A","trial","RL","DA","Post-Stim",10,46,NA,5.1707914741297
"A","trial","RL","DA","Post-Stim",10,47,NA,5.49189630283426
"A","trial","RL","DA","Post-Stim",10,48,NA,5.70748419683283
"A","trial","RL","DA","Post-Stim",10,49,NA,5.3986954536901
"A","trial","RL","DA","Post-Stim",10,50,NA,4.91333071066099
"A","trial","RL","DA","Post-Stim",10,51,NA,5.18647589250241
"A","trial","RL","DA","Post-Stim",10,52,NA,5.00822663399946
"A","trial","RL","DA","Post-Stim",10,53,NA,5.06004668234643
"A","trial","RL","DA","Post-Stim",10,54,NA,4.58695249008608
"A","trial","RL","DA","Post-Stim",10,55,NA,4.83267464436313
"A","trial","RL","DA","Post-Stim",10,56,NA,4.85035272862532
"A","trial","RL","DA","Post-Stim",10,57,NA,4.8606569257982
"A","trial","RL","DA","Post-Stim",10,58,NA,5.2037189983639
"A","trial","RL","DA","Post-Stim",10,59,NA,4.5690572411492
"A","trial","RL","DA","Post-Stim",10,60,NA,4.70308662440374
"A","trial","RL","DA","Post-Stim",10,61,NA,4.64515603221116
"A","trial","RL","DA","Post-Stim",10,62,NA,4.2869327103447
"A","trial","RL","DA","Post-Stim",10,63,NA,4.79728410939881
"A","trial","RL","DA","Post-Stim",10,64,NA,4.34350646431792
"A","trial","RL","DA","Post-Stim",10,65,NA,4.21171628654221
"A","trial","RL","DA","Post-Stim",10,66,NA,4.91641670064672
"A","trial","RL","DA","Post-Stim",10,67,NA,4.23602868271468
"A","trial","RL","DA","Post-Stim",10,68,NA,4.61779887949256
"A","trial","RL","DA","Post-Stim",10,69,NA,4.18473848743854
"A","trial","RL","DA","Post-Stim",10,70,NA,3.50534525231276
"A","trial","RL","DA","Post-Stim",10,71,NA,4.13966725051414
"A","trial","RL","DA","Post-Stim",10,72,NA,4.16000181165369
"A","trial","RL","DA","Post-Stim",10,73,NA,4.0127473504593
"A","trial","RL","DA","Post-Stim",10,74,NA,4.00086997675467
"A","trial","RL","DA","Post-Stim",10,75,NA,4.35195734647971
"A","trial","RL","DA","Post-Stim",10,76,NA,3.18955646335984
"A","trial","RL","DA","Post-Stim",10,77,NA,3.85012075590529
"A","trial","RL","DA","Post-Stim",10,78,NA,4.33367694982048
"A","trial","RL","DA","Post-Stim",10,79,NA,4.42968340826348
"A","trial","RL","DA","Post-Stim",10,80,NA,5.15278392531998
"A","trial","RL","DA","Post-Stim",10,81,NA,4.40234136019671
"A","trial","RL","DA","Post-Stim",10,82,NA,4.00425137056715
"A","trial","RL","DA","Post-Stim",10,83,NA,3.87481632546438
"A","trial","RL","DA","Post-Stim",10,84,NA,4.2518328430546
"A","trial","RL","DA","Post-Stim",10,85,NA,3.80168873268612
"A","trial","RL","DA","Post-Stim",10,86,NA,3.76602766331858
"A","trial","RL","DA","Post-Stim",10,87,NA,3.76617654121737
"A","trial","RL","DA","Post-Stim",10,88,NA,3.66815973292676
"A","trial","RL","DA","Post-Stim",10,89,NA,3.65649327460418
"A","trial","RL","DA","Post-Stim",10,90,NA,3.28285789108983
"A","trial","RL","DA","Post-Stim",10,91,NA,3.21933809128736
"A","trial","RL","DA","Post-Stim",10,92,NA,3.23618002617879
"A","trial","RL","DA","Post-Stim",10,93,NA,3.60180860872313
"A","trial","RL","DA","Post-Stim",10,94,NA,3.33968188531543
"A","trial","RL","DA","Post-Stim",10,95,NA,2.87111582421116
"A","trial","RL","DA","Post-Stim",10,96,NA,3.96636205324365
"A","trial","RL","DA","Post-Stim",10,97,NA,2.48178646174493
"A","trial","RL","DA","Post-Stim",10,98,NA,2.92550527127549
"A","trial","RL","DA","Post-Stim",10,99,NA,3.05561771395089
"A","trial","RL","DA","Post-Stim",10,100,NA,3.02392449731715
"A","trial","RL","DA","Post-Stim",10,101,NA,3.18843472554108
"A","trial","RL","DA","Post-Stim",10,102,NA,2.96884448363881
"A","trial","RL","DA","Post-Stim",10,103,NA,3.03648620077485
"A","trial","RL","DA","Post-Stim",10,104,NA,3.55444833514329
"A","trial","RL","DA","Post-Stim",10,105,NA,3.57015283617924
"A","trial","UG","5-HT","Pre-Stim",1,2,NA,-6.37624267520467
"A","trial","UG","5-HT","Pre-Stim",1,3,NA,0.434367386572306
"A","trial","UG","5-HT","Pre-Stim",1,4,NA,-2.50189274931525
"A","trial","UG","5-HT","Pre-Stim",1,5,NA,-2.33532487643134
"A","trial","UG","5-HT","Pre-Stim",1,6,NA,0.964996674773498
"A","trial","UG","5-HT","Pre-Stim",1,7,NA,-3.11156844497651
"A","trial","UG","5-HT","Pre-Stim",1,8,NA,0.0592868031109005
"A","trial","UG","5-HT","Pre-Stim",1,9,NA,0.548162560528426
"A","trial","UG","5-HT","Pre-Stim",1,10,NA,3.24578510828452
"A","trial","UG","5-HT","Pre-Stim",1,11,NA,2.01155662652139
"A","trial","UG","5-HT","Pre-Stim",1,12,NA,-0.868034804839993
"A","trial","UG","5-HT","Pre-Stim",1,13,NA,1.37918315200622
"A","trial","UG","5-HT","Pre-Stim",1,14,NA,-2.33889365830063
"A","trial","UG","5-HT","Pre-Stim",1,15,NA,1.42928151853808
"A","trial","UG","5-HT","Pre-Stim",1,16,NA,-5.15093661997312
"A","trial","UG","5-HT","Pre-Stim",1,17,NA,-0.898893845266173
"A","trial","UG","5-HT","Pre-Stim",1,18,NA,-4.51755332073173
"A","trial","UG","5-HT","Pre-Stim",1,19,NA,-3.57461739569815
"A","trial","UG","5-HT","Pre-Stim",1,20,NA,-0.0152748262926697
"A","trial","UG","5-HT","Pre-Stim",1,21,NA,-3.17116768911386
"A","trial","UG","5-HT","Pre-Stim",1,22,NA,-0.501427475011183
"A","trial","UG","5-HT","Pre-Stim",1,23,NA,-0.93912350039704
"A","trial","UG","5-HT","Pre-Stim",1,24,NA,-2.56747754509668
"A","trial","UG","5-HT","Pre-Stim",1,25,NA,-1.88312431344776
"A","trial","UG","5-HT","Pre-Stim",1,26,NA,-1.49113817572084
"A","trial","UG","5-HT","Pre-Stim",1,27,NA,-3.0364736870743
"A","trial","UG","5-HT","Pre-Stim",1,28,NA,-0.186218444840802
"A","trial","UG","5-HT","Pre-Stim",1,29,NA,-4.29249928021111
"A","trial","UG","5-HT","Pre-Stim",1,30,NA,-3.59674993955163
"A","trial","UG","DA","Pre-Stim",1,2,NA,0.559955907678726
"A","trial","UG","DA","Pre-Stim",1,3,NA,0.922934061676712
"A","trial","UG","DA","Pre-Stim",1,4,NA,-3.68881371526802
"A","trial","UG","DA","Pre-Stim",1,5,NA,-4.65854044317257
"A","trial","UG","DA","Pre-Stim",1,6,NA,-0.983283328988245
"A","trial","UG","DA","Pre-Stim",1,7,NA,0.858895452437805
"A","trial","UG","DA","Pre-Stim",1,8,NA,-4.6732509029238
"A","trial","UG","DA","Pre-Stim",1,9,NA,-1.43823030778577
"A","trial","UG","DA","Pre-Stim",1,10,NA,0.938772980959926
"A","trial","UG","DA","Pre-Stim",1,11,NA,1.66590908522918
"A","trial","UG","DA","Pre-Stim",1,12,NA,-0.635023102874297
"A","trial","UG","DA","Pre-Stim",1,13,NA,1.96803357974296
"A","trial","UG","DA","Pre-Stim",1,14,NA,3.92250857893479
"A","trial","UG","DA","Pre-Stim",1,15,NA,-0.859001830767134
"A","trial","UG","DA","Pre-Stim",1,16,NA,2.51365504899534
"A","trial","UG","DA","Pre-Stim",1,17,NA,0.834409348278511
"A","trial","UG","DA","Pre-Stim",1,18,NA,3.52556222818308
"A","trial","UG","DA","Pre-Stim",1,19,NA,-2.67036544995962
"A","trial","UG","DA","Pre-Stim",1,20,NA,4.0277210277562
"A","trial","UG","DA","Pre-Stim",1,21,NA,0.4910761397428
"A","trial","UG","DA","Pre-Stim",1,22,NA,-1.86730179917681
"A","trial","UG","DA","Pre-Stim",1,23,NA,1.95806070647833
"A","trial","UG","DA","Pre-Stim",1,24,NA,-7.27916220374083
"A","trial","UG","DA","Pre-Stim",1,25,NA,-1.7539347946758
"A","trial","UG","DA","Pre-Stim",1,26,NA,6.17264170139849
"A","trial","UG","DA","Pre-Stim",1,27,NA,2.59407709798189
"A","trial","UG","DA","Pre-Stim",1,28,NA,4.72435760400044
"A","trial","UG","DA","Pre-Stim",1,29,NA,-1.00935596201015
"A","trial","UG","DA","Pre-Stim",1,30,NA,-4.56469334054214
"A","trial","UG","5-HT","Post-Stim",1,1,NA,-0.709545337071862
"A","trial","UG","5-HT","Post-Stim",1,2,NA,1.02686730541202
"A","trial","UG","5-HT","Post-Stim",1,3,NA,1.3616411698138
"A","trial","UG","5-HT","Post-Stim",1,4,NA,2.74413523676046
"A","trial","UG","5-HT","Post-Stim",1,5,NA,2.05310701906339
"A","trial","UG","5-HT","Post-Stim",1,6,NA,-3.99412581035537
"A","trial","UG","5-HT","Post-Stim",1,7,NA,-1.53395600695445
"A","trial","UG","5-HT","Post-Stim",1,8,NA,2.03583159187928
"A","trial","UG","5-HT","Post-Stim",1,9,NA,-0.151074909816341
"A","trial","UG","5-HT","Post-Stim",1,10,NA,1.18889903004741
"A","trial","UG","5-HT","Post-Stim",1,11,NA,3.56405150199539
"A","trial","UG","5-HT","Post-Stim",1,12,NA,1.53081948991497
"A","trial","UG","5-HT","Post-Stim",1,13,NA,2.98112742362266
"A","trial","UG","5-HT","Post-Stim",1,14,NA,3.96611652915357
"A","trial","UG","5-HT","Post-Stim",1,15,NA,4.58877223463096
"A","trial","UG","5-HT","Post-Stim",1,16,NA,-1.59559942599524
"A","trial","UG","5-HT","Post-Stim",1,17,NA,4.29239005936778
"A","trial","UG","5-HT","Post-Stim",1,18,NA,4.4947155685459
"A","trial","UG","5-HT","Post-Stim",1,19,NA,1.68658329585263
"A","trial","UG","5-HT","Post-Stim",1,20,NA,0.603024015545785
"A","trial","UG","5-HT","Post-Stim",1,21,NA,4.49570812581609
"A","trial","UG","5-HT","Post-Stim",1,22,NA,0.153779474963597
"A","trial","UG","5-HT","Post-Stim",1,23,NA,3.16903618719158
"A","trial","UG","5-HT","Post-Stim",1,24,NA,2.39642995591232
"A","trial","UG","5-HT","Post-Stim",1,25,NA,1.59917802705794
"A","trial","UG","5-HT","Post-Stim",1,26,NA,4.98362187050602
"A","trial","UG","5-HT","Post-Stim",1,27,NA,4.14551219368117
"A","trial","UG","5-HT","Post-Stim",1,28,NA,-1.39838696185264
"A","trial","UG","5-HT","Post-Stim",1,29,NA,1.15722019671439
"A","trial","UG","5-HT","Post-Stim",1,30,NA,5.98529558693011
"A","trial","UG","DA","Post-Stim",1,1,NA,-1.46694664660298
"A","trial","UG","DA","Post-Stim",1,2,NA,-1.53806130448883
"A","trial","UG","DA","Post-Stim",1,3,NA,1.76650050865857
"A","trial","UG","DA","Post-Stim",1,4,NA,2.31782644449287
"A","trial","UG","DA","Post-Stim",1,5,NA,2.52057880464627
"A","trial","UG","DA","Post-Stim",1,6,NA,2.79743527924646
"A","trial","UG","DA","Post-Stim",1,7,NA,0.765490437484631
"A","trial","UG","DA","Post-Stim",1,8,NA,0.240116103854038
"A","trial","UG","DA","Post-Stim",1,9,NA,1.05067563282402
"A","trial","UG","DA","Post-Stim",1,10,NA,4.844731536319
"A","trial","UG","DA","Post-Stim",1,11,NA,2.86101045475119
"A","trial","UG","DA","Post-Stim",1,12,NA,3.78114754885846
"A","trial","UG","DA","Post-Stim",1,13,NA,0.0817423792254101
"A","trial","UG","DA","Post-Stim",1,14,NA,1.48262855560832
"A","trial","UG","DA","Post-Stim",1,15,NA,6.47692400916523
"A","trial","UG","DA","Post-Stim",1,16,NA,0.260059529263731
"A","trial","UG","DA","Post-Stim",1,17,NA,1.94633202164918
"A","trial","UG","DA","Post-Stim",1,18,NA,-6.73094197155227
"A","trial","UG","DA","Post-Stim",1,19,NA,-0.0435446817120827
"A","trial","UG","DA","Post-Stim",1,20,NA,2.78207562297331
"A","trial","UG","DA","Post-Stim",1,21,NA,-0.983617240279415
"A","trial","UG","DA","Post-Stim",1,22,NA,4.55360735598971
"A","trial","UG","DA","Post-Stim",1,23,NA,1.90289429381326
"A","trial","UG","DA","Post-Stim",1,24,NA,1.61227685292724
"A","trial","UG","DA","Post-Stim",1,25,NA,4.11428072665051
"A","trial","UG","DA","Post-Stim",1,26,NA,0.451498038444416
"A","trial","UG","DA","Post-Stim",1,27,NA,-3.65772846586485
"A","trial","UG","DA","Post-Stim",1,28,NA,7.93363209545786
"A","trial","UG","DA","Post-Stim",1,29,NA,2.33748600273462
"A","trial","UG","DA","Post-Stim",1,30,NA,-2.74333354928565
"A","trial","UG","5-HT","Pre-Stim",2,1,NA,0.693072806783984
"A","trial","UG","5-HT","Pre-Stim",2,2,NA,-4.5259013785321
"A","trial","UG","5-HT","Pre-Stim",2,3,NA,-2.59620592394709
"A","trial","UG","5-HT","Pre-Stim",2,4,NA,-1.59499160454451
"A","trial","UG","5-HT","Pre-Stim",2,5,NA,-3.2381212460493
"A","trial","UG","5-HT","Pre-Stim",2,6,NA,-3.79883942287343
"A","trial","UG","5-HT","Pre-Stim",2,7,NA,-3.2227618190495
"A","trial","UG","5-HT","Pre-Stim",2,8,NA,-3.90045239797987
"A","trial","UG","5-HT","Pre-Stim",2,9,NA,-1.73177886852013
"A","trial","UG","5-HT","Pre-Stim",2,10,NA,-4.70609903734699
"A","trial","UG","5-HT","Pre-Stim",2,11,NA,-10.1491253251609
"A","trial","UG","5-HT","Pre-Stim",2,12,NA,-3.02762104503121
"A","trial","UG","5-HT","Pre-Stim",2,13,NA,-4.24094523869528
"A","trial","UG","5-HT","Pre-Stim",2,14,NA,-2.58059281508025
"A","trial","UG","5-HT","Pre-Stim",2,15,NA,-4.90894200738547
"A","trial","UG","5-HT","Pre-Stim",2,16,NA,-5.41585274204299
"A","trial","UG","5-HT","Pre-Stim",2,17,NA,-1.00135203131988
"A","trial","UG","5-HT","Pre-Stim",2,18,NA,-3.89421093047944
"A","trial","UG","5-HT","Pre-Stim",2,19,NA,-5.03379623431808
"A","trial","UG","5-HT","Pre-Stim",2,20,NA,-5.26487748188133
"A","trial","UG","5-HT","Pre-Stim",2,21,NA,-1.5295143896699
"A","trial","UG","5-HT","Pre-Stim",2,22,NA,-1.61574840700238
"A","trial","UG","5-HT","Pre-Stim",2,23,NA,-3.65418906592158
"A","trial","UG","5-HT","Pre-Stim",2,24,NA,-3.43028371587576
"A","trial","UG","5-HT","Pre-Stim",2,25,NA,-1.55891409405491
"A","trial","UG","5-HT","Pre-Stim",2,26,NA,-0.771737828633243
"A","trial","UG","5-HT","Pre-Stim",2,27,NA,2.87265946536038
"A","trial","UG","5-HT","Pre-Stim",2,28,NA,-3.54392944713312
"A","trial","UG","5-HT","Pre-Stim",2,29,NA,1.34078284987763
"A","trial","UG","5-HT","Pre-Stim",2,30,NA,-3.66391121511722
"A","trial","UG","DA","Pre-Stim",2,1,NA,-1.26603968461479
"A","trial","UG","DA","Pre-Stim",2,2,NA,-4.41390418866569
"A","trial","UG","DA","Pre-Stim",2,3,NA,-1.19566190166999
"A","trial","UG","DA","Pre-Stim",2,4,NA,-1.03584529860697
"A","trial","UG","DA","Pre-Stim",2,5,NA,-0.686492959699011
"A","trial","UG","DA","Pre-Stim",2,6,NA,2.30104145339685
"A","trial","UG","DA","Pre-Stim",2,7,NA,3.68231239673656
"A","trial","UG","DA","Pre-Stim",2,8,NA,3.93661367502583
"A","trial","UG","DA","Pre-Stim",2,9,NA,-0.987364031322736
"A","trial","UG","DA","Pre-Stim",2,10,NA,-1.45550068597866
"A","trial","UG","DA","Pre-Stim",2,11,NA,2.6061269787905
"A","trial","UG","DA","Pre-Stim",2,12,NA,-2.31384053913473
"A","trial","UG","DA","Pre-Stim",2,13,NA,-4.78552643457788
"A","trial","UG","DA","Pre-Stim",2,14,NA,0.496504378638429
"A","trial","UG","DA","Pre-Stim",2,15,NA,-1.84015719129404
"A","trial","UG","DA","Pre-Stim",2,16,NA,-0.517716490075739
"A","trial","UG","DA","Pre-Stim",2,17,NA,-1.29128122726689
"A","trial","UG","DA","Pre-Stim",2,18,NA,-1.53873855823916
"A","trial","UG","DA","Pre-Stim",2,19,NA,2.30399414927241
"A","trial","UG","DA","Pre-Stim",2,20,NA,-0.375889442627485
"A","trial","UG","DA","Pre-Stim",2,21,NA,0.555395515828537
"A","trial","UG","DA","Pre-Stim",2,22,NA,-1.58379984908461
"A","trial","UG","DA","Pre-Stim",2,23,NA,-2.29935725993856
"A","trial","UG","DA","Pre-Stim",2,24,NA,0.407945722799909
"A","trial","UG","DA","Pre-Stim",2,25,NA,-1.83347030701418
"A","trial","UG","DA","Pre-Stim",2,26,NA,-3.11974088626759
"A","trial","UG","DA","Pre-Stim",2,27,NA,-0.146927951716825
"A","trial","UG","DA","Pre-Stim",2,28,NA,3.80434180049666
"A","trial","UG","DA","Pre-Stim",2,29,NA,1.35467801300097
"A","trial","UG","DA","Pre-Stim",2,30,NA,-4.43118912677222
"A","trial","UG","5-HT","Post-Stim",2,1,NA,2.44423642474616
"A","trial","UG","5-HT","Post-Stim",2,2,NA,1.34606000263874
"A","trial","UG","5-HT","Post-Stim",2,3,NA,-2.36255259681648
"A","trial","UG","5-HT","Post-Stim",2,4,NA,1.08944766300951
"A","trial","UG","5-HT","Post-Stim",2,5,NA,-0.943248884230268
"A","trial","UG","5-HT","Post-Stim",2,6,NA,1.19057272064736
"A","trial","UG","5-HT","Post-Stim",2,7,NA,-0.206416387612682
"A","trial","UG","5-HT","Post-Stim",2,8,NA,-0.849698841981225
"A","trial","UG","5-HT","Post-Stim",2,9,NA,0.839231401540346
"A","trial","UG","5-HT","Post-Stim",2,10,NA,2.99346610157349
"A","trial","UG","5-HT","Post-Stim",2,11,NA,5.29799404553996
"A","trial","UG","5-HT","Post-Stim",2,12,NA,1.7714674962311
"A","trial","UG","5-HT","Post-Stim",2,13,NA,-0.463601698835575
"A","trial","UG","5-HT","Post-Stim",2,14,NA,4.39506041172126
"A","trial","UG","5-HT","Post-Stim",2,15,NA,6.21395617610169
"A","trial","UG","5-HT","Post-Stim",2,16,NA,1.34566674143962
"A","trial","UG","5-HT","Post-Stim",2,17,NA,3.305649628758
"A","trial","UG","5-HT","Post-Stim",2,18,NA,2.23155114527486
"A","trial","UG","5-HT","Post-Stim",2,19,NA,4.67948553196833
"A","trial","UG","5-HT","Post-Stim",2,20,NA,4.19377560161911
"A","trial","UG","5-HT","Post-Stim",2,21,NA,5.4686830768437
"A","trial","UG","5-HT","Post-Stim",2,22,NA,7.71604697548
"A","trial","UG","5-HT","Post-Stim",2,23,NA,6.68503833879615
"A","trial","UG","5-HT","Post-Stim",2,24,NA,7.50345981879094
"A","trial","UG","5-HT","Post-Stim",2,25,NA,-0.123462700553446
"A","trial","UG","5-HT","Post-Stim",2,26,NA,4.09461642761417
"A","trial","UG","5-HT","Post-Stim",2,27,NA,2.25921045769805
"A","trial","UG","5-HT","Post-Stim",2,28,NA,3.49932719980708
"A","trial","UG","5-HT","Post-Stim",2,29,NA,4.61566371954447
"A","trial","UG","5-HT","Post-Stim",2,30,NA,4.94540761974522
"A","trial","UG","DA","Post-Stim",2,1,NA,5.39663280626098
"A","trial","UG","DA","Post-Stim",2,2,NA,-0.308897111952097
"A","trial","UG","DA","Post-Stim",2,3,NA,2.44130392380888
"A","trial","UG","DA","Post-Stim",2,4,NA,1.52059856505641
"A","trial","UG","DA","Post-Stim",2,5,NA,3.87429456270311
"A","trial","UG","DA","Post-Stim",2,6,NA,-2.55473083174853
"A","trial","UG","DA","Post-Stim",2,7,NA,1.44555790992651
"A","trial","UG","DA","Post-Stim",2,8,NA,-1.51520554606576
"A","trial","UG","DA","Post-Stim",2,9,NA,-2.20435282553747
"A","trial","UG","DA","Post-Stim",2,10,NA,-1.45594875388661
"A","trial","UG","DA","Post-Stim",2,11,NA,0.604164205753051
"A","trial","UG","DA","Post-Stim",2,12,NA,2.872406552792
"A","trial","UG","DA","Post-Stim",2,13,NA,-0.796628574767239
"A","trial","UG","DA","Post-Stim",2,14,NA,-0.0311147858360277
"A","trial","UG","DA","Post-Stim",2,15,NA,0.22161561212322
"A","trial","UG","DA","Post-Stim",2,16,NA,2.04806556758635
"A","trial","UG","DA","Post-Stim",2,17,NA,1.54682108351524
"A","trial","UG","DA","Post-Stim",2,18,NA,0.826609976274383
"A","trial","UG","DA","Post-Stim",2,19,NA,-0.23345386553608
"A","trial","UG","DA","Post-Stim",2,20,NA,-0.496094887168425
"A","trial","UG","DA","Post-Stim",2,21,NA,-0.406183491013281
"A","trial","UG","DA","Post-Stim",2,22,NA,-2.16121481181855
"A","trial","UG","DA","Post-Stim",2,23,NA,-0.481370390102494
"A","trial","UG","DA","Post-Stim",2,24,NA,-2.10381876731221
"A","trial","UG","DA","Post-Stim",2,25,NA,3.01059425723536
"A","trial","UG","DA","Post-Stim",2,26,NA,1.83326745218639
"A","trial","UG","DA","Post-Stim",2,27,NA,5.67713063384201
"A","trial","UG","DA","Post-Stim",2,28,NA,3.08633467516447
"A","trial","UG","DA","Post-Stim",2,29,NA,2.5039310664666
"A","trial","UG","DA","Post-Stim",2,30,NA,0.383949746767979
"A","trial","UG","5-HT","Pre-Stim",3,1,NA,-1.24003510336995
"A","trial","UG","5-HT","Pre-Stim",3,2,NA,-6.557875958303
"A","trial","UG","5-HT","Pre-Stim",3,3,NA,-2.71637031212837
"A","trial","UG","5-HT","Pre-Stim",3,4,NA,-3.19949719215236
"A","trial","UG","5-HT","Pre-Stim",3,5,NA,-0.176379569500872
"A","trial","UG","5-HT","Pre-Stim",3,6,NA,-0.025665373904469
"A","trial","UG","5-HT","Pre-Stim",3,7,NA,0.159463128128008
"A","trial","UG","5-HT","Pre-Stim",3,8,NA,-3.93229176449216
"A","trial","UG","5-HT","Pre-Stim",3,9,NA,-3.19103740963151
"A","trial","UG","5-HT","Pre-Stim",3,10,NA,-4.01457977607751
"A","trial","UG","5-HT","Pre-Stim",3,11,NA,0.320406228783991
"A","trial","UG","5-HT","Pre-Stim",3,12,NA,-5.48265067461064
"A","trial","UG","5-HT","Pre-Stim",3,13,NA,-0.799275422946605
"A","trial","UG","5-HT","Pre-Stim",3,14,NA,-2.88315372617212
"A","trial","UG","5-HT","Pre-Stim",3,15,NA,-2.38185241907127
"A","trial","UG","5-HT","Pre-Stim",3,16,NA,-4.5561391117956
"A","trial","UG","5-HT","Pre-Stim",3,17,NA,-7.21609732116539
"A","trial","UG","5-HT","Pre-Stim",3,18,NA,-0.0979992086387425
"A","trial","UG","5-HT","Pre-Stim",3,19,NA,-4.56768664522372
"A","trial","UG","5-HT","Pre-Stim",3,20,NA,0.231724030842343
"A","trial","UG","5-HT","Pre-Stim",3,21,NA,-1.83659364244001
"A","trial","UG","5-HT","Pre-Stim",3,22,NA,-4.77422116728392
"A","trial","UG","5-HT","Pre-Stim",3,23,NA,-3.93039151859092
"A","trial","UG","5-HT","Pre-Stim",3,24,NA,-6.57112715783981
"A","trial","UG","5-HT","Pre-Stim",3,25,NA,-6.94909429569872
"A","trial","UG","5-HT","Pre-Stim",3,26,NA,-6.84970200341612
"A","trial","UG","5-HT","Pre-Stim",3,27,NA,-4.31002950955555
"A","trial","UG","5-HT","Pre-Stim",3,28,NA,-8.19231644920215
"A","trial","UG","5-HT","Pre-Stim",3,29,NA,-8.96303848626617
"A","trial","UG","5-HT","Pre-Stim",3,30,NA,-6.67092969836072
"A","trial","UG","DA","Pre-Stim",3,1,NA,-3.2038207218302
"A","trial","UG","DA","Pre-Stim",3,2,NA,-3.67963805270643
"A","trial","UG","DA","Pre-Stim",3,3,NA,-8.30905893386884
"A","trial","UG","DA","Pre-Stim",3,4,NA,-8.87446517338616
"A","trial","UG","DA","Pre-Stim",3,5,NA,-9.80277192115443
"A","trial","UG","DA","Pre-Stim",3,6,NA,-12.2492179398611
"A","trial","UG","DA","Pre-Stim",3,7,NA,-9.33863632553578
"A","trial","UG","DA","Pre-Stim",3,8,NA,-6.81553398721684
"A","trial","UG","DA","Pre-Stim",3,9,NA,-6.50949490924156
"A","trial","UG","DA","Pre-Stim",3,10,NA,-2.04051071763394
"A","trial","UG","DA","Pre-Stim",3,11,NA,-4.69107039802086
"A","trial","UG","DA","Pre-Stim",3,12,NA,-6.98972892375257
"A","trial","UG","DA","Pre-Stim",3,13,NA,-7.76612479462896
"A","trial","UG","DA","Pre-Stim",3,14,NA,-3.25538693006547
"A","trial","UG","DA","Pre-Stim",3,15,NA,-3.72689941329245
"A","trial","UG","DA","Pre-Stim",3,16,NA,-3.78820482823022
"A","trial","UG","DA","Pre-Stim",3,17,NA,0.214240075965892
"A","trial","UG","DA","Pre-Stim",3,18,NA,-3.60792571667049
"A","trial","UG","DA","Pre-Stim",3,19,NA,0.784187330639697
"A","trial","UG","DA","Pre-Stim",3,20,NA,-1.63119689579458
"A","trial","UG","DA","Pre-Stim",3,21,NA,-0.931256691690016
"A","trial","UG","DA","Pre-Stim",3,22,NA,1.1711097841536
"A","trial","UG","DA","Pre-Stim",3,23,NA,-0.956605769733261
"A","trial","UG","DA","Pre-Stim",3,24,NA,3.1773396748849
"A","trial","UG","DA","Pre-Stim",3,25,NA,-0.962989376163669
"A","trial","UG","DA","Pre-Stim",3,26,NA,6.1940562849839
"A","trial","UG","DA","Pre-Stim",3,27,NA,2.84340160575463
"A","trial","UG","DA","Pre-Stim",3,28,NA,3.5152859779976
"A","trial","UG","DA","Pre-Stim",3,29,NA,5.24943964129913
"A","trial","UG","DA","Pre-Stim",3,30,NA,-0.359882581816173
"A","trial","UG","5-HT","Post-Stim",3,1,NA,9.45338693696668
"A","trial","UG","5-HT","Post-Stim",3,2,NA,4.69163793427241
"A","trial","UG","5-HT","Post-Stim",3,3,NA,3.761218680965
"A","trial","UG","5-HT","Post-Stim",3,4,NA,3.30702378067313
"A","trial","UG","5-HT","Post-Stim",3,5,NA,6.0255951255795
"A","trial","UG","5-HT","Post-Stim",3,6,NA,4.85904997908668
"A","trial","UG","5-HT","Post-Stim",3,7,NA,4.1448162574446
"A","trial","UG","5-HT","Post-Stim",3,8,NA,4.850725755577
"A","trial","UG","5-HT","Post-Stim",3,9,NA,2.05452475458685
"A","trial","UG","5-HT","Post-Stim",3,10,NA,8.79628396630341
"A","trial","UG","5-HT","Post-Stim",3,11,NA,5.99279242508964
"A","trial","UG","5-HT","Post-Stim",3,12,NA,0.622532860660494
"A","trial","UG","5-HT","Post-Stim",3,13,NA,3.614218797094
"A","trial","UG","5-HT","Post-Stim",3,14,NA,2.00550492160475
"A","trial","UG","5-HT","Post-Stim",3,15,NA,-0.0401314042901805
"A","trial","UG","5-HT","Post-Stim",3,16,NA,2.83722108967407
"A","trial","UG","5-HT","Post-Stim",3,17,NA,2.55823317759349
"A","trial","UG","5-HT","Post-Stim",3,18,NA,1.89508596743599
"A","trial","UG","5-HT","Post-Stim",3,19,NA,4.67628900435106
"A","trial","UG","5-HT","Post-Stim",3,20,NA,1.22873139956481
"A","trial","UG","5-HT","Post-Stim",3,21,NA,6.77739106011882
"A","trial","UG","5-HT","Post-Stim",3,23,NA,3.03454627711579
"A","trial","UG","5-HT","Post-Stim",3,24,NA,1.49613269126199
"A","trial","UG","5-HT","Post-Stim",3,25,NA,1.02722807221892
"A","trial","UG","5-HT","Post-Stim",3,26,NA,2.42541603464607
"A","trial","UG","5-HT","Post-Stim",3,27,NA,8.27460464537419
"A","trial","UG","5-HT","Post-Stim",3,28,NA,4.01369947882344
"A","trial","UG","5-HT","Post-Stim",3,29,NA,3.10680127570082
"A","trial","UG","5-HT","Post-Stim",3,30,NA,4.42656429299314
"A","trial","UG","DA","Post-Stim",3,1,NA,10.4390921116517
"A","trial","UG","DA","Post-Stim",3,2,NA,14.402896373318
"A","trial","UG","DA","Post-Stim",3,3,NA,4.66344842045982
"A","trial","UG","DA","Post-Stim",3,4,NA,8.99289307444393
"A","trial","UG","DA","Post-Stim",3,5,NA,5.68088898464062
"A","trial","UG","DA","Post-Stim",3,6,NA,6.75139727604348
"A","trial","UG","DA","Post-Stim",3,7,NA,5.2283210579514
"A","trial","UG","DA","Post-Stim",3,8,NA,3.59262168110891
"A","trial","UG","DA","Post-Stim",3,9,NA,5.58661609388734
"A","trial","UG","DA","Post-Stim",3,10,NA,2.30145644732164
"A","trial","UG","DA","Post-Stim",3,11,NA,5.91760266936145
"A","trial","UG","DA","Post-Stim",3,12,NA,7.84945592946687
"A","trial","UG","DA","Post-Stim",3,13,NA,3.11040886658713
"A","trial","UG","DA","Post-Stim",3,14,NA,5.75009115219367
"A","trial","UG","DA","Post-Stim",3,15,NA,3.96569665542996
"A","trial","UG","DA","Post-Stim",3,16,NA,2.73108043142366
"A","trial","UG","DA","Post-Stim",3,17,NA,-1.13469773950819
"A","trial","UG","DA","Post-Stim",3,18,NA,4.92599990119243
"A","trial","UG","DA","Post-Stim",3,19,NA,3.53784048373346
"A","trial","UG","DA","Post-Stim",3,20,NA,-0.353294814844167
"A","trial","UG","DA","Post-Stim",3,21,NA,-0.601222828067594
"A","trial","UG","DA","Post-Stim",3,23,NA,-1.52641531205497
"A","trial","UG","DA","Post-Stim",3,24,NA,3.51890500524621
"A","trial","UG","DA","Post-Stim",3,25,NA,-1.86141910665829
"A","trial","UG","DA","Post-Stim",3,26,NA,-0.516116428432118
"A","trial","UG","DA","Post-Stim",3,27,NA,-1.25116916730419
"A","trial","UG","DA","Post-Stim",3,28,NA,-4.14221035785706
"A","trial","UG","DA","Post-Stim",3,29,NA,1.06651499250177
"A","trial","UG","DA","Post-Stim",3,30,NA,-0.196108156306351
"A","trial","UG","5-HT","Pre-Stim",4,1,NA,-6.84423425051881
"A","trial","UG","5-HT","Pre-Stim",4,2,NA,-4.65259526116317
"A","trial","UG","5-HT","Pre-Stim",4,3,NA,-4.83768785077467
"A","trial","UG","5-HT","Pre-Stim",4,4,NA,-3.22364412668814
"A","trial","UG","5-HT","Pre-Stim",4,5,NA,-7.3864261126077
"A","trial","UG","5-HT","Pre-Stim",4,6,NA,-6.11667291572317
"A","trial","UG","5-HT","Pre-Stim",4,7,NA,-5.13785456540995
"A","trial","UG","5-HT","Pre-Stim",4,8,NA,-7.57516936914668
"A","trial","UG","5-HT","Pre-Stim",4,9,NA,-7.27433596208964
"A","trial","UG","5-HT","Pre-Stim",4,10,NA,-11.4456045207685
"A","trial","UG","5-HT","Pre-Stim",4,11,NA,-4.95265640441941
"A","trial","UG","5-HT","Pre-Stim",4,12,NA,-5.38703966913239
"A","trial","UG","5-HT","Pre-Stim",4,13,NA,-7.0767112281631
"A","trial","UG","5-HT","Pre-Stim",4,14,NA,-7.09800471796362
"A","trial","UG","5-HT","Pre-Stim",4,15,NA,-5.07908111608923
"A","trial","UG","5-HT","Pre-Stim",4,16,NA,-4.6419392651187
"A","trial","UG","5-HT","Pre-Stim",4,17,NA,-4.39369573027604
"A","trial","UG","5-HT","Pre-Stim",4,18,NA,-6.25748305678505
"A","trial","UG","5-HT","Pre-Stim",4,19,NA,-4.63722042828216
"A","trial","UG","5-HT","Pre-Stim",4,20,NA,-6.65294701235037
"A","trial","UG","5-HT","Pre-Stim",4,21,NA,-3.98436453466573
"A","trial","UG","5-HT","Pre-Stim",4,22,NA,-4.97684279970778
"A","trial","UG","5-HT","Pre-Stim",4,23,NA,-4.78874704401512
"A","trial","UG","5-HT","Pre-Stim",4,24,NA,-4.28639441841528
"A","trial","UG","5-HT","Pre-Stim",4,25,NA,-7.29900749159464
"A","trial","UG","5-HT","Pre-Stim",4,26,NA,-2.68694165848277
"A","trial","UG","5-HT","Pre-Stim",4,27,NA,-5.08034687140233
"A","trial","UG","5-HT","Pre-Stim",4,28,NA,-4.86196057705961
"A","trial","UG","5-HT","Pre-Stim",4,29,NA,-4.87715295204374
"A","trial","UG","5-HT","Pre-Stim",4,30,NA,-4.82750897113955
"A","trial","UG","DA","Pre-Stim",4,1,NA,5.69591957251008
"A","trial","UG","DA","Pre-Stim",4,2,NA,6.65610657710344
"A","trial","UG","DA","Pre-Stim",4,3,NA,8.44717256811093
"A","trial","UG","DA","Pre-Stim",4,4,NA,7.57049035521619
"A","trial","UG","DA","Pre-Stim",4,5,NA,8.66603376779854
"A","trial","UG","DA","Pre-Stim",4,6,NA,6.26046690443105
"A","trial","UG","DA","Pre-Stim",4,7,NA,6.94269753863759
"A","trial","UG","DA","Pre-Stim",4,8,NA,8.999865444828
"A","trial","UG","DA","Pre-Stim",4,9,NA,-1.19509621115326
"A","trial","UG","DA","Pre-Stim",4,10,NA,-3.14229284139846
"A","trial","UG","DA","Pre-Stim",4,11,NA,2.09315786785585
"A","trial","UG","DA","Pre-Stim",4,12,NA,2.68334922285872
"A","trial","UG","DA","Pre-Stim",4,13,NA,0.0564974930014907
"A","trial","UG","DA","Pre-Stim",4,14,NA,7.46489977170742
"A","trial","UG","DA","Pre-Stim",4,15,NA,6.70088115019613
"A","trial","UG","DA","Pre-Stim",4,16,NA,7.65568746961172
"A","trial","UG","DA","Pre-Stim",4,17,NA,4.00418897806988
"A","trial","UG","DA","Pre-Stim",4,18,NA,5.87497104530389
"A","trial","UG","DA","Pre-Stim",4,19,NA,2.72962206721377
"A","trial","UG","DA","Pre-Stim",4,20,NA,6.03556921130432
"A","trial","UG","DA","Pre-Stim",4,21,NA,5.08198840483904
"A","trial","UG","DA","Pre-Stim",4,22,NA,4.7019710989573
"A","trial","UG","DA","Pre-Stim",4,23,NA,4.95958549372389
"A","trial","UG","DA","Pre-Stim",4,24,NA,6.89436287512655
"A","trial","UG","DA","Pre-Stim",4,25,NA,3.21208215885719
"A","trial","UG","DA","Pre-Stim",4,26,NA,6.46694164610622
"A","trial","UG","DA","Pre-Stim",4,27,NA,7.43107912264207
"A","trial","UG","DA","Pre-Stim",4,28,NA,6.34539389670128
"A","trial","UG","DA","Pre-Stim",4,29,NA,3.90854598561079
"A","trial","UG","DA","Pre-Stim",4,30,NA,6.88342834500337
"A","trial","UG","5-HT","Post-Stim",4,1,NA,4.99408096479917
"A","trial","UG","5-HT","Post-Stim",4,2,NA,3.1314086312383
"A","trial","UG","5-HT","Post-Stim",4,3,NA,8.56256470810522
"A","trial","UG","5-HT","Post-Stim",4,4,NA,5.16241277173749
"A","trial","UG","5-HT","Post-Stim",4,5,NA,4.13971065237403
"A","trial","UG","5-HT","Post-Stim",4,6,NA,5.18080098891134
"A","trial","UG","5-HT","Post-Stim",4,7,NA,7.63323070881728
"A","trial","UG","5-HT","Post-Stim",4,8,NA,6.14163618005702
"A","trial","UG","5-HT","Post-Stim",4,9,NA,7.47070036269621
"A","trial","UG","5-HT","Post-Stim",4,10,NA,8.82218081641807
"A","trial","UG","5-HT","Post-Stim",4,11,NA,2.22542082380868
"A","trial","UG","5-HT","Post-Stim",4,12,NA,5.93095773083551
"A","trial","UG","5-HT","Post-Stim",4,13,NA,9.57268708098211
"A","trial","UG","5-HT","Post-Stim",4,14,NA,7.05444294989266
"A","trial","UG","5-HT","Post-Stim",4,15,NA,5.9184930948901
"A","trial","UG","5-HT","Post-Stim",4,16,NA,6.0923696299222
"A","trial","UG","5-HT","Post-Stim",4,17,NA,5.65131655786752
"A","trial","UG","5-HT","Post-Stim",4,18,NA,5.38430125787179
"A","trial","UG","5-HT","Post-Stim",4,19,NA,5.43104976799077
"A","trial","UG","5-HT","Post-Stim",4,20,NA,2.47982594332743
"A","trial","UG","5-HT","Post-Stim",4,21,NA,7.25088253898628
"A","trial","UG","5-HT","Post-Stim",4,22,NA,4.75116868020467
"A","trial","UG","5-HT","Post-Stim",4,23,NA,5.19500689136929
"A","trial","UG","5-HT","Post-Stim",4,24,NA,3.30794298002726
"A","trial","UG","5-HT","Post-Stim",4,25,NA,5.18150175459935
"A","trial","UG","5-HT","Post-Stim",4,26,NA,6.21132208011856
"A","trial","UG","5-HT","Post-Stim",4,27,NA,5.53431298200014
"A","trial","UG","5-HT","Post-Stim",4,28,NA,4.93593955474769
"A","trial","UG","5-HT","Post-Stim",4,29,NA,3.31127459260162
"A","trial","UG","5-HT","Post-Stim",4,30,NA,6.28581696073705
"A","trial","UG","DA","Post-Stim",4,1,NA,-5.05261537496234
"A","trial","UG","DA","Post-Stim",4,2,NA,-5.4602651384391
"A","trial","UG","DA","Post-Stim",4,3,NA,-5.84578567859405
"A","trial","UG","DA","Post-Stim",4,4,NA,-7.15282312415005
"A","trial","UG","DA","Post-Stim",4,5,NA,-3.72091093957069
"A","trial","UG","DA","Post-Stim",4,6,NA,-4.33854321440172
"A","trial","UG","DA","Post-Stim",4,7,NA,-4.2282848468773
"A","trial","UG","DA","Post-Stim",4,8,NA,-4.15602708003861
"A","trial","UG","DA","Post-Stim",4,9,NA,-3.95353397841434
"A","trial","UG","DA","Post-Stim",4,10,NA,-4.80023047975062
"A","trial","UG","DA","Post-Stim",4,11,NA,-5.25970724833682
"A","trial","UG","DA","Post-Stim",4,12,NA,-6.95578200916712
"A","trial","UG","DA","Post-Stim",4,13,NA,-4.75409479475321
"A","trial","UG","DA","Post-Stim",4,14,NA,-4.1556565743858
"A","trial","UG","DA","Post-Stim",4,15,NA,-3.50896286929713
"A","trial","UG","DA","Post-Stim",4,16,NA,-4.83464128857045
"A","trial","UG","DA","Post-Stim",4,17,NA,-5.84340420317185
"A","trial","UG","DA","Post-Stim",4,18,NA,-3.96798753439573
"A","trial","UG","DA","Post-Stim",4,19,NA,-5.08841749319624
"A","trial","UG","DA","Post-Stim",4,20,NA,-3.25055975900785
"A","trial","UG","DA","Post-Stim",4,21,NA,-4.5542343471519
"A","trial","UG","DA","Post-Stim",4,22,NA,-4.53051429303587
"A","trial","UG","DA","Post-Stim",4,23,NA,-5.95069205608962
"A","trial","UG","DA","Post-Stim",4,24,NA,-5.85172864393296
"A","trial","UG","DA","Post-Stim",4,25,NA,-6.73417496503701
"A","trial","UG","DA","Post-Stim",4,26,NA,-5.38641589825379
"A","trial","UG","DA","Post-Stim",4,27,NA,-4.42453095394328
"A","trial","UG","DA","Post-Stim",4,28,NA,-5.79616154111963
"A","trial","UG","DA","Post-Stim",4,29,NA,-6.27067883567412
"A","trial","UG","DA","Post-Stim",4,30,NA,-6.4197623904482
"A","trial","UG","5-HT","Pre-Stim",5,1,NA,-0.507782749617665
"A","trial","UG","5-HT","Pre-Stim",5,2,NA,-1.12884520168221
"A","trial","UG","5-HT","Pre-Stim",5,3,NA,-3.26807353967155
"A","trial","UG","5-HT","Pre-Stim",5,4,NA,-4.27940753069271
"A","trial","UG","5-HT","Pre-Stim",5,5,NA,-4.57677233810825
"A","trial","UG","5-HT","Pre-Stim",5,6,NA,-5.74642024750361
"A","trial","UG","5-HT","Pre-Stim",5,7,NA,-5.09631647142944
"A","trial","UG","5-HT","Pre-Stim",5,8,NA,-6.29491158394032
"A","trial","UG","5-HT","Pre-Stim",5,9,NA,-5.7712380935874
"A","trial","UG","5-HT","Pre-Stim",5,10,NA,-7.00180302137165
"A","trial","UG","5-HT","Pre-Stim",5,11,NA,-5.71395340192286
"A","trial","UG","5-HT","Pre-Stim",5,12,NA,-5.18487769983991
"A","trial","UG","5-HT","Pre-Stim",5,13,NA,-4.89136497446889
"A","trial","UG","5-HT","Pre-Stim",5,14,NA,-6.06841481354423
"A","trial","UG","5-HT","Pre-Stim",5,15,NA,-6.98723134803914
"A","trial","UG","5-HT","Pre-Stim",5,16,NA,-4.99633453645193
"A","trial","UG","5-HT","Pre-Stim",5,17,NA,-5.75257637301375
"A","trial","UG","5-HT","Pre-Stim",5,18,NA,-6.19584622108763
"A","trial","UG","5-HT","Pre-Stim",5,19,NA,-6.70250537261574
"A","trial","UG","5-HT","Pre-Stim",5,20,NA,-6.57662841030482
"A","trial","UG","5-HT","Pre-Stim",5,21,NA,-6.42788090859898
"A","trial","UG","5-HT","Pre-Stim",5,22,NA,-6.14961025352283
"A","trial","UG","5-HT","Pre-Stim",5,23,NA,-5.86505966857402
"A","trial","UG","5-HT","Pre-Stim",5,24,NA,-5.04134138392709
"A","trial","UG","5-HT","Pre-Stim",5,25,NA,-5.59895879875858
"A","trial","UG","5-HT","Pre-Stim",5,26,NA,-5.10826066622364
"A","trial","UG","5-HT","Pre-Stim",5,27,NA,-5.83404498985253
"A","trial","UG","5-HT","Pre-Stim",5,28,NA,-5.32567474567707
"A","trial","UG","5-HT","Pre-Stim",5,29,NA,-4.70196105937503
"A","trial","UG","5-HT","Pre-Stim",5,30,NA,-5.99248074012176
"A","trial","UG","DA","Pre-Stim",5,1,NA,3.7476367922648
"A","trial","UG","DA","Pre-Stim",5,2,NA,-0.374065911603042
"A","trial","UG","DA","Pre-Stim",5,3,NA,-1.58565079247514
"A","trial","UG","DA","Pre-Stim",5,4,NA,-3.13938099184133
"A","trial","UG","DA","Pre-Stim",5,5,NA,-2.14908484942974
"A","trial","UG","DA","Pre-Stim",5,6,NA,-0.134768737615382
"A","trial","UG","DA","Pre-Stim",5,7,NA,-3.08475381413563
"A","trial","UG","DA","Pre-Stim",5,8,NA,-5.51877213152101
"A","trial","UG","DA","Pre-Stim",5,9,NA,-3.08404706970679
"A","trial","UG","DA","Pre-Stim",5,10,NA,-4.22757105920086
"A","trial","UG","DA","Pre-Stim",5,11,NA,-8.24975475199717
"A","trial","UG","DA","Pre-Stim",5,12,NA,-7.29432765124171
"A","trial","UG","DA","Pre-Stim",5,13,NA,-11.9304230732113
"A","trial","UG","DA","Pre-Stim",5,14,NA,-6.71284786692492
"A","trial","UG","DA","Pre-Stim",5,15,NA,-2.90247451887987
"A","trial","UG","DA","Pre-Stim",5,16,NA,-6.3026844092576
"A","trial","UG","DA","Pre-Stim",5,17,NA,-6.32869220103878
"A","trial","UG","DA","Pre-Stim",5,18,NA,-3.82195032330681
"A","trial","UG","DA","Pre-Stim",5,19,NA,1.67260727119283
"A","trial","UG","DA","Pre-Stim",5,20,NA,-6.06637128580579
"A","trial","UG","DA","Pre-Stim",5,21,NA,-7.99765690347938
"A","trial","UG","DA","Pre-Stim",5,22,NA,-8.18036307562608
"A","trial","UG","DA","Pre-Stim",5,23,NA,-6.31622241970651
"A","trial","UG","DA","Pre-Stim",5,24,NA,-3.00847847002423
"A","trial","UG","DA","Pre-Stim",5,25,NA,-6.19361630631895
"A","trial","UG","DA","Pre-Stim",5,26,NA,-2.81439355033392
"A","trial","UG","DA","Pre-Stim",5,27,NA,-4.39853035292787
"A","trial","UG","DA","Pre-Stim",5,28,NA,-3.25511302760327
"A","trial","UG","DA","Pre-Stim",5,29,NA,-4.81501098421461
"A","trial","UG","DA","Pre-Stim",5,30,NA,-5.69297325981672
"A","trial","UG","5-HT","Post-Stim",5,1,NA,9.38093213846176
"A","trial","UG","5-HT","Post-Stim",5,2,NA,11.4794865409628
"A","trial","UG","5-HT","Post-Stim",5,3,NA,9.49279228708222
"A","trial","UG","5-HT","Post-Stim",5,4,NA,10.0825371194865
"A","trial","UG","5-HT","Post-Stim",5,5,NA,8.33329418509482
"A","trial","UG","5-HT","Post-Stim",5,6,NA,9.6061754782551
"A","trial","UG","5-HT","Post-Stim",5,7,NA,6.98434545164188
"A","trial","UG","5-HT","Post-Stim",5,8,NA,6.78162659306616
"A","trial","UG","5-HT","Post-Stim",5,9,NA,5.34960634577759
"A","trial","UG","5-HT","Post-Stim",5,10,NA,5.86208979093065
"A","trial","UG","5-HT","Post-Stim",5,11,NA,3.95885206369508
"A","trial","UG","5-HT","Post-Stim",5,12,NA,3.42722998820287
"A","trial","UG","5-HT","Post-Stim",5,13,NA,6.19484712399956
"A","trial","UG","5-HT","Post-Stim",5,14,NA,7.94685546194858
"A","trial","UG","5-HT","Post-Stim",5,15,NA,3.78791157394355
"A","trial","UG","5-HT","Post-Stim",5,16,NA,5.68871731862022
"A","trial","UG","5-HT","Post-Stim",5,17,NA,3.07139083152123
"A","trial","UG","5-HT","Post-Stim",5,18,NA,3.49699240186795
"A","trial","UG","5-HT","Post-Stim",5,19,NA,4.08509250908116
"A","trial","UG","5-HT","Post-Stim",5,20,NA,3.32596824356028
"A","trial","UG","5-HT","Post-Stim",5,21,NA,3.85640971678518
"A","trial","UG","5-HT","Post-Stim",5,22,NA,5.91851804029958
"A","trial","UG","5-HT","Post-Stim",5,23,NA,2.4136847432143
"A","trial","UG","5-HT","Post-Stim",5,24,NA,3.96723959258688
"A","trial","UG","5-HT","Post-Stim",5,25,NA,2.64040841937897
"A","trial","UG","5-HT","Post-Stim",5,26,NA,1.03937400412794
"A","trial","UG","5-HT","Post-Stim",5,27,NA,2.23399843819351
"A","trial","UG","5-HT","Post-Stim",5,28,NA,1.88785602246552
"A","trial","UG","5-HT","Post-Stim",5,29,NA,4.25386450355002
"A","trial","UG","5-HT","Post-Stim",5,30,NA,1.74918863337128
"A","trial","UG","DA","Post-Stim",5,1,NA,10.3425580035457
"A","trial","UG","DA","Post-Stim",5,2,NA,9.26704224634565
"A","trial","UG","DA","Post-Stim",5,3,NA,7.68954103607229
"A","trial","UG","DA","Post-Stim",5,4,NA,7.26560878261641
"A","trial","UG","DA","Post-Stim",5,5,NA,8.89978825160707
"A","trial","UG","DA","Post-Stim",5,6,NA,9.01280528361149
"A","trial","UG","DA","Post-Stim",5,7,NA,5.40336347482487
"A","trial","UG","DA","Post-Stim",5,8,NA,3.23844135035647
"A","trial","UG","DA","Post-Stim",5,9,NA,4.53012184969823
"A","trial","UG","DA","Post-Stim",5,10,NA,0.198905552135678
"A","trial","UG","DA","Post-Stim",5,11,NA,6.40039280050934
"A","trial","UG","DA","Post-Stim",5,12,NA,3.79389047621146
"A","trial","UG","DA","Post-Stim",5,13,NA,-0.894351854537952
"A","trial","UG","DA","Post-Stim",5,14,NA,2.2036353122123
"A","trial","UG","DA","Post-Stim",5,15,NA,2.97526842095375
"A","trial","UG","DA","Post-Stim",5,16,NA,2.99767076317852
"A","trial","UG","DA","Post-Stim",5,17,NA,-0.566888688330807
"A","trial","UG","DA","Post-Stim",5,18,NA,2.05839766708672
"A","trial","UG","DA","Post-Stim",5,19,NA,3.80802924706716
"A","trial","UG","DA","Post-Stim",5,20,NA,4.94057450179833
"A","trial","UG","DA","Post-Stim",5,21,NA,3.65800871609457
"A","trial","UG","DA","Post-Stim",5,22,NA,3.16483502652229
"A","trial","UG","DA","Post-Stim",5,23,NA,-0.592593669888038
"A","trial","UG","DA","Post-Stim",5,24,NA,6.51142274998823
"A","trial","UG","DA","Post-Stim",5,25,NA,2.39190746519107
"A","trial","UG","DA","Post-Stim",5,26,NA,1.71162189698064
"A","trial","UG","DA","Post-Stim",5,27,NA,-0.222253758500814
"A","trial","UG","DA","Post-Stim",5,28,NA,0.713925753242633
"A","trial","UG","DA","Post-Stim",5,29,NA,-0.927363576877086
"A","trial","UG","DA","Post-Stim",5,30,NA,2.2911886014772
"A","trial","UG","5-HT","Pre-Stim",6,1,NA,5.4812799233881
"A","trial","UG","5-HT","Pre-Stim",6,2,NA,4.54929848751087
"A","trial","UG","5-HT","Pre-Stim",6,3,NA,4.94036582022379
"A","trial","UG","5-HT","Pre-Stim",6,4,NA,6.59011027313772
"A","trial","UG","5-HT","Pre-Stim",6,5,NA,5.99452009666842
"A","trial","UG","5-HT","Pre-Stim",6,6,NA,6.10090314464066
"A","trial","UG","5-HT","Pre-Stim",6,7,NA,7.08607795174366
"A","trial","UG","5-HT","Pre-Stim",6,8,NA,5.65884409802229
"A","trial","UG","5-HT","Pre-Stim",6,9,NA,5.64483842353846
"A","trial","UG","5-HT","Pre-Stim",6,10,NA,5.89860206327727
"A","trial","UG","5-HT","Pre-Stim",6,11,NA,3.905261377357
"A","trial","UG","5-HT","Pre-Stim",6,12,NA,4.2518487937525
"A","trial","UG","5-HT","Pre-Stim",6,13,NA,6.30083001587562
"A","trial","UG","5-HT","Pre-Stim",6,14,NA,4.67331968868309
"A","trial","UG","5-HT","Pre-Stim",6,15,NA,6.04466447559204
"A","trial","UG","5-HT","Pre-Stim",6,16,NA,4.86217638757796
"A","trial","UG","5-HT","Pre-Stim",6,17,NA,7.06012137153782
"A","trial","UG","5-HT","Pre-Stim",6,18,NA,3.08071176495259
"A","trial","UG","5-HT","Pre-Stim",6,19,NA,6.3201504350344
"A","trial","UG","5-HT","Pre-Stim",6,20,NA,4.95516012342044
"A","trial","UG","5-HT","Pre-Stim",6,21,NA,5.89641469477436
"A","trial","UG","5-HT","Pre-Stim",6,22,NA,5.25484737383696
"A","trial","UG","5-HT","Pre-Stim",6,23,NA,6.5969039684854
"A","trial","UG","5-HT","Pre-Stim",6,24,NA,6.97511225623072
"A","trial","UG","5-HT","Pre-Stim",6,25,NA,3.85287662518923
"A","trial","UG","5-HT","Pre-Stim",6,26,NA,5.53130842695757
"A","trial","UG","5-HT","Pre-Stim",6,27,NA,5.84869887936038
"A","trial","UG","5-HT","Pre-Stim",6,28,NA,5.82626244675803
"A","trial","UG","5-HT","Pre-Stim",6,29,NA,4.05205041750668
"A","trial","UG","5-HT","Pre-Stim",6,30,NA,6.93206978249687
"A","trial","UG","DA","Pre-Stim",6,1,NA,-11.5940709919617
"A","trial","UG","DA","Pre-Stim",6,2,NA,-6.90486544434657
"A","trial","UG","DA","Pre-Stim",6,3,NA,-10.4321291911835
"A","trial","UG","DA","Pre-Stim",6,4,NA,-7.87479701630801
"A","trial","UG","DA","Pre-Stim",6,5,NA,-9.25438627425293
"A","trial","UG","DA","Pre-Stim",6,6,NA,-8.08238141541081
"A","trial","UG","DA","Pre-Stim",6,7,NA,-5.48869007504604
"A","trial","UG","DA","Pre-Stim",6,8,NA,-7.30874311904079
"A","trial","UG","DA","Pre-Stim",6,9,NA,-7.14340832101239
"A","trial","UG","DA","Pre-Stim",6,10,NA,-6.12894904338693
"A","trial","UG","DA","Pre-Stim",6,11,NA,-4.81218566696087
"A","trial","UG","DA","Pre-Stim",6,12,NA,-6.56419003952458
"A","trial","UG","DA","Pre-Stim",6,13,NA,-5.28097795996086
"A","trial","UG","DA","Pre-Stim",6,14,NA,-6.20311762581686
"A","trial","UG","DA","Pre-Stim",6,15,NA,-5.72666601710061
"A","trial","UG","DA","Pre-Stim",6,16,NA,-5.08181582598231
"A","trial","UG","DA","Pre-Stim",6,17,NA,-5.57193460625037
"A","trial","UG","DA","Pre-Stim",6,18,NA,-4.8866205463906
"A","trial","UG","DA","Pre-Stim",6,19,NA,-5.20086522635774
"A","trial","UG","DA","Pre-Stim",6,20,NA,-2.40183633661499
"A","trial","UG","DA","Pre-Stim",6,21,NA,-1.77723365095901
"A","trial","UG","DA","Pre-Stim",6,22,NA,-3.35045794053178
"A","trial","UG","DA","Pre-Stim",6,23,NA,-2.96628435474004
"A","trial","UG","DA","Pre-Stim",6,24,NA,-1.74756813297398
"A","trial","UG","DA","Pre-Stim",6,25,NA,-1.33111528467101
"A","trial","UG","DA","Pre-Stim",6,26,NA,-2.31532827025015
"A","trial","UG","DA","Pre-Stim",6,27,NA,-1.57969553283662
"A","trial","UG","DA","Pre-Stim",6,28,NA,-0.360261415035971
"A","trial","UG","DA","Pre-Stim",6,29,NA,-2.32613108619458
"A","trial","UG","DA","Pre-Stim",6,30,NA,-2.63338688994319
"A","trial","UG","5-HT","Post-Stim",6,1,NA,-3.92102811769373
"A","trial","UG","5-HT","Post-Stim",6,2,NA,-4.55022551319076
"A","trial","UG","5-HT","Post-Stim",6,3,NA,-2.39853949874143
"A","trial","UG","5-HT","Post-Stim",6,4,NA,-4.62940937337941
"A","trial","UG","5-HT","Post-Stim",6,5,NA,-5.20388143142646
"A","trial","UG","5-HT","Post-Stim",6,6,NA,-5.6351471148908
"A","trial","UG","5-HT","Post-Stim",6,7,NA,-3.42493168275479
"A","trial","UG","5-HT","Post-Stim",6,8,NA,-5.97611818461692
"A","trial","UG","5-HT","Post-Stim",6,9,NA,-7.52183891807164
"A","trial","UG","5-HT","Post-Stim",6,10,NA,-4.77100868933385
"A","trial","UG","5-HT","Post-Stim",6,11,NA,-5.81272132503108
"A","trial","UG","5-HT","Post-Stim",6,12,NA,-8.52117378910783
"A","trial","UG","5-HT","Post-Stim",6,13,NA,-5.61552787902554
"A","trial","UG","5-HT","Post-Stim",6,14,NA,-5.40306664114938
"A","trial","UG","5-HT","Post-Stim",6,15,NA,-4.99491360614154
"A","trial","UG","5-HT","Post-Stim",6,16,NA,-6.73368150980322
"A","trial","UG","5-HT","Post-Stim",6,17,NA,-7.00555192385638
"A","trial","UG","5-HT","Post-Stim",6,18,NA,-4.07423356444891
"A","trial","UG","5-HT","Post-Stim",6,19,NA,-6.32863677916312
"A","trial","UG","5-HT","Post-Stim",6,20,NA,-7.81859012512196
"A","trial","UG","5-HT","Post-Stim",6,21,NA,-6.18310102772972
"A","trial","UG","5-HT","Post-Stim",6,22,NA,-5.73353738234968
"A","trial","UG","5-HT","Post-Stim",6,23,NA,-5.82999201044475
"A","trial","UG","5-HT","Post-Stim",6,24,NA,-5.90561389254143
"A","trial","UG","5-HT","Post-Stim",6,25,NA,-6.56019607137271
"A","trial","UG","5-HT","Post-Stim",6,26,NA,-6.87828155996648
"A","trial","UG","5-HT","Post-Stim",6,27,NA,-6.748084000511
"A","trial","UG","5-HT","Post-Stim",6,28,NA,-5.39203187969334
"A","trial","UG","5-HT","Post-Stim",6,29,NA,-7.71118928883712
"A","trial","UG","5-HT","Post-Stim",6,30,NA,-4.35718188232593
"A","trial","UG","DA","Post-Stim",6,1,NA,6.5729054366767
"A","trial","UG","DA","Post-Stim",6,2,NA,5.50315201502848
"A","trial","UG","DA","Post-Stim",6,3,NA,6.83269419330319
"A","trial","UG","DA","Post-Stim",6,4,NA,7.63545741594664
"A","trial","UG","DA","Post-Stim",6,5,NA,5.26534329396617
"A","trial","UG","DA","Post-Stim",6,6,NA,5.37220723724864
"A","trial","UG","DA","Post-Stim",6,7,NA,6.72125897727982
"A","trial","UG","DA","Post-Stim",6,8,NA,5.38914025716055
"A","trial","UG","DA","Post-Stim",6,9,NA,6.50100000920011
"A","trial","UG","DA","Post-Stim",6,10,NA,6.01514938613853
"A","trial","UG","DA","Post-Stim",6,11,NA,5.88206938877712
"A","trial","UG","DA","Post-Stim",6,12,NA,6.14407851552479
"A","trial","UG","DA","Post-Stim",6,13,NA,5.09149319085335
"A","trial","UG","DA","Post-Stim",6,14,NA,5.13567883371139
"A","trial","UG","DA","Post-Stim",6,15,NA,3.79472317145162
"A","trial","UG","DA","Post-Stim",6,16,NA,5.49576939423274
"A","trial","UG","DA","Post-Stim",6,17,NA,4.54809312904256
"A","trial","UG","DA","Post-Stim",6,18,NA,6.00619109515796
"A","trial","UG","DA","Post-Stim",6,19,NA,4.33656945774367
"A","trial","UG","DA","Post-Stim",6,20,NA,4.25945868724604
"A","trial","UG","DA","Post-Stim",6,21,NA,5.5249786952742
"A","trial","UG","DA","Post-Stim",6,22,NA,3.18142009455869
"A","trial","UG","DA","Post-Stim",6,23,NA,5.61136615437116
"A","trial","UG","DA","Post-Stim",6,24,NA,6.78560778861498
"A","trial","UG","DA","Post-Stim",6,25,NA,5.33556320700967
"A","trial","UG","DA","Post-Stim",6,26,NA,3.02717035847502
"A","trial","UG","DA","Post-Stim",6,27,NA,5.9095598423759
"A","trial","UG","DA","Post-Stim",6,28,NA,5.05147691334664
"A","trial","UG","DA","Post-Stim",6,29,NA,3.75008494047298
"A","trial","UG","DA","Post-Stim",6,30,NA,3.84437256474579
"A","trial","UG","5-HT","Pre-Stim",7,1,NA,-7.05084381890367
"A","trial","UG","5-HT","Pre-Stim",7,2,NA,-9.0012529415954
"A","trial","UG","5-HT","Pre-Stim",7,3,NA,-9.68236193600436
"A","trial","UG","5-HT","Pre-Stim",7,4,NA,-8.24765102579234
"A","trial","UG","5-HT","Pre-Stim",7,5,NA,-1.82135176774032
"A","trial","UG","5-HT","Pre-Stim",7,6,NA,-8.32639390573759
"A","trial","UG","5-HT","Pre-Stim",7,7,NA,-7.6521380473911
"A","trial","UG","5-HT","Pre-Stim",7,8,NA,-7.07634002179768
"A","trial","UG","5-HT","Pre-Stim",7,9,NA,-3.42404706371808
"A","trial","UG","5-HT","Pre-Stim",7,10,NA,-6.36205676791841
"A","trial","UG","5-HT","Pre-Stim",7,11,NA,-4.31001899421537
"A","trial","UG","5-HT","Pre-Stim",7,12,NA,-0.771165372554095
"A","trial","UG","5-HT","Pre-Stim",7,13,NA,-3.70080618329594
"A","trial","UG","5-HT","Pre-Stim",7,14,NA,-1.70085113969227
"A","trial","UG","5-HT","Pre-Stim",7,15,NA,-0.774675050186657
"A","trial","UG","5-HT","Pre-Stim",7,16,NA,-1.08830005225625
"A","trial","UG","5-HT","Pre-Stim",7,17,NA,-0.0250431035490446
"A","trial","UG","5-HT","Pre-Stim",7,18,NA,-1.75943135901729
"A","trial","UG","5-HT","Pre-Stim",7,19,NA,-4.49023704925945
"A","trial","UG","5-HT","Pre-Stim",7,20,NA,-10.0768203795782
"A","trial","UG","5-HT","Pre-Stim",7,21,NA,-5.5495990257352
"A","trial","UG","5-HT","Pre-Stim",7,22,NA,-4.74297659792937
"A","trial","UG","5-HT","Pre-Stim",7,23,NA,-1.59718275582568
"A","trial","UG","5-HT","Pre-Stim",7,24,NA,-4.82478225033426
"A","trial","UG","5-HT","Pre-Stim",7,25,NA,-6.10049588781974
"A","trial","UG","5-HT","Pre-Stim",7,26,NA,-1.02953590982503
"A","trial","UG","5-HT","Pre-Stim",7,27,NA,-6.96615325777819
"A","trial","UG","5-HT","Pre-Stim",7,28,NA,-8.97940173635836
"A","trial","UG","5-HT","Pre-Stim",7,29,NA,-3.32092892504924
"A","trial","UG","5-HT","Pre-Stim",7,30,NA,-4.93998531770174
"A","trial","UG","DA","Pre-Stim",7,1,NA,-3.58324111518412
"A","trial","UG","DA","Pre-Stim",7,2,NA,-3.1155943338337
"A","trial","UG","DA","Pre-Stim",7,3,NA,-0.4264086688454
"A","trial","UG","DA","Pre-Stim",7,4,NA,-1.71971123749932
"A","trial","UG","DA","Pre-Stim",7,5,NA,-3.94313464785135
"A","trial","UG","DA","Pre-Stim",7,6,NA,-0.289641237126283
"A","trial","UG","DA","Pre-Stim",7,7,NA,-3.77962567854656
"A","trial","UG","DA","Pre-Stim",7,8,NA,-3.97789642714667
"A","trial","UG","DA","Pre-Stim",7,9,NA,-8.49529284711199
"A","trial","UG","DA","Pre-Stim",7,10,NA,-7.44842816619361
"A","trial","UG","DA","Pre-Stim",7,11,NA,-3.21683904964689
"A","trial","UG","DA","Pre-Stim",7,12,NA,-1.54810309031161
"A","trial","UG","DA","Pre-Stim",7,13,NA,4.25305060838039
"A","trial","UG","DA","Pre-Stim",7,14,NA,-1.0107054156016
"A","trial","UG","DA","Pre-Stim",7,15,NA,0.47392546377764
"A","trial","UG","DA","Pre-Stim",7,16,NA,-2.11338067127535
"A","trial","UG","DA","Pre-Stim",7,17,NA,-0.578452873266893
"A","trial","UG","DA","Pre-Stim",7,18,NA,2.04896866340747
"A","trial","UG","DA","Pre-Stim",7,19,NA,2.40664823455744
"A","trial","UG","DA","Pre-Stim",7,20,NA,-0.916531672031372
"A","trial","UG","DA","Pre-Stim",7,21,NA,1.39344922622527
"A","trial","UG","DA","Pre-Stim",7,22,NA,0.953951288539832
"A","trial","UG","DA","Pre-Stim",7,23,NA,4.91067200720921
"A","trial","UG","DA","Pre-Stim",7,24,NA,1.97471447397738
"A","trial","UG","DA","Pre-Stim",7,25,NA,2.92431922901446
"A","trial","UG","DA","Pre-Stim",7,26,NA,2.75773432780008
"A","trial","UG","DA","Pre-Stim",7,27,NA,4.03199414721773
"A","trial","UG","DA","Pre-Stim",7,28,NA,-2.57123229578419
"A","trial","UG","DA","Pre-Stim",7,29,NA,0.14462297668571
"A","trial","UG","DA","Pre-Stim",7,30,NA,-2.32700275551201
"A","trial","UG","5-HT","Post-Stim",7,1,NA,6.17749841458153
"A","trial","UG","5-HT","Post-Stim",7,2,NA,1.15123833263226
"A","trial","UG","5-HT","Post-Stim",7,3,NA,1.77970877954643
"A","trial","UG","5-HT","Post-Stim",7,4,NA,8.44640019665011
"A","trial","UG","5-HT","Post-Stim",7,5,NA,5.69065059410141
"A","trial","UG","5-HT","Post-Stim",7,6,NA,3.78043763923999
"A","trial","UG","5-HT","Post-Stim",7,7,NA,3.24939495252751
"A","trial","UG","5-HT","Post-Stim",7,8,NA,0.18953906562178
"A","trial","UG","5-HT","Post-Stim",7,9,NA,1.99917337184783
"A","trial","UG","5-HT","Post-Stim",7,10,NA,4.69537415774256
"A","trial","UG","5-HT","Post-Stim",7,11,NA,3.82174744926697
"A","trial","UG","5-HT","Post-Stim",7,12,NA,1.78139678503509
"A","trial","UG","5-HT","Post-Stim",7,13,NA,5.0940054351472
"A","trial","UG","5-HT","Post-Stim",7,14,NA,8.40850022369813
"A","trial","UG","5-HT","Post-Stim",7,15,NA,6.89017136931601
"A","trial","UG","5-HT","Post-Stim",7,16,NA,5.85948600899856
"A","trial","UG","5-HT","Post-Stim",7,17,NA,5.7549975330654
"A","trial","UG","5-HT","Post-Stim",7,18,NA,2.4695537967661
"A","trial","UG","5-HT","Post-Stim",7,19,NA,2.52692018393743
"A","trial","UG","5-HT","Post-Stim",7,20,NA,5.09236850191559
"A","trial","UG","5-HT","Post-Stim",7,21,NA,11.2851739641458
"A","trial","UG","5-HT","Post-Stim",7,22,NA,4.33688795713323
"A","trial","UG","5-HT","Post-Stim",7,23,NA,4.2055869706244
"A","trial","UG","5-HT","Post-Stim",7,24,NA,3.58777123312829
"A","trial","UG","5-HT","Post-Stim",7,25,NA,8.44347467407489
"A","trial","UG","5-HT","Post-Stim",7,26,NA,6.68126176332158
"A","trial","UG","5-HT","Post-Stim",7,27,NA,4.62669566097665
"A","trial","UG","5-HT","Post-Stim",7,28,NA,7.26778990812339
"A","trial","UG","5-HT","Post-Stim",7,29,NA,3.06637009687566
"A","trial","UG","5-HT","Post-Stim",7,30,NA,5.96716296458241
"A","trial","UG","DA","Post-Stim",7,1,NA,0.724675584944098
"A","trial","UG","DA","Post-Stim",7,2,NA,7.31606261654101
"A","trial","UG","DA","Post-Stim",7,3,NA,1.19812465479794
"A","trial","UG","DA","Post-Stim",7,4,NA,2.44916831916606
"A","trial","UG","DA","Post-Stim",7,5,NA,-5.5796272314088
"A","trial","UG","DA","Post-Stim",7,6,NA,5.9725957301873
"A","trial","UG","DA","Post-Stim",7,7,NA,2.11410753508787
"A","trial","UG","DA","Post-Stim",7,8,NA,-4.55238928682003
"A","trial","UG","DA","Post-Stim",7,9,NA,0.0203316032981568
"A","trial","UG","DA","Post-Stim",7,10,NA,1.30470842838691
"A","trial","UG","DA","Post-Stim",7,11,NA,-0.957307946514866
"A","trial","UG","DA","Post-Stim",7,12,NA,0.684732481710845
"A","trial","UG","DA","Post-Stim",7,13,NA,1.2751267382994
"A","trial","UG","DA","Post-Stim",7,14,NA,-0.545851589751668
"A","trial","UG","DA","Post-Stim",7,15,NA,5.84015520900697
"A","trial","UG","DA","Post-Stim",7,16,NA,1.67882925396015
"A","trial","UG","DA","Post-Stim",7,17,NA,-0.579990174488911
"A","trial","UG","DA","Post-Stim",7,18,NA,-1.18686242572229
"A","trial","UG","DA","Post-Stim",7,19,NA,3.29185657448763
"A","trial","UG","DA","Post-Stim",7,20,NA,6.22135438669061
"A","trial","UG","DA","Post-Stim",7,21,NA,0.243910340052235
"A","trial","UG","DA","Post-Stim",7,22,NA,6.14089711016208
"A","trial","UG","DA","Post-Stim",7,23,NA,-1.64516685152612
"A","trial","UG","DA","Post-Stim",7,24,NA,-1.40579272730267
"A","trial","UG","DA","Post-Stim",7,25,NA,3.05171011012303
"A","trial","UG","DA","Post-Stim",7,26,NA,0.494121247334798
"A","trial","UG","DA","Post-Stim",7,27,NA,2.75640409015315
"A","trial","UG","DA","Post-Stim",7,28,NA,-2.0719223133398
"A","trial","UG","DA","Post-Stim",7,29,NA,7.29115293636756
"A","trial","UG","DA","Post-Stim",7,30,NA,-0.740668079802808
"A","trial","UG","5-HT","Pre-Stim",8,1,NA,-0.706113870251574
"A","trial","UG","5-HT","Pre-Stim",8,2,NA,4.28636149402373
"A","trial","UG","5-HT","Pre-Stim",8,3,NA,9.73326696904945
"A","trial","UG","5-HT","Pre-Stim",8,4,NA,-0.592696480910405
"A","trial","UG","5-HT","Pre-Stim",8,5,NA,0.576562968694252
"A","trial","UG","5-HT","Pre-Stim",8,6,NA,0.678911645092537
"A","trial","UG","5-HT","Pre-Stim",8,7,NA,-1.67778877868684
"A","trial","UG","5-HT","Pre-Stim",8,8,NA,-1.80590365229645
"A","trial","UG","5-HT","Pre-Stim",8,9,NA,-3.37962924431018
"A","trial","UG","5-HT","Pre-Stim",8,10,NA,-1.38889526668412
"A","trial","UG","5-HT","Pre-Stim",8,11,NA,0.300963659492236
"A","trial","UG","5-HT","Pre-Stim",8,12,NA,-0.20908933001594
"A","trial","UG","5-HT","Pre-Stim",8,13,NA,2.91505304467185
"A","trial","UG","5-HT","Pre-Stim",8,14,NA,0.0785915684763577
"A","trial","UG","5-HT","Pre-Stim",8,15,NA,1.25622397928666
"A","trial","UG","5-HT","Pre-Stim",8,16,NA,11.0218507716726
"A","trial","UG","5-HT","Pre-Stim",8,17,NA,3.19047533217629
"A","trial","UG","5-HT","Pre-Stim",8,18,NA,-1.76324045375012
"A","trial","UG","5-HT","Pre-Stim",8,19,NA,-2.92537959324655
"A","trial","UG","5-HT","Pre-Stim",8,20,NA,-1.31166486441678
"A","trial","UG","5-HT","Pre-Stim",8,21,NA,3.90204490182211
"A","trial","UG","5-HT","Pre-Stim",8,22,NA,-4.00120951475865
"A","trial","UG","5-HT","Pre-Stim",8,23,NA,-0.422477571779478
"A","trial","UG","5-HT","Pre-Stim",8,24,NA,1.84734275560296
"A","trial","UG","5-HT","Pre-Stim",8,25,NA,0.293526789825458
"A","trial","UG","5-HT","Pre-Stim",8,26,NA,-0.703412914543734
"A","trial","UG","5-HT","Pre-Stim",8,27,NA,-1.80437036088918
"A","trial","UG","5-HT","Pre-Stim",8,28,NA,3.26645049740541
"A","trial","UG","5-HT","Pre-Stim",8,29,NA,-3.9306508786602
"A","trial","UG","5-HT","Pre-Stim",8,30,NA,4.51869877626687
"A","trial","UG","DA","Pre-Stim",8,1,NA,-10.2645729922708
"A","trial","UG","DA","Pre-Stim",8,2,NA,-9.46933920535825
"A","trial","UG","DA","Pre-Stim",8,3,NA,-11.2749850901891
"A","trial","UG","DA","Pre-Stim",8,4,NA,-4.12411241625879
"A","trial","UG","DA","Pre-Stim",8,5,NA,-4.29382475784203
"A","trial","UG","DA","Pre-Stim",8,6,NA,-1.88205183841869
"A","trial","UG","DA","Pre-Stim",8,7,NA,-2.50549217879379
"A","trial","UG","DA","Pre-Stim",8,8,NA,-3.26280963023171
"A","trial","UG","DA","Pre-Stim",8,9,NA,0.890120149982621
"A","trial","UG","DA","Pre-Stim",8,10,NA,-1.00063619237432
"A","trial","UG","DA","Pre-Stim",8,11,NA,-3.47214927027772
"A","trial","UG","DA","Pre-Stim",8,12,NA,1.85188796173497
"A","trial","UG","DA","Pre-Stim",8,13,NA,-4.48566329382949
"A","trial","UG","DA","Pre-Stim",8,14,NA,1.48828165154829
"A","trial","UG","DA","Pre-Stim",8,15,NA,-5.64488752997339
"A","trial","UG","DA","Pre-Stim",8,16,NA,2.5742055425393
"A","trial","UG","DA","Pre-Stim",8,17,NA,1.61313322369005
"A","trial","UG","DA","Pre-Stim",8,18,NA,-1.39839772285448
"A","trial","UG","DA","Pre-Stim",8,19,NA,-4.48641678043256
"A","trial","UG","DA","Pre-Stim",8,20,NA,4.37042609581098
"A","trial","UG","DA","Pre-Stim",8,21,NA,-1.17378656543112
"A","trial","UG","DA","Pre-Stim",8,22,NA,1.138906175273
"A","trial","UG","DA","Pre-Stim",8,23,NA,4.97160996272699
"A","trial","UG","DA","Pre-Stim",8,24,NA,-0.0984081130937508
"A","trial","UG","DA","Pre-Stim",8,25,NA,5.89639957558576
"A","trial","UG","DA","Pre-Stim",8,26,NA,3.02419150493108
"A","trial","UG","DA","Pre-Stim",8,27,NA,3.59143368243848
"A","trial","UG","DA","Pre-Stim",8,28,NA,9.35130363311611
"A","trial","UG","DA","Pre-Stim",8,29,NA,1.62971410710221
"A","trial","UG","DA","Pre-Stim",8,30,NA,1.55435235881926
"A","trial","UG","5-HT","Post-Stim",8,1,NA,-5.96130633440614
"A","trial","UG","5-HT","Post-Stim",8,2,NA,-5.34924769844523
"A","trial","UG","5-HT","Post-Stim",8,3,NA,-7.6902684822907
"A","trial","UG","5-HT","Post-Stim",8,4,NA,-4.95109319946815
"A","trial","UG","5-HT","Post-Stim",8,5,NA,-1.85165769570173
"A","trial","UG","5-HT","Post-Stim",8,6,NA,-6.58335825256668
"A","trial","UG","5-HT","Post-Stim",8,7,NA,-0.97698660671214
"A","trial","UG","5-HT","Post-Stim",8,8,NA,2.42635959731636
"A","trial","UG","5-HT","Post-Stim",8,9,NA,0.376572131114662
"A","trial","UG","5-HT","Post-Stim",8,10,NA,-5.07891985387515
"A","trial","UG","5-HT","Post-Stim",8,11,NA,-2.36794429787124
"A","trial","UG","5-HT","Post-Stim",8,12,NA,0.00243546276283495
"A","trial","UG","5-HT","Post-Stim",8,13,NA,-0.659935776481002
"A","trial","UG","5-HT","Post-Stim",8,14,NA,-4.43193129468204
"A","trial","UG","5-HT","Post-Stim",8,15,NA,-2.45778233797277
"A","trial","UG","5-HT","Post-Stim",8,16,NA,-3.35163836755002
"A","trial","UG","5-HT","Post-Stim",8,17,NA,-1.91085219686225
"A","trial","UG","5-HT","Post-Stim",8,18,NA,1.21911897605072
"A","trial","UG","5-HT","Post-Stim",8,19,NA,2.18618308193891
"A","trial","UG","5-HT","Post-Stim",8,20,NA,-0.670440602868416
"A","trial","UG","5-HT","Post-Stim",8,21,NA,0.542534024935565
"A","trial","UG","5-HT","Post-Stim",8,22,NA,-0.935332077598591
"A","trial","UG","5-HT","Post-Stim",8,23,NA,-1.41528811264529
"A","trial","UG","5-HT","Post-Stim",8,24,NA,-1.08631144276799
"A","trial","UG","5-HT","Post-Stim",8,25,NA,2.06275856139804
"A","trial","UG","5-HT","Post-Stim",8,26,NA,0.640938920612264
"A","trial","UG","5-HT","Post-Stim",8,27,NA,0.448530906428091
"A","trial","UG","5-HT","Post-Stim",8,28,NA,4.19496213341823
"A","trial","UG","5-HT","Post-Stim",8,29,NA,0.816873825609662
"A","trial","UG","5-HT","Post-Stim",8,30,NA,1.41318672831536
"A","trial","UG","DA","Post-Stim",8,1,NA,4.03021098877724
"A","trial","UG","DA","Post-Stim",8,2,NA,2.67873587806114
"A","trial","UG","DA","Post-Stim",8,3,NA,6.30528048887177
"A","trial","UG","DA","Post-Stim",8,4,NA,5.78959882878262
"A","trial","UG","DA","Post-Stim",8,5,NA,1.31561729485181
"A","trial","UG","DA","Post-Stim",8,6,NA,4.70168187854417
"A","trial","UG","DA","Post-Stim",8,7,NA,0.673464720077189
"A","trial","UG","DA","Post-Stim",8,8,NA,-10.2294159565939
"A","trial","UG","DA","Post-Stim",8,9,NA,0.154331287142069
"A","trial","UG","DA","Post-Stim",8,10,NA,5.31469391855008
"A","trial","UG","DA","Post-Stim",8,11,NA,1.93373498055175
"A","trial","UG","DA","Post-Stim",8,12,NA,2.83091261931808
"A","trial","UG","DA","Post-Stim",8,13,NA,2.10277587508679
"A","trial","UG","DA","Post-Stim",8,14,NA,0.540623223676198
"A","trial","UG","DA","Post-Stim",8,15,NA,0.072188469019356
"A","trial","UG","DA","Post-Stim",8,16,NA,2.31459192893801
"A","trial","UG","DA","Post-Stim",8,17,NA,-1.77059704140696
"A","trial","UG","DA","Post-Stim",8,18,NA,0.185831503805336
"A","trial","UG","DA","Post-Stim",8,19,NA,0.639238511864058
"A","trial","UG","DA","Post-Stim",8,20,NA,0.594470606625141
"A","trial","UG","DA","Post-Stim",8,21,NA,0.519090246734082
"A","trial","UG","DA","Post-Stim",8,22,NA,0.990853582375698
"A","trial","UG","DA","Post-Stim",8,23,NA,2.11987567675029
"A","trial","UG","DA","Post-Stim",8,24,NA,1.31665006008816
"A","trial","UG","DA","Post-Stim",8,25,NA,-1.88767057576637
"A","trial","UG","DA","Post-Stim",8,26,NA,0.473187608768542
"A","trial","UG","DA","Post-Stim",8,27,NA,-2.80208209303824
"A","trial","UG","DA","Post-Stim",8,28,NA,-5.38382463283509
"A","trial","UG","DA","Post-Stim",8,29,NA,-1.52475851953662
"A","trial","UG","DA","Post-Stim",8,30,NA,-1.77681628280224
"A","trial","UG","5-HT","Pre-Stim",9,1,NA,-7.06331065901557
"A","trial","UG","5-HT","Pre-Stim",9,2,NA,-8.28766551285818
"A","trial","UG","5-HT","Pre-Stim",9,3,NA,-9.94839629312627
"A","trial","UG","5-HT","Pre-Stim",9,4,NA,-6.89587841632494
"A","trial","UG","5-HT","Pre-Stim",9,5,NA,-6.77273037515138
"A","trial","UG","5-HT","Pre-Stim",9,6,NA,-7.17243262160646
"A","trial","UG","5-HT","Pre-Stim",9,7,NA,-6.704610531109
"A","trial","UG","5-HT","Pre-Stim",9,8,NA,-5.54932311913156
"A","trial","UG","5-HT","Pre-Stim",9,9,NA,-6.70692227550711
"A","trial","UG","5-HT","Pre-Stim",9,10,NA,-6.2872376396133
"A","trial","UG","5-HT","Pre-Stim",9,11,NA,-5.32242784469181
"A","trial","UG","5-HT","Pre-Stim",9,12,NA,-7.69298332726118
"A","trial","UG","5-HT","Pre-Stim",9,13,NA,-5.47742609650031
"A","trial","UG","5-HT","Pre-Stim",9,14,NA,-6.40054003963289
"A","trial","UG","5-HT","Pre-Stim",9,15,NA,-5.71279252551676
"A","trial","UG","5-HT","Pre-Stim",9,16,NA,-5.53013505598846
"A","trial","UG","5-HT","Pre-Stim",9,17,NA,-5.93643145171635
"A","trial","UG","5-HT","Pre-Stim",9,18,NA,-3.87208354079484
"A","trial","UG","5-HT","Pre-Stim",9,19,NA,-6.46678580764049
"A","trial","UG","5-HT","Pre-Stim",9,20,NA,-4.99360274909029
"A","trial","UG","5-HT","Pre-Stim",9,21,NA,-3.95997112961233
"A","trial","UG","5-HT","Pre-Stim",9,22,NA,-3.64801403211104
"A","trial","UG","5-HT","Pre-Stim",9,23,NA,-4.51529333127359
"A","trial","UG","5-HT","Pre-Stim",9,24,NA,-3.86197489067536
"A","trial","UG","5-HT","Pre-Stim",9,25,NA,-4.08106198466902
"A","trial","UG","5-HT","Pre-Stim",9,26,NA,-4.42158489419216
"A","trial","UG","5-HT","Pre-Stim",9,27,NA,-3.53255287300475
"A","trial","UG","5-HT","Pre-Stim",9,28,NA,-2.12336992175219
"A","trial","UG","5-HT","Pre-Stim",9,29,NA,-2.77432293014473
"A","trial","UG","5-HT","Pre-Stim",9,30,NA,-1.71583014298627
"A","trial","UG","DA","Pre-Stim",9,1,NA,-3.64738455633953
"A","trial","UG","DA","Pre-Stim",9,2,NA,-5.7989906087048
"A","trial","UG","DA","Pre-Stim",9,3,NA,-6.10934670589784
"A","trial","UG","DA","Pre-Stim",9,4,NA,-5.63158724500156
"A","trial","UG","DA","Pre-Stim",9,5,NA,0.902461194598746
"A","trial","UG","DA","Pre-Stim",9,6,NA,-1.83236938940404
"A","trial","UG","DA","Pre-Stim",9,7,NA,-4.60581094066656
"A","trial","UG","DA","Pre-Stim",9,8,NA,-5.82379432698319
"A","trial","UG","DA","Pre-Stim",9,9,NA,1.30369522679938
"A","trial","UG","DA","Pre-Stim",9,10,NA,2.97234784607691
"A","trial","UG","DA","Pre-Stim",9,11,NA,5.91880392098155
"A","trial","UG","DA","Pre-Stim",9,12,NA,-3.80569742396363
"A","trial","UG","DA","Pre-Stim",9,13,NA,-2.66741973823689
"A","trial","UG","DA","Pre-Stim",9,14,NA,-6.11457264927602
"A","trial","UG","DA","Pre-Stim",9,15,NA,1.21730197495955
"A","trial","UG","DA","Pre-Stim",9,16,NA,1.2643005805534
"A","trial","UG","DA","Pre-Stim",9,17,NA,1.18689468297491
"A","trial","UG","DA","Pre-Stim",9,18,NA,-0.690221319966612
"A","trial","UG","DA","Pre-Stim",9,19,NA,0.999822744269
"A","trial","UG","DA","Pre-Stim",9,20,NA,4.41795198316283
"A","trial","UG","DA","Pre-Stim",9,21,NA,3.65262416987089
"A","trial","UG","DA","Pre-Stim",9,22,NA,-2.53842356207725
"A","trial","UG","DA","Pre-Stim",9,23,NA,6.52127978603024
"A","trial","UG","DA","Pre-Stim",9,24,NA,0.274719629682628
"A","trial","UG","DA","Pre-Stim",9,25,NA,0.541900299525448
"A","trial","UG","DA","Pre-Stim",9,26,NA,5.6737013148767
"A","trial","UG","DA","Pre-Stim",9,27,NA,4.36517576862303
"A","trial","UG","DA","Pre-Stim",9,28,NA,9.70579460128681
"A","trial","UG","DA","Pre-Stim",9,29,NA,7.37444853327553
"A","trial","UG","DA","Pre-Stim",9,30,NA,5.23059880454185
"A","trial","UG","5-HT","Post-Stim",9,2,NA,3.00574924552028
"A","trial","UG","5-HT","Post-Stim",9,3,NA,4.56772043969644
"A","trial","UG","5-HT","Post-Stim",9,4,NA,2.67041654081096
"A","trial","UG","5-HT","Post-Stim",9,5,NA,3.50280551176086
"A","trial","UG","5-HT","Post-Stim",9,6,NA,2.25965589319877
"A","trial","UG","5-HT","Post-Stim",9,7,NA,3.8112149490009
"A","trial","UG","5-HT","Post-Stim",9,8,NA,6.12161034905833
"A","trial","UG","5-HT","Post-Stim",9,9,NA,3.62857815206968
"A","trial","UG","5-HT","Post-Stim",9,10,NA,4.84670634346581
"A","trial","UG","5-HT","Post-Stim",9,11,NA,3.4700717832072
"A","trial","UG","5-HT","Post-Stim",9,12,NA,5.25435800379059
"A","trial","UG","5-HT","Post-Stim",9,13,NA,4.57681141944764
"A","trial","UG","5-HT","Post-Stim",9,14,NA,6.95557705450919
"A","trial","UG","5-HT","Post-Stim",9,15,NA,4.9385428344153
"A","trial","UG","5-HT","Post-Stim",9,16,NA,5.08957391265
"A","trial","UG","5-HT","Post-Stim",9,17,NA,7.98770970564742
"A","trial","UG","5-HT","Post-Stim",9,18,NA,5.62387854396368
"A","trial","UG","5-HT","Post-Stim",9,19,NA,5.8793701639355
"A","trial","UG","5-HT","Post-Stim",9,20,NA,6.1075632246865
"A","trial","UG","5-HT","Post-Stim",9,21,NA,6.26380704680481
"A","trial","UG","5-HT","Post-Stim",9,22,NA,7.49425143558054
"A","trial","UG","5-HT","Post-Stim",9,23,NA,5.628065354741
"A","trial","UG","5-HT","Post-Stim",9,24,NA,5.83392717076438
"A","trial","UG","5-HT","Post-Stim",9,25,NA,9.18386447053499
"A","trial","UG","5-HT","Post-Stim",9,26,NA,8.15674422951917
"A","trial","UG","5-HT","Post-Stim",9,27,NA,8.26148341579433
"A","trial","UG","5-HT","Post-Stim",9,28,NA,6.21810337847747
"A","trial","UG","5-HT","Post-Stim",9,29,NA,7.55639945033149
"A","trial","UG","5-HT","Post-Stim",9,30,NA,7.18744134287233
"A","trial","UG","DA","Post-Stim",9,2,NA,4.74355992594775
"A","trial","UG","DA","Post-Stim",9,3,NA,6.99698669853184
"A","trial","UG","DA","Post-Stim",9,4,NA,11.3118252296633
"A","trial","UG","DA","Post-Stim",9,5,NA,2.50805506121552
"A","trial","UG","DA","Post-Stim",9,6,NA,7.99863243957723
"A","trial","UG","DA","Post-Stim",9,7,NA,2.95783678818053
"A","trial","UG","DA","Post-Stim",9,8,NA,4.21150924463684
"A","trial","UG","DA","Post-Stim",9,9,NA,-2.69239954059612
"A","trial","UG","DA","Post-Stim",9,10,NA,5.71629821694967
"A","trial","UG","DA","Post-Stim",9,11,NA,-2.34821508500441
"A","trial","UG","DA","Post-Stim",9,12,NA,-1.09011769094043
"A","trial","UG","DA","Post-Stim",9,13,NA,5.79570701988402
"A","trial","UG","DA","Post-Stim",9,14,NA,0.313984400900407
"A","trial","UG","DA","Post-Stim",9,15,NA,0.995080264064368
"A","trial","UG","DA","Post-Stim",9,16,NA,-1.85129267076345
"A","trial","UG","DA","Post-Stim",9,17,NA,-3.34771068805221
"A","trial","UG","DA","Post-Stim",9,18,NA,0.686107654837005
"A","trial","UG","DA","Post-Stim",9,19,NA,-7.08214223398959
"A","trial","UG","DA","Post-Stim",9,20,NA,-4.04413978546728
"A","trial","UG","DA","Post-Stim",9,21,NA,-2.65864975332895
"A","trial","UG","DA","Post-Stim",9,22,NA,-2.35447894691664
"A","trial","UG","DA","Post-Stim",9,23,NA,-1.37878430716966
"A","trial","UG","DA","Post-Stim",9,24,NA,-4.86970087781584
"A","trial","UG","DA","Post-Stim",9,25,NA,-4.09257875233786
"A","trial","UG","DA","Post-Stim",9,26,NA,-1.41173352802441
"A","trial","UG","DA","Post-Stim",9,27,NA,-1.4043837409512
"A","trial","UG","DA","Post-Stim",9,28,NA,-6.69472320911801
"A","trial","UG","DA","Post-Stim",9,29,NA,-3.79861579703265
"A","trial","UG","DA","Post-Stim",9,30,NA,-10.6530405880301
"A","trial","UG","5-HT","Pre-Stim",10,1,NA,-3.60144370042826
"A","trial","UG","5-HT","Pre-Stim",10,2,NA,-3.86900620319843
"A","trial","UG","5-HT","Pre-Stim",10,3,NA,-3.37666761125311
"A","trial","UG","5-HT","Pre-Stim",10,4,NA,-2.75791057795874
"A","trial","UG","5-HT","Pre-Stim",10,5,NA,-1.45668459668007
"A","trial","UG","5-HT","Pre-Stim",10,6,NA,-2.22516016449747
"A","trial","UG","5-HT","Pre-Stim",10,7,NA,-1.5809572124664
"A","trial","UG","5-HT","Pre-Stim",10,8,NA,-3.28309310864715
"A","trial","UG","5-HT","Pre-Stim",10,9,NA,-1.63326966497608
"A","trial","UG","5-HT","Pre-Stim",10,10,NA,-3.64311244800557
"A","trial","UG","5-HT","Pre-Stim",10,11,NA,-3.30091320865379
"A","trial","UG","5-HT","Pre-Stim",10,12,NA,-4.6505214886726
"A","trial","UG","5-HT","Pre-Stim",10,13,NA,-3.94445939316794
"A","trial","UG","5-HT","Pre-Stim",10,14,NA,-5.19901386607523
"A","trial","UG","5-HT","Pre-Stim",10,15,NA,-4.00518335384227
"A","trial","UG","5-HT","Pre-Stim",10,16,NA,-4.97426346039621
"A","trial","UG","5-HT","Pre-Stim",10,17,NA,-5.90310078817269
"A","trial","UG","5-HT","Pre-Stim",10,18,NA,-5.46580310482131
"A","trial","UG","5-HT","Pre-Stim",10,19,NA,-4.67517182386656
"A","trial","UG","5-HT","Pre-Stim",10,21,NA,-6.24467343934925
"A","trial","UG","5-HT","Pre-Stim",10,22,NA,-8.49037477251445
"A","trial","UG","5-HT","Pre-Stim",10,23,NA,-6.6992938025131
"A","trial","UG","5-HT","Pre-Stim",10,24,NA,-7.79705001726086
"A","trial","UG","5-HT","Pre-Stim",10,25,NA,-7.86802472067079
"A","trial","UG","5-HT","Pre-Stim",10,26,NA,-7.12324022213847
"A","trial","UG","5-HT","Pre-Stim",10,27,NA,-6.86588708314768
"A","trial","UG","5-HT","Pre-Stim",10,28,NA,-9.4908339509626
"A","trial","UG","5-HT","Pre-Stim",10,29,NA,-8.66605723917493
"A","trial","UG","5-HT","Pre-Stim",10,30,NA,-8.55239545460348
"A","trial","UG","DA","Pre-Stim",10,1,NA,-12.3115299173085
"A","trial","UG","DA","Pre-Stim",10,2,NA,-11.8806520324453
"A","trial","UG","DA","Pre-Stim",10,3,NA,-10.4750627646026
"A","trial","UG","DA","Pre-Stim",10,4,NA,-11.7719019659399
"A","trial","UG","DA","Pre-Stim",10,5,NA,-9.05394549614172
"A","trial","UG","DA","Pre-Stim",10,6,NA,-9.12304683456763
"A","trial","UG","DA","Pre-Stim",10,7,NA,-7.09390409515821
"A","trial","UG","DA","Pre-Stim",10,8,NA,-7.54533578612512
"A","trial","UG","DA","Pre-Stim",10,9,NA,-6.02258145305096
"A","trial","UG","DA","Pre-Stim",10,10,NA,-5.98174834626588
"A","trial","UG","DA","Pre-Stim",10,11,NA,-4.5989794913162
"A","trial","UG","DA","Pre-Stim",10,12,NA,-5.82683237847338
"A","trial","UG","DA","Pre-Stim",10,13,NA,-3.87814949106114
"A","trial","UG","DA","Pre-Stim",10,14,NA,-4.87500989034604
"A","trial","UG","DA","Pre-Stim",10,15,NA,-5.36290521825991
"A","trial","UG","DA","Pre-Stim",10,16,NA,-3.55034479915638
"A","trial","UG","DA","Pre-Stim",10,17,NA,-3.47758307774758
"A","trial","UG","DA","Pre-Stim",10,18,NA,-4.39873852984945
"A","trial","UG","DA","Pre-Stim",10,19,NA,-2.72729740711173
"A","trial","UG","DA","Pre-Stim",10,21,NA,-0.504771125200804
"A","trial","UG","DA","Pre-Stim",10,22,NA,-2.20636532201765
"A","trial","UG","DA","Pre-Stim",10,23,NA,-1.32856483079971
"A","trial","UG","DA","Pre-Stim",10,24,NA,-1.95789013379394
"A","trial","UG","DA","Pre-Stim",10,25,NA,-2.29706248074835
"A","trial","UG","DA","Pre-Stim",10,26,NA,-2.41579031871358
"A","trial","UG","DA","Pre-Stim",10,27,NA,-2.78053205038035
"A","trial","UG","DA","Pre-Stim",10,28,NA,-3.32469486926611
"A","trial","UG","DA","Pre-Stim",10,29,NA,-4.48178469722683
"A","trial","UG","DA","Pre-Stim",10,30,NA,-4.38654502996103
"A","trial","UG","5-HT","Post-Stim",10,1,NA,7.86773328663396
"A","trial","UG","5-HT","Post-Stim",10,2,NA,6.26782382983905
"A","trial","UG","5-HT","Post-Stim",10,3,NA,8.59090018903892
"A","trial","UG","5-HT","Post-Stim",10,4,NA,8.41941473645621
"A","trial","UG","5-HT","Post-Stim",10,5,NA,8.08859224416473
"A","trial","UG","5-HT","Post-Stim",10,6,NA,9.65329137982752
"A","trial","UG","5-HT","Post-Stim",10,7,NA,9.51684639851631
"A","trial","UG","5-HT","Post-Stim",10,8,NA,8.70787938902176
"A","trial","UG","5-HT","Post-Stim",10,9,NA,9.98854982149167
"A","trial","UG","5-HT","Post-Stim",10,10,NA,7.43451912915058
"A","trial","UG","5-HT","Post-Stim",10,11,NA,7.41037353452145
"A","trial","UG","5-HT","Post-Stim",10,12,NA,5.60766593529289
"A","trial","UG","5-HT","Post-Stim",10,13,NA,5.14736699996484
"A","trial","UG","5-HT","Post-Stim",10,14,NA,6.53171170409403
"A","trial","UG","5-HT","Post-Stim",10,15,NA,5.86446412629563
"A","trial","UG","5-HT","Post-Stim",10,16,NA,4.20894728142625
"A","trial","UG","5-HT","Post-Stim",10,17,NA,4.75655076044558
"A","trial","UG","5-HT","Post-Stim",10,18,NA,4.36776018819014
"A","trial","UG","5-HT","Post-Stim",10,19,NA,3.84220036074045
"A","trial","UG","5-HT","Post-Stim",10,20,NA,5.27027181374464
"A","trial","UG","5-HT","Post-Stim",10,21,NA,3.39383064652944
"A","trial","UG","5-HT","Post-Stim",10,23,NA,3.84694927158221
"A","trial","UG","5-HT","Post-Stim",10,24,NA,1.49310862046825
"A","trial","UG","5-HT","Post-Stim",10,25,NA,1.83895107066465
"A","trial","UG","5-HT","Post-Stim",10,26,NA,2.122089234649
"A","trial","UG","5-HT","Post-Stim",10,27,NA,-0.834815437666723
"A","trial","UG","5-HT","Post-Stim",10,28,NA,1.09855813683027
"A","trial","UG","5-HT","Post-Stim",10,29,NA,-0.238710357199782
"A","trial","UG","5-HT","Post-Stim",10,30,NA,-1.51983978987661
"A","trial","UG","DA","Post-Stim",10,1,NA,4.60400115471218
"A","trial","UG","DA","Post-Stim",10,2,NA,2.87468027050272
"A","trial","UG","DA","Post-Stim",10,3,NA,4.20706803945883
"A","trial","UG","DA","Post-Stim",10,4,NA,4.32409120765966
"A","trial","UG","DA","Post-Stim",10,5,NA,4.47047971562819
"A","trial","UG","DA","Post-Stim",10,6,NA,5.64535884372785
"A","trial","UG","DA","Post-Stim",10,7,NA,4.51309427135567
"A","trial","UG","DA","Post-Stim",10,8,NA,6.42156786534087
"A","trial","UG","DA","Post-Stim",10,9,NA,5.56097677936326
"A","trial","UG","DA","Post-Stim",10,10,NA,5.96738955392021
"A","trial","UG","DA","Post-Stim",10,11,NA,4.6124130229209
"A","trial","UG","DA","Post-Stim",10,12,NA,6.71669248911478
"A","trial","UG","DA","Post-Stim",10,13,NA,6.91169352763597
"A","trial","UG","DA","Post-Stim",10,14,NA,4.76792190658462
"A","trial","UG","DA","Post-Stim",10,15,NA,5.64771843020544
"A","trial","UG","DA","Post-Stim",10,16,NA,5.94662661926363
"A","trial","UG","DA","Post-Stim",10,17,NA,5.13694692036892
"A","trial","UG","DA","Post-Stim",10,18,NA,5.8080217849318
"A","trial","UG","DA","Post-Stim",10,19,NA,4.3155372192366
"A","trial","UG","DA","Post-Stim",10,20,NA,6.37080279219316
"A","trial","UG","DA","Post-Stim",10,21,NA,5.88781878688969
"A","trial","UG","DA","Post-Stim",10,23,NA,6.1980091286851
"A","trial","UG","DA","Post-Stim",10,24,NA,5.57731547358237
"A","trial","UG","DA","Post-Stim",10,25,NA,6.10935882291848
"A","trial","UG","DA","Post-Stim",10,26,NA,5.64634114220725
"A","trial","UG","DA","Post-Stim",10,27,NA,7.65747983643607
"A","trial","UG","DA","Post-Stim",10,28,NA,5.20982223801705
"A","trial","UG","DA","Post-Stim",10,29,NA,4.52019986519663
"A","trial","UG","DA","Post-Stim",10,30,NA,5.5020281768136
"B","subject","RL","5-HT","Pre-Stim",3,NA,NA,0.509930302391937
"B","subject","RL","DA","Pre-Stim",3,NA,NA,-5.25476368470211
"B","subject","RL","5-HT","Post-Stim",3,NA,NA,-0.605965437424255
"B","subject","RL","DA","Post-Stim",3,NA,NA,5.18275998656422
"B","subject","RL","5-HT","Pre-Stim",4,NA,NA,-5.66742399652595
"B","subject","RL","DA","Pre-Stim",4,NA,NA,5.64418642367033
"B","subject","RL","5-HT","Post-Stim",4,NA,NA,5.48201459431487
"B","subject","RL","DA","Post-Stim",4,NA,NA,-5.66948108725952
"B","subject","RL","5-HT","Pre-Stim",5,NA,NA,-5.09292823875088
"B","subject","RL","DA","Pre-Stim",5,NA,NA,-5.33245775736481
"B","subject","RL","5-HT","Post-Stim",5,NA,NA,4.94197416118542
"B","subject","RL","DA","Post-Stim",5,NA,NA,5.7291029592439
"B","subject","RL","5-HT","Pre-Stim",6,NA,NA,5.40289456211001
"B","subject","RL","DA","Pre-Stim",6,NA,NA,-5.62015336372268
"B","subject","RL","5-HT","Post-Stim",6,NA,NA,-5.60640559354979
"B","subject","RL","DA","Post-Stim",6,NA,NA,5.51039129382259
"B","subject","RL","5-HT","Pre-Stim",7,NA,NA,-5.35160466963755
"B","subject","RL","DA","Pre-Stim",7,NA,NA,0.0748544804299483
"B","subject","RL","5-HT","Post-Stim",7,NA,NA,5.41626922861977
"B","subject","RL","DA","Post-Stim",7,NA,NA,-0.396016647531174
"B","subject","RL","5-HT","Pre-Stim",8,NA,NA,5.30729585052882
"B","subject","RL","DA","Pre-Stim",8,NA,NA,-5.36436123647415
"B","subject","RL","5-HT","Post-Stim",8,NA,NA,-5.33624417684559
"B","subject","RL","DA","Post-Stim",8,NA,NA,5.53313216809441
"B","subject","RL","5-HT","Pre-Stim",9,NA,NA,-5.69144521026822
"B","subject","RL","DA","Pre-Stim",9,NA,NA,-4.11546141391423
"B","subject","RL","5-HT","Post-Stim",9,NA,NA,5.97149176610512
"B","subject","RL","DA","Post-Stim",9,NA,NA,4.13154529314204
"B","subject","RL","5-HT","Pre-Stim",10,NA,NA,5.51520679415061
"B","subject","RL","DA","Pre-Stim",10,NA,NA,-6.00502497763357
"B","subject","RL","5-HT","Post-Stim",10,NA,NA,-4.90122026593968
"B","subject","RL","DA","Post-Stim",10,NA,NA,5.34883044915428
"B","subject","UG","5-HT","Pre-Stim",1,NA,NA,-1.49248322197104
"B","subject","UG","DA","Pre-Stim",1,NA,NA,0.0550901161237931
"B","subject","UG","5-HT","Post-Stim",1,NA,NA,1.89403915461111
"B","subject","UG","DA","Post-Stim",1,NA,NA,1.39055921250841
"B","subject","UG","5-HT","Pre-Stim",2,NA,NA,-2.9898060197208
"B","subject","UG","DA","Pre-Stim",2,NA,NA,-0.52231633101937
"B","subject","UG","5-HT","Post-Stim",2,NA,NA,2.83920312056999
"B","subject","UG","DA","Post-Stim",2,NA,NA,0.818142131823939
"B","subject","UG","5-HT","Pre-Stim",3,NA,NA,-3.7124812510028
"B","subject","UG","DA","Pre-Stim",3,NA,NA,-2.87804535422049
"B","subject","UG","5-HT","Post-Stim",3,NA,NA,3.85921121512023
"B","subject","UG","DA","Post-Stim",3,NA,NA,3.39415771368726
"B","subject","UG","5-HT","Pre-Stim",4,NA,NA,-5.61134236273324
"B","subject","UG","DA","Pre-Stim",4,NA,NA,5.2028522326925
"B","subject","UG","5-HT","Post-Stim",4,NA,NA,5.63149202126449
"B","subject","UG","DA","Post-Stim",4,NA,NA,-5.07490425180558
"B","subject","UG","5-HT","Pre-Stim",5,NA,NA,-5.29288590478417
"B","subject","UG","DA","Pre-Stim",5,NA,NA,-4.33865785752623
"B","subject","UG","5-HT","Post-Stim",5,NA,NA,5.27657618537244
"B","subject","UG","DA","Post-Stim",5,NA,NA,3.74218312270644
"B","subject","UG","5-HT","Pre-Stim",6,NA,NA,5.53885431958436
"B","subject","UG","DA","Pre-Stim",6,NA,NA,-5.07766977670152
"B","subject","UG","5-HT","Post-Stim",6,NA,NA,-5.72131448875736
"B","subject","UG","DA","Post-Stim",6,NA,NA,5.35080112149784
"B","subject","UG","5-HT","Pre-Stim",7,NA,NA,-4.84642758815201
"B","subject","UG","DA","Pre-Stim",7,NA,NA,-0.759572384532543
"B","subject","UG","5-HT","Post-Stim",7,NA,NA,4.81089126615414
"B","subject","UG","DA","Post-Stim",7,NA,NA,1.36014821080266
"B","subject","UG","5-HT","Pre-Stim",8,NA,NA,0.708126745945285
"B","subject","UG","DA","Pre-Stim",8,NA,NA,-0.829718931744363
"B","subject","UG","5-HT","Post-Stim",8,NA,NA,-1.37999467602883
"B","subject","UG","DA","Post-Stim",8,NA,NA,0.740749169176004
"B","subject","UG","5-HT","Pre-Stim",9,NA,NA,-5.44758973375662
"B","subject","UG","DA","Pre-Stim",9,NA,NA,0.47527348651905
"B","subject","UG","5-HT","Post-Stim",9,NA,NA,5.58903452987088
"B","subject","UG","DA","Post-Stim",9,NA,NA,-0.259900836246562
"B","subject","UG","5-HT","Pre-Stim",10,NA,NA,-5.0808126371764
"B","subject","UG","DA","Pre-Stim",10,NA,NA,-5.36688102872538
"B","subject","UG","5-HT","Post-Stim",10,NA,NA,5.12906843120129
"B","subject","UG","DA","Post-Stim",10,NA,NA,5.41832606499557
"C","subject","RL","5-HT","Pre-Stim",3,NA,"Mixed",-2.01317207128074
"C","subject","RL","5-HT","Pre-Stim",3,NA,"Negative",1.655363631864
"C","subject","RL","5-HT","Pre-Stim",3,NA,"Positive",1.88759934659256
"C","subject","RL","DA","Pre-Stim",3,NA,"Mixed",-7.55546587077805
"C","subject","RL","DA","Pre-Stim",3,NA,"Negative",-2.36471857548714
"C","subject","RL","DA","Pre-Stim",3,NA,"Positive",-5.84410660784115
"C","subject","RL","5-HT","Post-Stim",3,NA,"Mixed",-2.73025666731669
"C","subject","RL","5-HT","Post-Stim",3,NA,"Negative",0.602137655834248
"C","subject","RL","5-HT","Post-Stim",3,NA,"Positive",0.249528664069893
"C","subject","RL","DA","Post-Stim",3,NA,"Mixed",4.10113598721024
"C","subject","RL","DA","Post-Stim",3,NA,"Negative",5.98703942495891
"C","subject","RL","DA","Post-Stim",3,NA,"Positive",5.42920100468483
"C","subject","RL","5-HT","Pre-Stim",4,NA,"Mixed",-7.05469453477725
"C","subject","RL","5-HT","Pre-Stim",4,NA,"Negative",-4.20497914683545
"C","subject","RL","5-HT","Pre-Stim",4,NA,"Positive",-5.74259830796516
"C","subject","RL","DA","Pre-Stim",4,NA,"Mixed",5.26661687175519
"C","subject","RL","DA","Pre-Stim",4,NA,"Negative",6.01861509364014
"C","subject","RL","DA","Pre-Stim",4,NA,"Positive",5.64732730561566
"C","subject","RL","5-HT","Post-Stim",4,NA,"Mixed",6.59787631710031
"C","subject","RL","5-HT","Post-Stim",4,NA,"Negative",5.38660109616324
"C","subject","RL","5-HT","Post-Stim",4,NA,"Positive",4.46156636968107
"C","subject","RL","DA","Post-Stim",4,NA,"Mixed",-6.33694032142388
"C","subject","RL","DA","Post-Stim",4,NA,"Negative",-4.80242424343872
"C","subject","RL","DA","Post-Stim",4,NA,"Positive",-5.86907869691596
"C","subject","RL","5-HT","Pre-Stim",5,NA,"Mixed",-2.72854108257778
"C","subject","RL","5-HT","Pre-Stim",5,NA,"Negative",-6.21911094806306
"C","subject","RL","5-HT","Pre-Stim",5,NA,"Positive",-6.33113268561179
"C","subject","RL","DA","Pre-Stim",5,NA,"Mixed",-4.88398341179902
"C","subject","RL","DA","Pre-Stim",5,NA,"Negative",-5.41326878252719
"C","subject","RL","DA","Pre-Stim",5,NA,"Positive",-5.70012107776823
"C","subject","RL","5-HT","Post-Stim",5,NA,"Mixed",3.421218009231
"C","subject","RL","5-HT","Post-Stim",5,NA,"Negative",6.06792627419341
"C","subject","RL","5-HT","Post-Stim",5,NA,"Positive",5.32549808473339
"C","subject","RL","DA","Post-Stim",5,NA,"Mixed",4.88385851379045
"C","subject","RL","DA","Post-Stim",5,NA,"Negative",6.73711772629967
"C","subject","RL","DA","Post-Stim",5,NA,"Positive",5.57098321825879
"C","subject","RL","5-HT","Pre-Stim",6,NA,"Mixed",4.75396520169653
"C","subject","RL","5-HT","Pre-Stim",6,NA,"Negative",5.16589013574591
"C","subject","RL","5-HT","Pre-Stim",6,NA,"Positive",6.28882834888758
"C","subject","RL","DA","Pre-Stim",6,NA,"Mixed",-7.04321046504729
"C","subject","RL","DA","Pre-Stim",6,NA,"Negative",-3.97718443313962
"C","subject","RL","DA","Pre-Stim",6,NA,"Positive",-5.84006519298113
"C","subject","RL","5-HT","Post-Stim",6,NA,"Mixed",-6.23247587480783
"C","subject","RL","5-HT","Post-Stim",6,NA,"Negative",-4.76079264680818
"C","subject","RL","5-HT","Post-Stim",6,NA,"Positive",-5.82594825903335
"C","subject","RL","DA","Post-Stim",6,NA,"Mixed",5.92574384271906
"C","subject","RL","DA","Post-Stim",6,NA,"Negative",5.22489875901505
"C","subject","RL","DA","Post-Stim",6,NA,"Positive",5.38053127973364
"C","subject","RL","5-HT","Pre-Stim",7,NA,"Mixed",-5.68218664348732
"C","subject","RL","5-HT","Pre-Stim",7,NA,"Negative",-4.82144223038937
"C","subject","RL","5-HT","Pre-Stim",7,NA,"Positive",-5.55118513503594
"C","subject","RL","DA","Pre-Stim",7,NA,"Mixed",6.35119341389488
"C","subject","RL","DA","Pre-Stim",7,NA,"Negative",-4.30850504458288
"C","subject","RL","DA","Pre-Stim",7,NA,"Positive",-1.81812492802215
"C","subject","RL","5-HT","Post-Stim",7,NA,"Mixed",3.49762135839877
"C","subject","RL","5-HT","Post-Stim",7,NA,"Negative",7.08031747947751
"C","subject","RL","5-HT","Post-Stim",7,NA,"Positive",5.67086884798304
"C","subject","RL","DA","Post-Stim",7,NA,"Mixed",-0.241302845218002
"C","subject","RL","DA","Post-Stim",7,NA,"Negative",-0.815566651260368
"C","subject","RL","DA","Post-Stim",7,NA,"Positive",-0.131180446115153
"C","subject","RL","5-HT","Pre-Stim",8,NA,"Mixed",7.83819808627477
"C","subject","RL","5-HT","Pre-Stim",8,NA,"Negative",2.05624387204775
"C","subject","RL","5-HT","Pre-Stim",8,NA,"Positive",6.02744559326394
"C","subject","RL","DA","Pre-Stim",8,NA,"Mixed",-7.42457942720353
"C","subject","RL","DA","Pre-Stim",8,NA,"Negative",-3.32915256257123
"C","subject","RL","DA","Pre-Stim",8,NA,"Positive",-5.33935171964769
"C","subject","RL","5-HT","Post-Stim",8,NA,"Mixed",-5.77729902491861
"C","subject","RL","5-HT","Post-Stim",8,NA,"Negative",-3.94841789390439
"C","subject","RL","5-HT","Post-Stim",8,NA,"Positive",-6.28301561171377
"C","subject","RL","DA","Post-Stim",8,NA,"Mixed",7.80678721986851
"C","subject","RL","DA","Post-Stim",8,NA,"Negative",2.59634857358363
"C","subject","RL","DA","Post-Stim",8,NA,"Positive",6.1962607108311
"C","subject","RL","5-HT","Pre-Stim",9,NA,"Mixed",-7.0769392574105
"C","subject","RL","5-HT","Pre-Stim",9,NA,"Negative",-4.36488963975932
"C","subject","RL","5-HT","Pre-Stim",9,NA,"Positive",-5.59175690871888
"C","subject","RL","DA","Pre-Stim",9,NA,"Mixed",-8.42295139271774
"C","subject","RL","DA","Pre-Stim",9,NA,"Negative",0.520659934528159
"C","subject","RL","DA","Pre-Stim",9,NA,"Positive",-4.3174019018236
"C","subject","RL","5-HT","Post-Stim",9,NA,"Mixed",5.83408515672334
"C","subject","RL","5-HT","Post-Stim",9,NA,"Negative",6.09780790484533
"C","subject","RL","5-HT","Post-Stim",9,NA,"Positive",5.98163162497741
"C","subject","RL","DA","Post-Stim",9,NA,"Mixed",6.3981043119975
"C","subject","RL","DA","Post-Stim",9,NA,"Negative",1.88740592924278
"C","subject","RL","DA","Post-Stim",9,NA,"Positive",4.11104732289637
"C","subject","RL","5-HT","Pre-Stim",10,NA,"Mixed",0.031388108488039
"C","subject","RL","5-HT","Pre-Stim",10,NA,"Negative",8.80983201896675
"C","subject","RL","5-HT","Pre-Stim",10,NA,"Positive",7.32545861918952
"C","subject","RL","DA","Pre-Stim",10,NA,"Mixed",-7.59679801895411
"C","subject","RL","DA","Pre-Stim",10,NA,"Negative",-3.77946552436195
"C","subject","RL","DA","Pre-Stim",10,NA,"Positive",-6.96763981113767
"C","subject","RL","5-HT","Post-Stim",10,NA,"Mixed",-4.16806783043092
"C","subject","RL","5-HT","Post-Stim",10,NA,"Negative",-5.83543972890936
"C","subject","RL","5-HT","Post-Stim",10,NA,"Positive",-4.67920602603567
"C","subject","RL","DA","Post-Stim",10,NA,"Mixed",7.4422907638452
"C","subject","RL","DA","Post-Stim",10,NA,"Negative",3.6610113710909
"C","subject","RL","DA","Post-Stim",10,NA,"Positive",5.00300236437506
"C","subject","UG","5-HT","Pre-Stim",1,NA,"$1-3",-1.19307375594634
"C","subject","UG","5-HT","Pre-Stim",1,NA,"$4-6",-1.67185825076982
"C","subject","UG","5-HT","Pre-Stim",1,NA,"$7-9",-1.50040826619771
"C","subject","UG","DA","Pre-Stim",1,NA,"$1-3",-0.294217466844499
"C","subject","UG","DA","Pre-Stim",1,NA,"$4-6",-0.556807562109793
"C","subject","UG","DA","Pre-Stim",1,NA,"$7-9",1.39873142622166
"C","subject","UG","5-HT","Post-Stim",1,NA,"$1-3",0.780865396461284
"C","subject","UG","5-HT","Post-Stim",1,NA,"$4-6",2.62625174577257
"C","subject","UG","5-HT","Post-Stim",1,NA,"$7-9",1.72584087822839
"C","subject","UG","DA","Post-Stim",1,NA,"$1-3",2.29956708644569
"C","subject","UG","DA","Post-Stim",1,NA,"$4-6",0.473779564344781
"C","subject","UG","DA","Post-Stim",1,NA,"$7-9",2.08591572285747
"C","subject","UG","5-HT","Pre-Stim",2,NA,"$1-3",-3.60991239468797
"C","subject","UG","5-HT","Pre-Stim",2,NA,"$4-6",-2.43645294998865
"C","subject","UG","5-HT","Pre-Stim",2,NA,"$7-9",-3.33806751678488
"C","subject","UG","DA","Pre-Stim",2,NA,"$1-3",-1.57697871953577
"C","subject","UG","DA","Pre-Stim",2,NA,"$4-6",-0.0570680807120075
"C","subject","UG","DA","Pre-Stim",2,NA,"$7-9",-0.281838380540855
"C","subject","UG","5-HT","Post-Stim",2,NA,"$1-3",3.41535946849337
"C","subject","UG","5-HT","Post-Stim",2,NA,"$4-6",2.46411685704533
"C","subject","UG","5-HT","Post-Stim",2,NA,"$7-9",2.91944773381475
"C","subject","UG","DA","Post-Stim",2,NA,"$1-3",0.609678718946392
"C","subject","UG","DA","Post-Stim",2,NA,"$4-6",0.886043608712081
"C","subject","UG","DA","Post-Stim",2,NA,"$7-9",0.907777960147238
"C","subject","UG","5-HT","Pre-Stim",3,NA,"$1-3",-2.28659002250603
"C","subject","UG","5-HT","Pre-Stim",3,NA,"$4-6",-4.28714969921088
"C","subject","UG","5-HT","Pre-Stim",3,NA,"$7-9",-4.13270269513544
"C","subject","UG","DA","Pre-Stim",3,NA,"$1-3",-4.01110053433765
"C","subject","UG","DA","Pre-Stim",3,NA,"$4-6",-1.27911718209004
"C","subject","UG","DA","Pre-Stim",3,NA,"$7-9",-4.54311447533162
"C","subject","UG","5-HT","Post-Stim",3,NA,"$1-3",3.70137145106546
"C","subject","UG","5-HT","Post-Stim",3,NA,"$4-6",4.16473914349207
"C","subject","UG","5-HT","Post-Stim",3,NA,"$7-9",3.42854366015342
"C","subject","UG","DA","Post-Stim",3,NA,"$1-3",2.3930601414205
"C","subject","UG","DA","Post-Stim",3,NA,"$4-6",4.16177819041638
"C","subject","UG","DA","Post-Stim",3,NA,"$7-9",3.00302827139104
"C","subject","UG","5-HT","Pre-Stim",4,NA,"$1-3",-5.42899524968149
"C","subject","UG","5-HT","Pre-Stim",4,NA,"$4-6",-5.77425803473658
"C","subject","UG","5-HT","Pre-Stim",4,NA,"$7-9",-5.50858704977914
"C","subject","UG","DA","Pre-Stim",4,NA,"$1-3",4.20346065498084
"C","subject","UG","DA","Pre-Stim",4,NA,"$4-6",5.89954571649544
"C","subject","UG","DA","Pre-Stim",4,NA,"$7-9",4.98303021374901
"C","subject","UG","5-HT","Post-Stim",4,NA,"$1-3",4.44992260853312
"C","subject","UG","5-HT","Post-Stim",4,NA,"$4-6",6.33177781291034
"C","subject","UG","5-HT","Post-Stim",4,NA,"$7-9",5.58756129861563
"C","subject","UG","DA","Post-Stim",4,NA,"$1-3",-5.28498164575719
"C","subject","UG","DA","Post-Stim",4,NA,"$4-6",-4.90230615488216
"C","subject","UG","DA","Post-Stim",4,NA,"$7-9",-5.16687352746996
"C","subject","UG","5-HT","Pre-Stim",5,NA,"$1-3",-5.433949214001
"C","subject","UG","5-HT","Pre-Stim",5,NA,"$4-6",-5.11659335285452
"C","subject","UG","5-HT","Pre-Stim",5,NA,"$7-9",-5.46033456144424
"C","subject","UG","DA","Pre-Stim",5,NA,"$1-3",-5.57342068819512
"C","subject","UG","DA","Pre-Stim",5,NA,"$4-6",-3.25108889307407
"C","subject","UG","DA","Pre-Stim",5,NA,"$7-9",-5.00714071464861
"C","subject","UG","5-HT","Post-Stim",5,NA,"$1-3",5.47708125618464
"C","subject","UG","5-HT","Post-Stim",5,NA,"$4-6",5.71736874800106
"C","subject","UG","5-HT","Post-Stim",5,NA,"$7-9",4.30468412996014
"C","subject","UG","DA","Post-Stim",5,NA,"$1-3",4.03107039698142
"C","subject","UG","DA","Post-Stim",5,NA,"$4-6",4.53926345047067
"C","subject","UG","DA","Post-Stim",5,NA,"$7-9",2.05840527484407
"C","subject","UG","5-HT","Pre-Stim",6,NA,"$1-3",5.43602389915769
"C","subject","UG","5-HT","Pre-Stim",6,NA,"$4-6",5.32469697961447
"C","subject","UG","5-HT","Pre-Stim",6,NA,"$7-9",6.01646008495834
"C","subject","UG","DA","Pre-Stim",6,NA,"$1-3",-5.74527903874208
"C","subject","UG","DA","Pre-Stim",6,NA,"$4-6",-5.91509340942603
"C","subject","UG","DA","Pre-Stim",6,NA,"$7-9",-2.94456915739308
"C","subject","UG","5-HT","Post-Stim",6,NA,"$1-3",-4.74769129618302
"C","subject","UG","5-HT","Post-Stim",6,NA,"$4-6",-5.96011664376919
"C","subject","UG","5-HT","Post-Stim",6,NA,"$7-9",-6.277033910061
"C","subject","UG","DA","Post-Stim",6,NA,"$1-3",5.82725695317424
"C","subject","UG","DA","Post-Stim",6,NA,"$4-6",5.42461948468631
"C","subject","UG","DA","Post-Stim",6,NA,"$7-9",4.7451631542416
"C","subject","UG","5-HT","Pre-Stim",7,NA,"$1-3",-5.92588359038016
"C","subject","UG","5-HT","Pre-Stim",7,NA,"$4-6",-4.73525150558636
"C","subject","UG","5-HT","Pre-Stim",7,NA,"$7-9",-3.96152973041376
"C","subject","UG","DA","Pre-Stim",7,NA,"$1-3",-0.92404439834171
"C","subject","UG","DA","Pre-Stim",7,NA,"$4-6",-0.406521895359677
"C","subject","UG","DA","Pre-Stim",7,NA,"$7-9",-1.21293872677589
"C","subject","UG","5-HT","Post-Stim",7,NA,"$1-3",4.06664081718384
"C","subject","UG","5-HT","Post-Stim",7,NA,"$4-6",4.85616564404797
"C","subject","UG","5-HT","Post-Stim",7,NA,"$7-9",5.47591155381024
"C","subject","UG","DA","Post-Stim",7,NA,"$1-3",2.31234584761296
"C","subject","UG","DA","Post-Stim",7,NA,"$4-6",1.28065654640564
"C","subject","UG","DA","Post-Stim",7,NA,"$7-9",0.547060986687158
"C","subject","UG","5-HT","Pre-Stim",8,NA,"$1-3",1.84342126697093
"C","subject","UG","5-HT","Pre-Stim",8,NA,"$4-6",0.421472856389164
"C","subject","UG","5-HT","Pre-Stim",8,NA,"$7-9",0.0744765316428532
"C","subject","UG","DA","Pre-Stim",8,NA,"$1-3",-1.64369798844193
"C","subject","UG","DA","Pre-Stim",8,NA,"$4-6",-1.63869169180181
"C","subject","UG","DA","Pre-Stim",8,NA,"$7-9",1.39996245505374
"C","subject","UG","5-HT","Post-Stim",8,NA,"$1-3",-0.974283388917594
"C","subject","UG","5-HT","Post-Stim",8,NA,"$4-6",-2.11278351364719
"C","subject","UG","5-HT","Post-Stim",8,NA,"$7-9",-0.503325497307916
"C","subject","UG","DA","Post-Stim",8,NA,"$1-3",-0.9394679931774
"C","subject","UG","DA","Post-Stim",8,NA,"$4-6",1.56447844343856
"C","subject","UG","DA","Post-Stim",8,NA,"$7-9",0.979440101569944
"C","subject","UG","5-HT","Pre-Stim",9,NA,"$1-3",-5.5248650585554
"C","subject","UG","5-HT","Pre-Stim",9,NA,"$4-6",-5.36380707655476
"C","subject","UG","5-HT","Pre-Stim",9,NA,"$7-9",-5.51693405906109
"C","subject","UG","DA","Pre-Stim",9,NA,"$1-3",-1.25667910064009
"C","subject","UG","DA","Pre-Stim",9,NA,"$4-6",1.26836041858477
"C","subject","UG","DA","Pre-Stim",9,NA,"$7-9",0.81932394256319
"C","subject","UG","5-HT","Post-Stim",9,NA,"$1-3",5.52318738100206
"C","subject","UG","5-HT","Post-Stim",9,NA,"$4-6",4.98241401449026
"C","subject","UG","5-HT","Post-Stim",9,NA,"$7-9",6.64064001623321
"C","subject","UG","DA","Post-Stim",9,NA,"$1-3",0.338637403365979
"C","subject","UG","DA","Post-Stim",9,NA,"$4-6",1.36827755111056
"C","subject","UG","DA","Post-Stim",9,NA,"$7-9",-3.50422895531444
"C","subject","UG","5-HT","Pre-Stim",10,NA,"$1-3",-3.66830502894415
"C","subject","UG","5-HT","Pre-Stim",10,NA,"$4-6",-5.69522817985918
"C","subject","UG","5-HT","Pre-Stim",10,NA,"$7-9",-5.4662759612191
"C","subject","UG","DA","Pre-Stim",10,NA,"$1-3",-6.5407529379632
"C","subject","UG","DA","Pre-Stim",10,NA,"$4-6",-4.85168547190922
"C","subject","UG","DA","Pre-Stim",10,NA,"$7-9",-5.05570424608591
"C","subject","UG","5-HT","Post-Stim",10,NA,"$1-3",5.49981004286681
"C","subject","UG","5-HT","Post-Stim",10,NA,"$4-6",5.20724720103652
"C","subject","UG","5-HT","Post-Stim",10,NA,"$7-9",4.54900619248452
"C","subject","UG","DA","Post-Stim",10,NA,"$1-3",5.19929779883536
"C","subject","UG","DA","Post-Stim",10,NA,"$4-6",5.53073535347474
"C","subject","UG","DA","Post-Stim",10,NA,"$7-9",5.44382550650603
