"panel","level","task","nt","stim","idx","trial","condition","Oz"
"A","trial","RL","DA","Post-Stim",3,1,NA,0.519934059250505
"A","trial","RL","DA","Post-Stim",3,2,NA,0.509263192432911
"A","trial","RL","DA","Post-Stim",3,3,NA,1.75979974347967
"A","trial","RL","DA","Post-Stim",3,4,NA,2.91132328345096
"A","trial","RL","DA","Post-Stim",3,5,NA,2.07382922013504
"A","trial","RL","DA","Post-Stim",3,6,NA,1.45606244497032
"A","trial","RL","DA","Post-Stim",3,7,NA,1.12230150577549
"A","trial","RL","DA","Post-Stim",3,8,NA,4.28055672992612
"A","trial","RL","DA","Post-Stim",3,9,NA,1.11672031628335
"A","trial","RL","DA","Post-Stim",3,10,NA,3.01205478136491
"A","trial","RL","DA","Post-Stim",3,11,NA,4.10090008358706
"A","trial","RL","DA","Post-Stim",3,12,NA,4.16567659889047
"A","trial","RL","DA","Post-Stim",3,13,NA,4.22226805465315
"A","trial","RL","DA","Post-Stim",3,14,NA,6.8826766700213
"A","trial","RL","DA","Post-Stim",3,15,NA,5.496808781557
"A","trial","RL","DA","Post-Stim",3,16,NA,5.79640138365113
"A","trial","RL","DA","Post-Stim",3,17,NA,1.81345037740188
"A","trial","RL","DA","Post-Stim",3,18,NA,3.1925540905315
"A","trial","RL","DA","Post-Stim",3,20,NA,3.44973743854645
"A","trial","RL","DA","Post-Stim",3,21,NA,2.9678214228532
"A","trial","RL","DA","Post-Stim",3,22,NA,1.458370129072
"A","trial","RL","DA","Post-Stim",3,23,NA,7.06226523775089
"A","trial","RL","DA","Post-Stim",3,24,NA,3.52128925464347
"A","trial","RL","DA","Post-Stim",3,25,NA,2.55345512287253
"A","trial","RL","DA","Post-Stim",3,26,NA,3.67279346850163
"A","trial","RL","DA","Post-Stim",3,27,NA,1.9275862348648
"A","trial","RL","DA","Post-Stim",3,28,NA,3.86749391885187
"A","trial","RL","DA","Post-Stim",3,29,NA,4.47030026525182
"A","trial","RL","DA","Post-Stim",3,30,NA,2.63603536770492
"A","trial","RL","DA","Post-Stim",3,31,NA,5.95469336782625
"A","trial","RL","DA","Post-Stim",3,32,NA,1.99446984592041
"A","trial","RL","DA","Post-Stim",3,33,NA,5.12851263074001
"A","trial","RL","DA","Post-Stim",3,34,NA,0.0603574589172413
"A","trial","RL","DA","Post-Stim",3,35,NA,5.77484288030562
"A","trial","RL","DA","Post-Stim",3,36,NA,2.95149010814909
"A","trial","RL","DA","Post-Stim",3,37,NA,1.77255620748159
"A","trial","RL","DA","Post-Stim",3,38,NA,2.93063059676121
"A","trial","RL","DA","Post-Stim",3,39,NA,0.286166150114319
"A","trial","RL","DA","Post-Stim",3,40,NA,5.55499284213372
"A","trial","RL","DA","Post-Stim",3,41,NA,4.25746046821268
"A","trial","RL","DA","Post-Stim",3,42,NA,4.52035335376985
"A","trial","RL","DA","Post-Stim",3,43,NA,5.35969452407901
"A","trial","RL","DA","Post-Stim",3,44,NA,5.94408871670354
"A","trial","RL","DA","Post-Stim",3,45,NA,0.316697488214915
"A","trial","RL","DA","Post-Stim",3,46,NA,5.70558645870135
"A","trial","RL","DA","Post-Stim",3,47,NA,3.5078862308084
"A","trial","RL","DA","Post-Stim",3,48,NA,5.56705774473027
"A","trial","RL","DA","Post-Stim",3,49,NA,4.11466193045937
"A","trial","RL","DA","Post-Stim",3,50,NA,8.10976471772618
"A","trial","RL","DA","Post-Stim",3,51,NA,3.07248290736021
"A","trial","RL","DA","Post-Stim",3,52,NA,6.51320488041678
"A","trial","RL","DA","Post-Stim",3,53,NA,5.5512226141727
"A","trial","RL","DA","Post-Stim",3,54,NA,6.99562975900288
"A","trial","RL","DA","Post-Stim",3,55,NA,3.47392460458067
"A","trial","RL","DA","Post-Stim",3,56,NA,5.50630077238252
"A","trial","RL","DA","Post-Stim",3,57,NA,6.08953880151288
"A","trial","RL","DA","Post-Stim",3,58,NA,5.67670047601937
"A","trial","RL","DA","Post-Stim",3,59,NA,2.34548269476742
"A","trial","RL","DA","Post-Stim",3,60,NA,4.27489855283028
"A","trial","RL","DA","Post-Stim",3,61,NA,2.92023846456209
"A","trial","RL","DA","Post-Stim",3,62,NA,3.79614645980203
"A","trial","RL","DA","Post-Stim",3,63,NA,6.3782221064411
"A","trial","RL","DA","Post-Stim",3,64,NA,2.7815846332094
"A","trial","RL","DA","Post-Stim",3,65,NA,6.46161875927703
"A","trial","RL","DA","Post-Stim",3,66,NA,4.84447670764146
"A","trial","RL","DA","Post-Stim",3,67,NA,6.18822299168821
"A","trial","RL","DA","Post-Stim",3,68,NA,4.31702366825434
"A","trial","RL","DA","Post-Stim",3,69,NA,6.54416018528608
"A","trial","RL","DA","Post-Stim",3,70,NA,5.31898338859108
"A","trial","RL","DA","Post-Stim",3,71,NA,9.03972950090564
"A","trial","RL","DA","Post-Stim",3,72,NA,4.89625065831803
"A","trial","RL","DA","Post-Stim",3,73,NA,3.89324241960009
"A","trial","RL","DA","Post-Stim",3,74,NA,7.14666026801799
"A","trial","RL","DA","Post-Stim",3,75,NA,4.97843526004706
"A","trial","RL","DA","Post-Stim",3,76,NA,6.55179012168183
"A","trial","RL","DA","Post-Stim",3,77,NA,4.89721480996912
"A","trial","RL","DA","Post-Stim",3,78,NA,5.67308173215505
"A","trial","RL","DA","Post-Stim",3,79,NA,5.35441629456086
"A","trial","RL","DA","Post-Stim",3,80,NA,6.22590839038177
"A","trial","RL","DA","Post-Stim",3,81,NA,1.56417270777438
"A","trial","RL","DA","Post-Stim",3,82,NA,5.23838072779751
"A","trial","RL","DA","Post-Stim",3,83,NA,3.85534493665668
"A","trial","RL","DA","Post-Stim",3,84,NA,7.74653093227712
"A","trial","RL","DA","Post-Stim",3,85,NA,2.19731292972775
"A","trial","RL","DA","Post-Stim",3,86,NA,8.81618404072337
"A","trial","RL","DA","Post-Stim",3,87,NA,2.20092905298297
"A","trial","RL","DA","Post-Stim",3,88,NA,5.75249050619201
"A","trial","RL","DA","Post-Stim",3,89,NA,5.98348777077866
"A","trial","RL","DA","Post-Stim",3,90,NA,6.65576429522598
"A","trial","RL","DA","Post-Stim",3,91,NA,5.43581685343873
"A","trial","RL","DA","Post-Stim",3,92,NA,8.74334642323068
"A","trial","RL","DA","Post-Stim",3,93,NA,6.95763604196326
"A","trial","RL","DA","Post-Stim",3,94,NA,5.32854042121087
"A","trial","RL","DA","Post-Stim",3,95,NA,3.9964367440993
"A","trial","RL","DA","Post-Stim",3,96,NA,5.46863453156908
"A","trial","RL","DA","Post-Stim",3,97,NA,7.42357802626932
"A","trial","RL","DA","Post-Stim",3,98,NA,3.4246099462208
"A","trial","RL","DA","Post-Stim",3,99,NA,8.16786183426196
"A","trial","RL","DA","Post-Stim",3,100,NA,3.41950558528289
"A","trial","RL","DA","Post-Stim",3,101,NA,4.58066946852836
"A","trial","RL","DA","Post-Stim",3,102,NA,5.28252209064275
"A","trial","RL","DA","Post-Stim",3,103,NA,6.91452198072091
"A","trial","RL","DA","Post-Stim",3,104,NA,3.59530159677569
"A","trial","RL","DA","Post-Stim",3,105,NA,7.31994352625952
"A","trial","RL","5-HT","Post-Stim",3,1,NA,-2.49793183567837
"A","trial","RL","5-HT","Post-Stim",3,2,NA,-6.29237874471304
"A","trial","RL","5-HT","Post-Stim",3,3,NA,8.1003403576534
"A","trial","RL","5-HT","Post-Stim",3,4,NA,0.0854047390971487
"A","trial","RL","5-HT","Post-Stim",3,5,NA,-3.45621765060797
"A","trial","RL","5-HT","Post-Stim",3,6,NA,-4.55804909861197
"A","trial","RL","5-HT","Post-Stim",3,7,NA,2.75290093256845
"A","trial","RL","5-HT","Post-Stim",3,8,NA,-6.221487562444
"A","trial","RL","5-HT","Post-Stim",3,9,NA,-1.60701430836532
"A","trial","RL","5-HT","Post-Stim",3,10,NA,-3.91640406537537
"A","trial","RL","5-HT","Post-Stim",3,11,NA,4.17327386473654
"A","trial","RL","5-HT","Post-Stim",3,12,NA,-0.385045614922637
"A","trial","RL","5-HT","Post-Stim",3,13,NA,-2.67188346820727
"A","trial","RL","5-HT","Post-Stim",3,14,NA,-1.11137933116198
"A","trial","RL","5-HT","Post-Stim",3,15,NA,-2.44796167939463
"A","trial","RL","5-HT","Post-Stim",3,16,NA,1.20228083205689
"A","trial","RL","5-HT","Post-Stim",3,17,NA,-2.59738084342583
"A","trial","RL","5-HT","Post-Stim",3,18,NA,-5.67673018673281
"A","trial","RL","5-HT","Post-Stim",3,20,NA,-2.22833423659706
"A","trial","RL","5-HT","Post-Stim",3,21,NA,-5.35828584004553
"A","trial","RL","5-HT","Post-Stim",3,22,NA,-3.8503135383886
"A","trial","RL","5-HT","Post-Stim",3,23,NA,-0.711420902607019
"A","trial","RL","5-HT","Post-Stim",3,24,NA,2.19780560152433
"A","trial","RL","5-HT","Post-Stim",3,25,NA,-1.13355670750863
"A","trial","RL","5-HT","Post-Stim",3,26,NA,1.29439618325221
"A","trial","RL","5-HT","Post-Stim",3,27,NA,-2.47000687200332
"A","trial","RL","5-HT","Post-Stim",3,28,NA,-2.18776079916843
"A","trial","RL","5-HT","Post-Stim",3,29,NA,3.48618200867988
"A","trial","RL","5-HT","Post-Stim",3,30,NA,-3.06226808864611
"A","trial","RL","5-HT","Post-Stim",3,31,NA,-0.43235896218164
"A","trial","RL","5-HT","Post-Stim",3,32,NA,6.26648516905584
"A","trial","RL","5-HT","Post-Stim",3,33,NA,-1.12591880499169
"A","trial","RL","5-HT","Post-Stim",3,34,NA,-3.45727611737927
"A","trial","RL","5-HT","Post-Stim",3,35,NA,2.06989689297413
"A","trial","RL","5-HT","Post-Stim",3,36,NA,-2.38958290350101
"A","trial","RL","5-HT","Post-Stim",3,37,NA,3.30022430473182
"A","trial","RL","5-HT","Post-Stim",3,38,NA,-4.1326495787978
"A","trial","RL","5-HT","Post-Stim",3,39,NA,-3.67949441185789
"A","trial","RL","5-HT","Post-Stim",3,40,NA,-1.35117034386201
"A","trial","RL","5-HT","Post-Stim",3,41,NA,1.90322099968021
"A","trial","RL","5-HT","Post-Stim",3,42,NA,-1.39229862238803
"A","trial","RL","5-HT","Post-Stim",3,43,NA,3.37755882242312
"A","trial","RL","5-HT","Post-Stim",3,44,NA,5.66874978873346
"A","trial","RL","5-HT","Post-Stim",3,45,NA,2.73709830859301
"A","trial","RL","5-HT","Post-Stim",3,46,NA,-3.27021310876456
"A","trial","RL","5-HT","Post-Stim",3,47,NA,2.01688458713228
"A","trial","RL","5-HT","Post-Stim",3,48,NA,0.177690507828085
"A","trial","RL","5-HT","Post-Stim",3,49,NA,-1.55242432709336
"A","trial","RL","5-HT","Post-Stim",3,50,NA,-1.51385716412936
"A","trial","RL","5-HT","Post-Stim",3,51,NA,-7.34194823466909
"A","trial","RL","5-HT","Post-Stim",3,52,NA,-1.31263329207425
"A","trial","RL","5-HT","Post-Stim",3,53,NA,-1.63311903898135
"A","trial","RL","5-HT","Post-Stim",3,54,NA,4.010475262016
"A","trial","RL","5-HT","Post-Stim",3,55,NA,4.8099649458368
"A","trial","RL","5-HT","Post-Stim",3,56,NA,2.73422553937178
"A","trial","RL","5-HT","Post-Stim",3,57,NA,-3.59826550517286
"A","trial","RL","5-HT","Post-Stim",3,58,NA,0.859698686588185
"A","trial","RL","5-HT","Post-Stim",3,59,NA,0.156371558805718
"A","trial","RL","5-HT","Post-Stim",3,60,NA,-7.10615243387874
"A","trial","RL","5-HT","Post-Stim",3,61,NA,1.47196575296908
"A","trial","RL","5-HT","Post-Stim",3,62,NA,5.61775188301844
"A","trial","RL","5-HT","Post-Stim",3,63,NA,-2.65995364391074
"A","trial","RL","5-HT","Post-Stim",3,64,NA,-2.46666445943977
"A","trial","RL","5-HT","Post-Stim",3,65,NA,0.628353732267533
"A","trial","RL","5-HT","Post-Stim",3,66,NA,-3.05013357914772
"A","trial","RL","5-HT","Post-Stim",3,67,NA,1.98210795039207
"A","trial","RL","5-HT","Post-Stim",3,68,NA,5.76522770519502
"A","trial","RL","5-HT","Post-Stim",3,69,NA,0.30878733685431
"A","trial","RL","5-HT","Post-Stim",3,70,NA,-0.90919538313705
"A","trial","RL","5-HT","Post-Stim",3,71,NA,-0.838128919547884
"A","trial","RL","5-HT","Post-Stim",3,72,NA,-3.96940725179037
"A","trial","RL","5-HT","Post-Stim",3,73,NA,-5.76444208870807
"A","trial","RL","5-HT","Post-Stim",3,74,NA,-5.93860642851116
"A","trial","RL","5-HT","Post-Stim",3,75,NA,4.14048342754632
"A","trial","RL","5-HT","Post-Stim",3,76,NA,-2.76521908488954
"A","trial","RL","5-HT","Post-Stim",3,77,NA,-3.66261447239165
"A","trial","RL","5-HT","Post-Stim",3,78,NA,0.473537628781261
"A","trial","RL","5-HT","Post-Stim",3,79,NA,-1.18631011980055
"A","trial","RL","5-HT","Post-Stim",3,80,NA,-3.33205490252519
"A","trial","RL","5-HT","Post-Stim",3,81,NA,3.43769551103243
"A","trial","RL","5-HT","Post-Stim",3,82,NA,2.76941535381238
"A","trial","RL","5-HT","Post-Stim",3,83,NA,-1.8909152589669
"A","trial","RL","5-HT","Post-Stim",3,84,NA,-3.61843873478568
"A","trial","RL","5-HT","Post-Stim",3,85,NA,-3.64360535342805
"A","trial","RL","5-HT","Post-Stim",3,86,NA,-3.69369240856219
"A","trial","RL","5-HT","Post-Stim",3,87,NA,1.00702870883085
"A","trial","RL","5-HT","Post-Stim",3,88,NA,6.52425437821264
"A","trial","RL","5-HT","Post-Stim",3,89,NA,-1.67151799988316
"A","trial","RL","5-HT","Post-Stim",3,90,NA,-0.633122978970322
"A","trial","RL","5-HT","Post-Stim",3,91,NA,1.81331383885371
"A","trial","RL","5-HT","Post-Stim",3,92,NA,-3.19618204569295
"A","trial","RL","5-HT","Post-Stim",3,93,NA,1.35953204561612
"A","trial","RL","5-HT","Post-Stim",3,94,NA,-0.950643045564737
"A","trial","RL","5-HT","Post-Stim",3,95,NA,0.464026695804382
"A","trial","RL","5-HT","Post-Stim",3,96,NA,3.26312321867552
"A","trial","RL","5-HT","Post-Stim",3,97,NA,-1.04919250611522
"A","trial","RL","5-HT","Post-Stim",3,98,NA,1.31261286828418
"A","trial","RL","5-HT","Post-Stim",3,99,NA,-2.30202657785858
"A","trial","RL","5-HT","Post-Stim",3,100,NA,1.34842451114947
"A","trial","RL","5-HT","Post-Stim",3,101,NA,-4.1708726729154
"A","trial","RL","5-HT","Post-Stim",3,102,NA,0.906048960904512
"A","trial","RL","5-HT","Post-Stim",3,103,NA,0.896360034913921
"A","trial","RL","5-HT","Post-Stim",3,104,NA,-0.868002055678379
"A","trial","RL","5-HT","Post-Stim",3,105,NA,-2.25925658781418
"A","trial","RL","DA","Pre-Stim",3,1,NA,-9.22443972695109
"A","trial","RL","DA","Pre-Stim",3,2,NA,-7.88079467843957
"A","trial","RL","DA","Pre-Stim",3,3,NA,-8.94071548144499
"A","trial","RL","DA","Pre-Stim",3,4,NA,-8.52925733154448
"A","trial","RL","DA","Pre-Stim",3,5,NA,-7.33551788130016
"A","trial","RL","DA","Pre-Stim",3,6,NA,-9.62271313038984
"A","trial","RL","DA","Pre-Stim",3,7,NA,-8.90691868188633
"A","trial","RL","DA","Pre-Stim",3,8,NA,-8.34053255260079
"A","trial","RL","DA","Pre-Stim",3,9,NA,-9.55659765969031
"A","trial","RL","DA","Pre-Stim",3,10,NA,-8.6452693678917
"A","trial","RL","DA","Pre-Stim",3,11,NA,-6.98890868121727
"A","trial","RL","DA","Pre-Stim",3,12,NA,-10.4287637885916
"A","trial","RL","DA","Pre-Stim",3,13,NA,-9.06649094227743
"A","trial","RL","DA","Pre-Stim",3,14,NA,-7.50020944672894
"A","trial","RL","DA","Pre-Stim",3,15,NA,-6.68118775623886
"A","trial","RL","DA","Pre-Stim",3,16,NA,-9.74531474762635
"A","trial","RL","DA","Pre-Stim",3,17,NA,-7.45963905430392
"A","trial","RL","DA","Pre-Stim",3,18,NA,-9.23594971998955
"A","trial","RL","DA","Pre-Stim",3,19,NA,-9.6223126558463
"A","trial","RL","DA","Pre-Stim",3,20,NA,-9.7885682682031
"A","trial","RL","DA","Pre-Stim",3,21,NA,-8.82109777609328
"A","trial","RL","DA","Pre-Stim",3,22,NA,-8.62209481807727
"A","trial","RL","DA","Pre-Stim",3,23,NA,-8.52692180399463
"A","trial","RL","DA","Pre-Stim",3,24,NA,-9.33908045814736
"A","trial","RL","DA","Pre-Stim",3,25,NA,-9.19242363757192
"A","trial","RL","DA","Pre-Stim",3,26,NA,-8.31687892296535
"A","trial","RL","DA","Pre-Stim",3,27,NA,-8.76419414018967
"A","trial","RL","DA","Pre-Stim",3,28,NA,-7.55237481989778
"A","trial","RL","DA","Pre-Stim",3,29,NA,-9.60363946544389
"A","trial","RL","DA","Pre-Stim",3,30,NA,-9.86629592274173
"A","trial","RL","DA","Pre-Stim",3,31,NA,-7.89895219805802
"A","trial","RL","DA","Pre-Stim",3,32,NA,-7.28755322016012
"A","trial","RL","DA","Pre-Stim",3,33,NA,-9.17974584392317
"A","trial","RL","DA","Pre-Stim",3,34,NA,-8.85378393922517
"A","trial","RL","DA","Pre-Stim",3,35,NA,-8.9661082015417
"A","trial","RL","DA","Pre-Stim",3,36,NA,-6.91383470257144
"A","trial","RL","DA","Pre-Stim",3,37,NA,-7.65141594265169
"A","trial","RL","DA","Pre-Stim",3,38,NA,-9.30453255081324
"A","trial","RL","DA","Pre-Stim",3,39,NA,-8.21430409624606
"A","trial","RL","DA","Pre-Stim",3,40,NA,-7.74293462791239
"A","trial","RL","DA","Pre-Stim",3,41,NA,-8.43556957750542
"A","trial","RL","DA","Pre-Stim",3,42,NA,-8.49712194919723
"A","trial","RL","DA","Pre-Stim",3,43,NA,-7.61471275636501
"A","trial","RL","DA","Pre-Stim",3,44,NA,-7.53443310402426
"A","trial","RL","DA","Pre-Stim",3,45,NA,-7.19117803413893
"A","trial","RL","DA","Pre-Stim",3,46,NA,-8.10873369071714
"A","trial","RL","DA","Pre-Stim",3,47,NA,-6.37118268303952
"A","trial","RL","DA","Pre-Stim",3,48,NA,-7.13906743269389
"A","trial","RL","DA","Pre-Stim",3,49,NA,-8.12280360720461
"A","trial","RL","DA","Pre-Stim",3,50,NA,-7.56708264007182
"A","trial","RL","DA","Pre-Stim",3,51,NA,-7.24690837663415
"A","trial","RL","DA","Pre-Stim",3,52,NA,-7.47427111035586
"A","trial","RL","DA","Pre-Stim",3,53,NA,-7.95892340458685
"A","trial","RL","DA","Pre-Stim",3,54,NA,-8.5064188063393
"A","trial","RL","DA","Pre-Stim",3,55,NA,-5.80313386801235
"A","trial","RL","DA","Pre-Stim",3,56,NA,-7.54728189790572
"A","trial","RL","DA","Pre-Stim",3,57,NA,-5.62632917807333
"A","trial","RL","DA","Pre-Stim",3,58,NA,-7.04724625220421
"A","trial","RL","DA","Pre-Stim",3,59,NA,-4.25477507279484
"A","trial","RL","DA","Pre-Stim",3,60,NA,-5.11143541632155
"A","trial","RL","DA","Pre-Stim",3,61,NA,-7.62581998978449
"A","trial","RL","DA","Pre-Stim",3,62,NA,-6.69171729528047
"A","trial","RL","DA","Pre-Stim",3,63,NA,-5.28970745546184
"A","trial","RL","DA","Pre-Stim",3,64,NA,-6.86537379246794
"A","trial","RL","DA","Pre-Stim",3,65,NA,-4.6603544758841
"A","trial","RL","DA","Pre-Stim",3,66,NA,-5.65303868014601
"A","trial","RL","DA","Pre-Stim",3,67,NA,-5.86366126018612
"A","trial","RL","DA","Pre-Stim",3,68,NA,-3.80764043597601
"A","trial","RL","DA","Pre-Stim",3,69,NA,-6.46585340598784
"A","trial","RL","DA","Pre-Stim",3,70,NA,-5.4073005827395
"A","trial","RL","DA","Pre-Stim",3,71,NA,-5.31950073517629
"A","trial","RL","DA","Pre-Stim",3,72,NA,-5.86788359863008
"A","trial","RL","DA","Pre-Stim",3,73,NA,-3.44006971225785
"A","trial","RL","DA","Pre-Stim",3,74,NA,-4.51005256580784
"A","trial","RL","DA","Pre-Stim",3,75,NA,-2.8446607086858
"A","trial","RL","DA","Pre-Stim",3,76,NA,-5.3624430971523
"A","trial","RL","DA","Pre-Stim",3,77,NA,-4.28513711109987
"A","trial","RL","DA","Pre-Stim",3,78,NA,-5.22809139066762
"A","trial","RL","DA","Pre-Stim",3,79,NA,-5.91451342324259
"A","trial","RL","DA","Pre-Stim",3,80,NA,-4.12592263563533
"A","trial","RL","DA","Pre-Stim",3,81,NA,-6.05136728403598
"A","trial","RL","DA","Pre-Stim",3,82,NA,-4.41488222393167
"A","trial","RL","DA","Pre-Stim",3,83,NA,-2.44148765285202
"A","trial","RL","DA","Pre-Stim",3,84,NA,-2.10018318837396
"A","trial","RL","DA","Pre-Stim",3,85,NA,-2.21882239784759
"A","trial","RL","DA","Pre-Stim",3,86,NA,-4.10806111912653
"A","trial","RL","DA","Pre-Stim",3,87,NA,-5.34355734185851
"A","trial","RL","DA","Pre-Stim",3,88,NA,-3.45368081016645
"A","trial","RL","DA","Pre-Stim",3,89,NA,-4.42059442834806
"A","trial","RL","DA","Pre-Stim",3,90,NA,-2.08647232227567
"A","trial","RL","DA","Pre-Stim",3,91,NA,-4.21599923011396
"A","trial","RL","DA","Pre-Stim",3,92,NA,-3.55804294339467
"A","trial","RL","DA","Pre-Stim",3,93,NA,-5.13140960594046
"A","trial","RL","DA","Pre-Stim",3,94,NA,-2.35259475919489
"A","trial","RL","DA","Pre-Stim",3,95,NA,-1.00715171524731
"A","trial","RL","DA","Pre-Stim",3,96,NA,-3.43045913604127
"A","trial","RL","DA","Pre-Stim",3,97,NA,-2.76111737523654
"A","trial","RL","DA","Pre-Stim",3,98,NA,-3.66272402189775
"A","trial","RL","DA","Pre-Stim",3,99,NA,-4.37043016242875
"A","trial","RL","DA","Pre-Stim",3,100,NA,-2.50361652021775
"A","trial","RL","DA","Pre-Stim",3,101,NA,0.904799325567511
"A","trial","RL","DA","Pre-Stim",3,102,NA,-2.81543115294311
"A","trial","RL","DA","Pre-Stim",3,103,NA,-1.57470540503572
"A","trial","RL","DA","Pre-Stim",3,104,NA,-3.22477882349315
"A","trial","RL","DA","Pre-Stim",3,105,NA,-2.78996318242048
"A","trial","RL","5-HT","Pre-Stim",3,1,NA,-4.94980194389828
"A","trial","RL","5-HT","Pre-Stim",3,2,NA,-4.57408129607181
"A","trial","RL","5-HT","Pre-Stim",3,3,NA,-0.537611575302375
"A","trial","RL","5-HT","Pre-Stim",3,4,NA,-4.25523002886089
"A","trial","RL","5-HT","Pre-Stim",3,5,NA,0.775227005555445
"A","trial","RL","5-HT","Pre-Stim",3,6,NA,-2.38839177762429
"A","trial","RL","5-HT","Pre-Stim",3,7,NA,-6.20674704794077
"A","trial","RL","5-HT","Pre-Stim",3,8,NA,-0.394200397840056
"A","trial","RL","5-HT","Pre-Stim",3,9,NA,0.743497820317538
"A","trial","RL","5-HT","Pre-Stim",3,10,NA,-3.9553216655999
"A","trial","RL","5-HT","Pre-Stim",3,11,NA,-1.8114811238277
"A","trial","RL","5-HT","Pre-Stim",3,12,NA,-4.63774566296106
"A","trial","RL","5-HT","Pre-Stim",3,13,NA,-8.28768812498214
"A","trial","RL","5-HT","Pre-Stim",3,14,NA,-4.50304936225658
"A","trial","RL","5-HT","Pre-Stim",3,15,NA,1.16105364265058
"A","trial","RL","5-HT","Pre-Stim",3,16,NA,-5.92110400562851
"A","trial","RL","5-HT","Pre-Stim",3,17,NA,-5.03045238815776
"A","trial","RL","5-HT","Pre-Stim",3,18,NA,0.466348405179896
"A","trial","RL","5-HT","Pre-Stim",3,19,NA,-0.979415963676327
"A","trial","RL","5-HT","Pre-Stim",3,20,NA,-1.23916989865935
"A","trial","RL","5-HT","Pre-Stim",3,21,NA,2.03147754837983
"A","trial","RL","5-HT","Pre-Stim",3,22,NA,2.47568532298773
"A","trial","RL","5-HT","Pre-Stim",3,23,NA,1.58512529202
"A","trial","RL","5-HT","Pre-Stim",3,24,NA,-3.03601756551892
"A","trial","RL","5-HT","Pre-Stim",3,25,NA,-2.78437509836824
"A","trial","RL","5-HT","Pre-Stim",3,26,NA,0.457752152310481
"A","trial","RL","5-HT","Pre-Stim",3,27,NA,2.30620589762832
"A","trial","RL","5-HT","Pre-Stim",3,28,NA,-2.41384757599127
"A","trial","RL","5-HT","Pre-Stim",3,29,NA,3.37494575999621
"A","trial","RL","5-HT","Pre-Stim",3,30,NA,0.363827247396552
"A","trial","RL","5-HT","Pre-Stim",3,31,NA,-2.05600468341671
"A","trial","RL","5-HT","Pre-Stim",3,32,NA,2.01399901612588
"A","trial","RL","5-HT","Pre-Stim",3,33,NA,-0.920184611229908
"A","trial","RL","5-HT","Pre-Stim",3,34,NA,3.1064690698551
"A","trial","RL","5-HT","Pre-Stim",3,35,NA,2.12500587704299
"A","trial","RL","5-HT","Pre-Stim",3,36,NA,1.97892658079787
"A","trial","RL","5-HT","Pre-Stim",3,37,NA,0.927491308108783
"A","trial","RL","5-HT","Pre-Stim",3,38,NA,-1.08020978222697
"A","trial","RL","5-HT","Pre-Stim",3,39,NA,0.567883972251168
"A","trial","RL","5-HT","Pre-Stim",3,40,NA,5.50178152100735
"A","trial","RL","5-HT","Pre-Stim",3,41,NA,3.17974444435392
"A","trial","RL","5-HT","Pre-Stim",3,42,NA,1.66550453239507
"A","trial","RL","5-HT","Pre-Stim",3,43,NA,-0.446491400058751
"A","trial","RL","5-HT","Pre-Stim",3,44,NA,-1.45492395769058
"A","trial","RL","5-HT","Pre-Stim",3,45,NA,7.26590698808569
"A","trial","RL","5-HT","Pre-Stim",3,46,NA,0.209533846635725
"A","trial","RL","5-HT","Pre-Stim",3,47,NA,3.50967564160572
"A","trial","RL","5-HT","Pre-Stim",3,48,NA,0.195513478540632
"A","trial","RL","5-HT","Pre-Stim",3,49,NA,2.68976530249987
"A","trial","RL","5-HT","Pre-Stim",3,50,NA,4.33576858199564
"A","trial","RL","5-HT","Pre-Stim",3,51,NA,0.100718432854253
"A","trial","RL","5-HT","Pre-Stim",3,52,NA,3.76314602949937
"A","trial","RL","5-HT","Pre-Stim",3,53,NA,5.54715786148844
"A","trial","RL","5-HT","Pre-Stim",3,54,NA,8.55958530153569
"A","trial","RL","5-HT","Pre-Stim",3,55,NA,2.21666687673903
"A","trial","RL","5-HT","Pre-Stim",3,56,NA,2.5715008340275
"A","trial","RL","5-HT","Pre-Stim",3,57,NA,-3.33743829469042
"A","trial","RL","5-HT","Pre-Stim",3,58,NA,3.71332267995333
"A","trial","RL","5-HT","Pre-Stim",3,59,NA,2.08257269006341
"A","trial","RL","5-HT","Pre-Stim",3,60,NA,-0.297671909583759
"A","trial","RL","5-HT","Pre-Stim",3,61,NA,6.26440529183459
"A","trial","RL","5-HT","Pre-Stim",3,62,NA,3.159128858532
"A","trial","RL","5-HT","Pre-Stim",3,63,NA,0.61679617830252
"A","trial","RL","5-HT","Pre-Stim",3,64,NA,3.44646126660921
"A","trial","RL","5-HT","Pre-Stim",3,65,NA,2.00860499086878
"A","trial","RL","5-HT","Pre-Stim",3,66,NA,3.9230378684799
"A","trial","RL","5-HT","Pre-Stim",3,67,NA,4.4919503889302
"A","trial","RL","5-HT","Pre-Stim",3,68,NA,2.02197608935823
"A","trial","RL","5-HT","Pre-Stim",3,69,NA,-2.66267805073631
"A","trial","RL","5-HT","Pre-Stim",3,70,NA,0.785821429542244
"A","trial","RL","5-HT","Pre-Stim",3,71,NA,-1.01291530457803
"A","trial","RL","5-HT","Pre-Stim",3,72,NA,7.03928124758316
"A","trial","RL","5-HT","Pre-Stim",3,73,NA,10.0020988736693
"A","trial","RL","5-HT","Pre-Stim",3,74,NA,3.47316817864994
"A","trial","RL","5-HT","Pre-Stim",3,75,NA,36.9155875061905
"A","trial","RL","5-HT","Pre-Stim",3,76,NA,-2.45370299922997
"A","trial","RL","5-HT","Pre-Stim",3,77,NA,6.5700303434851
"A","trial","RL","5-HT","Pre-Stim",3,78,NA,6.81958578427307
"A","trial","RL","5-HT","Pre-Stim",3,79,NA,6.5454227342881
"A","trial","RL","5-HT","Pre-Stim",3,80,NA,2.73396052853506
"A","trial","RL","5-HT","Pre-Stim",3,81,NA,3.49014367427265
"A","trial","RL","5-HT","Pre-Stim",3,82,NA,2.11035741869957
"A","trial","RL","5-HT","Pre-Stim",3,83,NA,-0.923513184241684
"A","trial","RL","5-HT","Pre-Stim",3,84,NA,-0.486755789155207
"A","trial","RL","5-HT","Pre-Stim",3,85,NA,-1.05964841268179
"A","trial","RL","5-HT","Pre-Stim",3,86,NA,3.20350471925507
"A","trial","RL","5-HT","Pre-Stim",3,87,NA,3.40737808130179
"A","trial","RL","5-HT","Pre-Stim",3,88,NA,-1.22046896926894
"A","trial","RL","5-HT","Pre-Stim",3,89,NA,0.533336758901117
"A","trial","RL","5-HT","Pre-Stim",3,90,NA,-2.41982438627806
"A","trial","RL","5-HT","Pre-Stim",3,91,NA,3.37419033174423
"A","trial","RL","5-HT","Pre-Stim",3,92,NA,-1.79173342052275
"A","trial","RL","5-HT","Pre-Stim",3,93,NA,-3.63210954188435
"A","trial","RL","5-HT","Pre-Stim",3,94,NA,5.92643407228275
"A","trial","RL","5-HT","Pre-Stim",3,95,NA,-2.29909919920544
"A","trial","RL","5-HT","Pre-Stim",3,96,NA,1.67448338873035
"A","trial","RL","5-HT","Pre-Stim",3,97,NA,1.57923758981448
"A","trial","RL","5-HT","Pre-Stim",3,98,NA,-4.41385970494681
"A","trial","RL","5-HT","Pre-Stim",3,99,NA,1.20551012384905
"A","trial","RL","5-HT","Pre-Stim",3,100,NA,1.78893261891805
"A","trial","RL","5-HT","Pre-Stim",3,101,NA,1.79582332561483
"A","trial","RL","5-HT","Pre-Stim",3,102,NA,-2.43768977791522
"A","trial","RL","5-HT","Pre-Stim",3,103,NA,3.49630424313309
"A","trial","RL","5-HT","Pre-Stim",3,104,NA,4.60202805454517
"A","trial","RL","5-HT","Pre-Stim",3,105,NA,-1.89166846740406
"A","trial","RL","DA","Post-Stim",4,1,NA,-6.35660449273741
"A","trial","RL","DA","Post-Stim",4,2,NA,-8.04436314233623
"A","trial","RL","DA","Post-Stim",4,3,NA,-6.69090124892287
"A","trial","RL","DA","Post-Stim",4,4,NA,-7.24339759470477
"A","trial","RL","DA","Post-Stim",4,5,NA,-5.24490233053143
"A","trial","RL","DA","Post-Stim",4,6,NA,-5.52361124492423
"A","trial","RL","DA","Post-Stim",4,7,NA,-7.17740773711438
"A","trial","RL","DA","Post-Stim",4,8,NA,-5.86487886894829
"A","trial","RL","DA","Post-Stim",4,9,NA,-5.35241058304487
"A","trial","RL","DA","Post-Stim",4,10,NA,-6.52666044496571
"A","trial","RL","DA","Post-Stim",4,11,NA,-4.28272821925634
"A","trial","RL","DA","Post-Stim",4,12,NA,-3.75552063156755
"A","trial","RL","DA","Post-Stim",4,13,NA,-6.04007239911067
"A","trial","RL","DA","Post-Stim",4,14,NA,-5.89122048109432
"A","trial","RL","DA","Post-Stim",4,15,NA,-4.44215257803953
"A","trial","RL","DA","Post-Stim",4,16,NA,-6.57543494029772
"A","trial","RL","DA","Post-Stim",4,17,NA,-7.32250983999863
"A","trial","RL","DA","Post-Stim",4,18,NA,-6.69269153387307
"A","trial","RL","DA","Post-Stim",4,19,NA,-4.21115380122139
"A","trial","RL","DA","Post-Stim",4,20,NA,-4.81255448260699
"A","trial","RL","DA","Post-Stim",4,21,NA,-6.16617704447448
"A","trial","RL","DA","Post-Stim",4,22,NA,-8.22723057052645
"A","trial","RL","DA","Post-Stim",4,23,NA,-4.62801613316866
"A","trial","RL","DA","Post-Stim",4,24,NA,-5.55416143192354
"A","trial","RL","DA","Post-Stim",4,25,NA,-6.27434870389235
"A","trial","RL","DA","Post-Stim",4,26,NA,-4.57366224511257
"A","trial","RL","DA","Post-Stim",4,27,NA,-5.90702909791447
"A","trial","RL","DA","Post-Stim",4,28,NA,-5.74630450540063
"A","trial","RL","DA","Post-Stim",4,29,NA,-5.56372940714825
"A","trial","RL","DA","Post-Stim",4,30,NA,-6.15273683655129
"A","trial","RL","DA","Post-Stim",4,31,NA,-7.05829668081726
"A","trial","RL","DA","Post-Stim",4,32,NA,-6.47927578376096
"A","trial","RL","DA","Post-Stim",4,33,NA,-6.99040135777062
"A","trial","RL","DA","Post-Stim",4,34,NA,-6.81415616512347
"A","trial","RL","DA","Post-Stim",4,35,NA,-4.96490908554787
"A","trial","RL","DA","Post-Stim",4,36,NA,-7.45316326305155
"A","trial","RL","DA","Post-Stim",4,37,NA,-8.06109472115459
"A","trial","RL","DA","Post-Stim",4,38,NA,-6.45055307214022
"A","trial","RL","DA","Post-Stim",4,39,NA,-6.50096839445455
"A","trial","RL","DA","Post-Stim",4,40,NA,-7.22432739617922
"A","trial","RL","DA","Post-Stim",4,41,NA,-4.52814942589083
"A","trial","RL","DA","Post-Stim",4,42,NA,-5.57506383091583
"A","trial","RL","DA","Post-Stim",4,43,NA,-7.14564779940418
"A","trial","RL","DA","Post-Stim",4,44,NA,-7.29242921614302
"A","trial","RL","DA","Post-Stim",4,45,NA,-2.2670989445964
"A","trial","RL","DA","Post-Stim",4,46,NA,-5.30191014367105
"A","trial","RL","DA","Post-Stim",4,47,NA,-5.1157402386581
"A","trial","RL","DA","Post-Stim",4,48,NA,-3.73795453677738
"A","trial","RL","DA","Post-Stim",4,49,NA,-6.02793772250618
"A","trial","RL","DA","Post-Stim",4,50,NA,-4.47744418577893
"A","trial","RL","DA","Post-Stim",4,51,NA,-8.43462784150582
"A","trial","RL","DA","Post-Stim",4,52,NA,-8.95496524554884
"A","trial","RL","DA","Post-Stim",4,53,NA,-8.26670270008588
"A","trial","RL","DA","Post-Stim",4,54,NA,-7.81790733756464
"A","trial","RL","DA","Post-Stim",4,55,NA,-8.83176647547447
"A","trial","RL","DA","Post-Stim",4,56,NA,-8.38232484709071
"A","trial","RL","DA","Post-Stim",4,57,NA,-6.07477929636374
"A","trial","RL","DA","Post-Stim",4,58,NA,-3.20206994446299
"A","trial","RL","DA","Post-Stim",4,59,NA,-2.88888553108361
"A","trial","RL","DA","Post-Stim",4,60,NA,-5.50562802169517
"A","trial","RL","DA","Post-Stim",4,61,NA,-4.66088122729738
"A","trial","RL","DA","Post-Stim",4,62,NA,-6.79670960970581
"A","trial","RL","DA","Post-Stim",4,63,NA,-5.0800087040772
"A","trial","RL","DA","Post-Stim",4,64,NA,-5.0079966753453
"A","trial","RL","DA","Post-Stim",4,65,NA,-1.42082623553594
"A","trial","RL","DA","Post-Stim",4,66,NA,-3.42267962352905
"A","trial","RL","DA","Post-Stim",4,67,NA,-5.61704359054175
"A","trial","RL","DA","Post-Stim",4,68,NA,-3.29432432016203
"A","trial","RL","DA","Post-Stim",4,69,NA,-3.27130732954042
"A","trial","RL","DA","Post-Stim",4,70,NA,-1.8363304815392
"A","trial","RL","DA","Post-Stim",4,71,NA,-3.44691066961397
"A","trial","RL","DA","Post-Stim",4,72,NA,-5.82524593391061
"A","trial","RL","DA","Post-Stim",4,73,NA,-5.66719823713282
"A","trial","RL","DA","Post-Stim",4,74,NA,-5.54734232629303
"A","trial","RL","DA","Post-Stim",4,75,NA,-5.26713505664396
"A","trial","RL","DA","Post-Stim",4,76,NA,-6.92251974234456
"A","trial","RL","DA","Post-Stim",4,77,NA,-4.57335019230886
"A","trial","RL","DA","Post-Stim",4,78,NA,-5.10105296528108
"A","trial","RL","DA","Post-Stim",4,79,NA,-4.7080763181742
"A","trial","RL","DA","Post-Stim",4,80,NA,-7.30903582834704
"A","trial","RL","DA","Post-Stim",4,81,NA,-7.04963834617362
"A","trial","RL","DA","Post-Stim",4,82,NA,-4.3281444279062
"A","trial","RL","DA","Post-Stim",4,83,NA,-2.52697261719828
"A","trial","RL","DA","Post-Stim",4,84,NA,-3.03879996143526
"A","trial","RL","DA","Post-Stim",4,85,NA,-4.77832204772691
"A","trial","RL","DA","Post-Stim",4,86,NA,-6.79531238899667
"A","trial","RL","DA","Post-Stim",4,87,NA,-3.76856354140931
"A","trial","RL","DA","Post-Stim",4,88,NA,-0.201660940088642
"A","trial","RL","DA","Post-Stim",4,89,NA,1.79374223594853
"A","trial","RL","DA","Post-Stim",4,90,NA,-0.863194484693945
"A","trial","RL","DA","Post-Stim",4,91,NA,-0.205362634209849
"A","trial","RL","DA","Post-Stim",4,92,NA,-4.3135026408977
"A","trial","RL","DA","Post-Stim",4,93,NA,-3.28042662482728
"A","trial","RL","DA","Post-Stim",4,94,NA,-2.74280604526698
"A","trial","RL","DA","Post-Stim",4,95,NA,-4.39440392170459
"A","trial","RL","DA","Post-Stim",4,96,NA,-4.16288049081342
"A","trial","RL","DA","Post-Stim",4,97,NA,-5.43388416603295
"A","trial","RL","DA","Post-Stim",4,98,NA,-5.82713270193852
"A","trial","RL","DA","Post-Stim",4,99,NA,-4.90211897882213
"A","trial","RL","DA","Post-Stim",4,100,NA,-4.98441054303841
"A","trial","RL","DA","Post-Stim",4,101,NA,-4.56629327928595
"A","trial","RL","DA","Post-Stim",4,102,NA,-2.6698180639081
"A","trial","RL","DA","Post-Stim",4,103,NA,-2.70189117715222
"A","trial","RL","DA","Post-Stim",4,104,NA,-6.80279513174729
"A","trial","RL","DA","Post-Stim",4,105,NA,-5.74804172837487
"A","trial","RL","5-HT","Post-Stim",4,1,NA,3.05925918165245
"A","trial","RL","5-HT","Post-Stim",4,2,NA,6.65208413612857
"A","trial","RL","5-HT","Post-Stim",4,3,NA,6.05983157123233
"A","trial","RL","5-HT","Post-Stim",4,4,NA,6.30775873992808
"A","trial","RL","5-HT","Post-Stim",4,5,NA,5.93485661791886
"A","trial","RL","5-HT","Post-Stim",4,6,NA,4.82384342847246
"A","trial","RL","5-HT","Post-Stim",4,7,NA,7.80489587938435
"A","trial","RL","5-HT","Post-Stim",4,8,NA,6.85846982251844
"A","trial","RL","5-HT","Post-Stim",4,9,NA,5.98477921041077
"A","trial","RL","5-HT","Post-Stim",4,10,NA,5.9311512232176
"A","trial","RL","5-HT","Post-Stim",4,11,NA,4.52103826807901
"A","trial","RL","5-HT","Post-Stim",4,12,NA,6.13910421748948
"A","trial","RL","5-HT","Post-Stim",4,13,NA,6.36129820423896
"A","trial","RL","5-HT","Post-Stim",4,14,NA,5.80172578309992
"A","trial","RL","5-HT","Post-Stim",4,15,NA,6.05610309231547
"A","trial","RL","5-HT","Post-Stim",4,16,NA,6.60199251285152
"A","trial","RL","5-HT","Post-Stim",4,17,NA,5.7499486486856
"A","trial","RL","5-HT","Post-Stim",4,18,NA,6.25100401767898
"A","trial","RL","5-HT","Post-Stim",4,19,NA,5.85379933458487
"A","trial","RL","5-HT","Post-Stim",4,20,NA,6.44365189880446
"A","trial","RL","5-HT","Post-Stim",4,21,NA,6.49962595038263
"A","trial","RL","5-HT","Post-Stim",4,22,NA,7.80729198723536
"A","trial","RL","5-HT","Post-Stim",4,23,NA,7.60288159743467
"A","trial","RL","5-HT","Post-Stim",4,24,NA,8.35648311061722
"A","trial","RL","5-HT","Post-Stim",4,25,NA,7.94957291273097
"A","trial","RL","5-HT","Post-Stim",4,26,NA,8.14230785350359
"A","trial","RL","5-HT","Post-Stim",4,27,NA,7.91528594068251
"A","trial","RL","5-HT","Post-Stim",4,28,NA,6.85518431522367
"A","trial","RL","5-HT","Post-Stim",4,29,NA,7.5790723268099
"A","trial","RL","5-HT","Post-Stim",4,30,NA,8.68657731650778
"A","trial","RL","5-HT","Post-Stim",4,31,NA,7.88994950671449
"A","trial","RL","5-HT","Post-Stim",4,32,NA,5.00066733987509
"A","trial","RL","5-HT","Post-Stim",4,33,NA,5.94963776608937
"A","trial","RL","5-HT","Post-Stim",4,34,NA,2.11661763085262
"A","trial","RL","5-HT","Post-Stim",4,35,NA,2.96436339112025
"A","trial","RL","5-HT","Post-Stim",4,36,NA,4.80509659095495
"A","trial","RL","5-HT","Post-Stim",4,37,NA,4.67933966649708
"A","trial","RL","5-HT","Post-Stim",4,38,NA,4.60245019769611
"A","trial","RL","5-HT","Post-Stim",4,39,NA,4.95025618273039
"A","trial","RL","5-HT","Post-Stim",4,40,NA,4.9953111183158
"A","trial","RL","5-HT","Post-Stim",4,41,NA,0.906628229205104
"A","trial","RL","5-HT","Post-Stim",4,42,NA,2.4380044427759
"A","trial","RL","5-HT","Post-Stim",4,43,NA,3.75848360428263
"A","trial","RL","5-HT","Post-Stim",4,44,NA,5.78850846936593
"A","trial","RL","5-HT","Post-Stim",4,45,NA,-1.60325512123741
"A","trial","RL","5-HT","Post-Stim",4,46,NA,5.56613473286417
"A","trial","RL","5-HT","Post-Stim",4,47,NA,5.64808836563751
"A","trial","RL","5-HT","Post-Stim",4,48,NA,5.66025498749003
"A","trial","RL","5-HT","Post-Stim",4,49,NA,2.74645932169054
"A","trial","RL","5-HT","Post-Stim",4,50,NA,2.55781315245854
"A","trial","RL","5-HT","Post-Stim",4,51,NA,3.86221251189554
"A","trial","RL","5-HT","Post-Stim",4,52,NA,4.19310018555682
"A","trial","RL","5-HT","Post-Stim",4,53,NA,4.30691862119177
"A","trial","RL","5-HT","Post-Stim",4,54,NA,4.34455786625207
"A","trial","RL","5-HT","Post-Stim",4,55,NA,6.51841784317558
"A","trial","RL","5-HT","Post-Stim",4,56,NA,5.91013314445692
"A","trial","RL","5-HT","Post-Stim",4,57,NA,3.22629264229051
"A","trial","RL","5-HT","Post-Stim",4,58,NA,3.33234783894242
"A","trial","RL","5-HT","Post-Stim",4,59,NA,5.63316378420279
"A","trial","RL","5-HT","Post-Stim",4,60,NA,7.38356743192002
"A","trial","RL","5-HT","Post-Stim",4,61,NA,8.8707639286797
"A","trial","RL","5-HT","Post-Stim",4,62,NA,9.98336418987571
"A","trial","RL","5-HT","Post-Stim",4,63,NA,1.78112031507246
"A","trial","RL","5-HT","Post-Stim",4,64,NA,3.25906601301308
"A","trial","RL","5-HT","Post-Stim",4,65,NA,-2.98497108340676
"A","trial","RL","5-HT","Post-Stim",4,66,NA,-1.22662947546442
"A","trial","RL","5-HT","Post-Stim",4,67,NA,2.19945852590939
"A","trial","RL","5-HT","Post-Stim",4,68,NA,-1.50881374187847
"A","trial","RL","5-HT","Post-Stim",4,69,NA,2.43048683152709
"A","trial","RL","5-HT","Post-Stim",4,70,NA,5.62234701001401
"A","trial","RL","5-HT","Post-Stim",4,71,NA,3.56568920053727
"A","trial","RL","5-HT","Post-Stim",4,72,NA,4.68083629582973
"A","trial","RL","5-HT","Post-Stim",4,73,NA,5.84379652809621
"A","trial","RL","5-HT","Post-Stim",4,74,NA,1.41249820872387
"A","trial","RL","5-HT","Post-Stim",4,75,NA,4.87148214322941
"A","trial","RL","5-HT","Post-Stim",4,76,NA,10.3387161498401
"A","trial","RL","5-HT","Post-Stim",4,77,NA,4.40164067102113
"A","trial","RL","5-HT","Post-Stim",4,78,NA,7.25319827259254
"A","trial","RL","5-HT","Post-Stim",4,79,NA,7.57560907659535
"A","trial","RL","5-HT","Post-Stim",4,80,NA,4.93593111547736
"A","trial","RL","5-HT","Post-Stim",4,81,NA,5.84010232690607
"A","trial","RL","5-HT","Post-Stim",4,82,NA,5.89276377882467
"A","trial","RL","5-HT","Post-Stim",4,83,NA,1.882314456397
"A","trial","RL","5-HT","Post-Stim",4,84,NA,1.81205188250065
"A","trial","RL","5-HT","Post-Stim",4,85,NA,1.27367887245141
"A","trial","RL","5-HT","Post-Stim",4,86,NA,4.42506248084953
"A","trial","RL","5-HT","Post-Stim",4,87,NA,-0.677806288955157
"A","trial","RL","5-HT","Post-Stim",4,88,NA,2.16240339298073
"A","trial","RL","5-HT","Post-Stim",4,89,NA,1.12825899324159
"A","trial","RL","5-HT","Post-Stim",4,90,NA,4.86150986171898
"A","trial","RL","5-HT","Post-Stim",4,91,NA,2.02127507594143
"A","trial","RL","5-HT","Post-Stim",4,92,NA,7.13090772496524
"A","trial","RL","5-HT","Post-Stim",4,93,NA,7.96480769259986
"A","trial","RL","5-HT","Post-Stim",4,94,NA,4.61267845344165
"A","trial","RL","5-HT","Post-Stim",4,95,NA,7.17144706914732
"A","trial","RL","5-HT","Post-Stim",4,96,NA,7.85592596763839
"A","trial","RL","5-HT","Post-Stim",4,97,NA,7.36210382303363
"A","trial","RL","5-HT","Post-Stim",4,98,NA,7.37750063471334
"A","trial","RL","5-HT","Post-Stim",4,99,NA,8.38194914464798
"A","trial","RL","5-HT","Post-Stim",4,100,NA,3.8585551514902
"A","trial","RL","5-HT","Post-Stim",4,101,NA,5.44091298660746
"A","trial","RL","5-HT","Post-Stim",4,102,NA,3.8106574361933
"A","trial","RL","5-HT","Post-Stim",4,103,NA,4.74069847160931
"A","trial","RL","5-HT","Post-Stim",4,104,NA,4.33819956610451
"A","trial","RL","5-HT","Post-Stim",4,105,NA,5.65871118772346
"A","trial","RL","DA","Pre-Stim",4,1,NA,4.90044589535207
"A","trial","RL","DA","Pre-Stim",4,2,NA,5.60013986962251
"A","trial","RL","DA","Pre-Stim",4,3,NA,3.80592937764977
"A","trial","RL","DA","Pre-Stim",4,4,NA,7.13337578155738
"A","trial","RL","DA","Pre-Stim",4,5,NA,5.8558696136555
"A","trial","RL","DA","Pre-Stim",4,6,NA,4.35041359653442
"A","trial","RL","DA","Pre-Stim",4,7,NA,4.37215919505717
"A","trial","RL","DA","Pre-Stim",4,8,NA,6.42772574889138
"A","trial","RL","DA","Pre-Stim",4,9,NA,6.64553571498999
"A","trial","RL","DA","Pre-Stim",4,10,NA,6.19283968857174
"A","trial","RL","DA","Pre-Stim",4,11,NA,5.47245896557005
"A","trial","RL","DA","Pre-Stim",4,12,NA,5.19141320392121
"A","trial","RL","DA","Pre-Stim",4,13,NA,5.50670950459469
"A","trial","RL","DA","Pre-Stim",4,14,NA,5.66791844483368
"A","trial","RL","DA","Pre-Stim",4,15,NA,6.18362462260239
"A","trial","RL","DA","Pre-Stim",4,16,NA,7.13545954296724
"A","trial","RL","DA","Pre-Stim",4,17,NA,6.53358730096333
"A","trial","RL","DA","Pre-Stim",4,18,NA,5.86133769719198
"A","trial","RL","DA","Pre-Stim",4,19,NA,5.74128094390013
"A","trial","RL","DA","Pre-Stim",4,20,NA,6.60785012157884
"A","trial","RL","DA","Pre-Stim",4,21,NA,6.25778532051268
"A","trial","RL","DA","Pre-Stim",4,22,NA,4.39897398554174
"A","trial","RL","DA","Pre-Stim",4,23,NA,5.45327355354184
"A","trial","RL","DA","Pre-Stim",4,24,NA,7.7760955540913
"A","trial","RL","DA","Pre-Stim",4,25,NA,4.81769208288681
"A","trial","RL","DA","Pre-Stim",4,26,NA,6.75383884213429
"A","trial","RL","DA","Pre-Stim",4,27,NA,7.087578115214
"A","trial","RL","DA","Pre-Stim",4,28,NA,6.11880030895543
"A","trial","RL","DA","Pre-Stim",4,29,NA,6.73842136414163
"A","trial","RL","DA","Pre-Stim",4,30,NA,4.81291169101077
"A","trial","RL","DA","Pre-Stim",4,31,NA,6.75098430205362
"A","trial","RL","DA","Pre-Stim",4,32,NA,4.64867266168118
"A","trial","RL","DA","Pre-Stim",4,33,NA,6.07724303565636
"A","trial","RL","DA","Pre-Stim",4,34,NA,5.07496544056552
"A","trial","RL","DA","Pre-Stim",4,35,NA,5.62603226911823
"A","trial","RL","DA","Pre-Stim",4,36,NA,6.31067317921869
"A","trial","RL","DA","Pre-Stim",4,37,NA,7.0450650730873
"A","trial","RL","DA","Pre-Stim",4,38,NA,5.55616082507243
"A","trial","RL","DA","Pre-Stim",4,39,NA,6.32799700043632
"A","trial","RL","DA","Pre-Stim",4,40,NA,7.93436275721862
"A","trial","RL","DA","Pre-Stim",4,41,NA,6.02295009835548
"A","trial","RL","DA","Pre-Stim",4,42,NA,9.20019660069069
"A","trial","RL","DA","Pre-Stim",4,43,NA,6.90941633925241
"A","trial","RL","DA","Pre-Stim",4,44,NA,6.65042868512972
"A","trial","RL","DA","Pre-Stim",4,45,NA,6.92020248685315
"A","trial","RL","DA","Pre-Stim",4,46,NA,6.59232609516012
"A","trial","RL","DA","Pre-Stim",4,47,NA,6.69849519147131
"A","trial","RL","DA","Pre-Stim",4,48,NA,6.30783952543173
"A","trial","RL","DA","Pre-Stim",4,49,NA,7.88245505084721
"A","trial","RL","DA","Pre-Stim",4,50,NA,6.67363762443568
"A","trial","RL","DA","Pre-Stim",4,51,NA,6.36391005361151
"A","trial","RL","DA","Pre-Stim",4,52,NA,6.42152016867068
"A","trial","RL","DA","Pre-Stim",4,53,NA,7.59421180771679
"A","trial","RL","DA","Pre-Stim",4,54,NA,6.63588423151584
"A","trial","RL","DA","Pre-Stim",4,55,NA,7.21341898967971
"A","trial","RL","DA","Pre-Stim",4,56,NA,6.19440250279169
"A","trial","RL","DA","Pre-Stim",4,57,NA,6.28990580383338
"A","trial","RL","DA","Pre-Stim",4,58,NA,4.80103049676978
"A","trial","RL","DA","Pre-Stim",4,59,NA,7.93198234966973
"A","trial","RL","DA","Pre-Stim",4,60,NA,5.94436095791924
"A","trial","RL","DA","Pre-Stim",4,61,NA,7.19954325272202
"A","trial","RL","DA","Pre-Stim",4,62,NA,4.76287241288176
"A","trial","RL","DA","Pre-Stim",4,63,NA,5.87749080471307
"A","trial","RL","DA","Pre-Stim",4,64,NA,7.43703197801247
"A","trial","RL","DA","Pre-Stim",4,65,NA,6.21086370722333
"A","trial","RL","DA","Pre-Stim",4,66,NA,6.55463709791051
"A","trial","RL","DA","Pre-Stim",4,67,NA,8.43761142598674
"A","trial","RL","DA","Pre-Stim",4,68,NA,7.29700530705049
"A","trial","RL","DA","Pre-Stim",4,69,NA,5.55377121387368
"A","trial","RL","DA","Pre-Stim",4,70,NA,8.2360480646432
"A","trial","RL","DA","Pre-Stim",4,71,NA,7.32880534698662
"A","trial","RL","DA","Pre-Stim",4,72,NA,5.95322377837796
"A","trial","RL","DA","Pre-Stim",4,73,NA,7.98255555101108
"A","trial","RL","DA","Pre-Stim",4,74,NA,5.2291837297027
"A","trial","RL","DA","Pre-Stim",4,75,NA,5.94303997523235
"A","trial","RL","DA","Pre-Stim",4,76,NA,7.16264655657868
"A","trial","RL","DA","Pre-Stim",4,77,NA,6.1279136283616
"A","trial","RL","DA","Pre-Stim",4,78,NA,7.10152861879061
"A","trial","RL","DA","Pre-Stim",4,79,NA,6.07392725352062
"A","trial","RL","DA","Pre-Stim",4,80,NA,6.71392196534429
"A","trial","RL","DA","Pre-Stim",4,81,NA,6.26507687496356
"A","trial","RL","DA","Pre-Stim",4,82,NA,5.41049181551982
"A","trial","RL","DA","Pre-Stim",4,83,NA,6.1886300099236
"A","trial","RL","DA","Pre-Stim",4,84,NA,5.86770474708101
"A","trial","RL","DA","Pre-Stim",4,85,NA,7.62861902291792
"A","trial","RL","DA","Pre-Stim",4,86,NA,5.243048242524
"A","trial","RL","DA","Pre-Stim",4,87,NA,8.56246138386953
"A","trial","RL","DA","Pre-Stim",4,88,NA,8.9369154618791
"A","trial","RL","DA","Pre-Stim",4,89,NA,6.06443628918321
"A","trial","RL","DA","Pre-Stim",4,90,NA,7.99019050401114
"A","trial","RL","DA","Pre-Stim",4,91,NA,7.66650822661556
"A","trial","RL","DA","Pre-Stim",4,92,NA,8.39519956657626
"A","trial","RL","DA","Pre-Stim",4,93,NA,6.62928336845611
"A","trial","RL","DA","Pre-Stim",4,94,NA,8.1914166405208
"A","trial","RL","DA","Pre-Stim",4,95,NA,6.67303064702806
"A","trial","RL","DA","Pre-Stim",4,96,NA,7.58157518886607
"A","trial","RL","DA","Pre-Stim",4,97,NA,6.48073335718263
"A","trial","RL","DA","Pre-Stim",4,98,NA,6.34903120907768
"A","trial","RL","DA","Pre-Stim",4,99,NA,7.32352815592416
"A","trial","RL","DA","Pre-Stim",4,100,NA,6.9044002907572
"A","trial","RL","DA","Pre-Stim",4,101,NA,6.88426239549848
"A","trial","RL","DA","Pre-Stim",4,102,NA,7.20807629060549
"A","trial","RL","DA","Pre-Stim",4,103,NA,3.2753017274439
"A","trial","RL","DA","Pre-Stim",4,104,NA,8.38011209093765
"A","trial","RL","DA","Pre-Stim",4,105,NA,4.80518698018241
"A","trial","RL","5-HT","Pre-Stim",4,1,NA,-8.76279861457125
"A","trial","RL","5-HT","Pre-Stim",4,2,NA,-8.48391192229001
"A","trial","RL","5-HT","Pre-Stim",4,3,NA,-8.49558405632785
"A","trial","RL","5-HT","Pre-Stim",4,4,NA,-9.55409405181517
"A","trial","RL","5-HT","Pre-Stim",4,5,NA,-9.02519024347011
"A","trial","RL","5-HT","Pre-Stim",4,6,NA,-7.70544775631258
"A","trial","RL","5-HT","Pre-Stim",4,7,NA,-9.87403142165127
"A","trial","RL","5-HT","Pre-Stim",4,8,NA,-8.53031880992192
"A","trial","RL","5-HT","Pre-Stim",4,9,NA,-10.4627656429154
"A","trial","RL","5-HT","Pre-Stim",4,10,NA,-9.93348017909997
"A","trial","RL","5-HT","Pre-Stim",4,11,NA,-7.27885078422395
"A","trial","RL","5-HT","Pre-Stim",4,12,NA,-7.70950030876915
"A","trial","RL","5-HT","Pre-Stim",4,13,NA,-8.31747315851142
"A","trial","RL","5-HT","Pre-Stim",4,14,NA,-6.17902843941926
"A","trial","RL","5-HT","Pre-Stim",4,15,NA,-7.40220111828334
"A","trial","RL","5-HT","Pre-Stim",4,16,NA,-7.35738133047856
"A","trial","RL","5-HT","Pre-Stim",4,17,NA,-10.0415029810704
"A","trial","RL","5-HT","Pre-Stim",4,18,NA,-8.42869937602013
"A","trial","RL","5-HT","Pre-Stim",4,19,NA,-6.96305069166679
"A","trial","RL","5-HT","Pre-Stim",4,20,NA,-8.59450863460725
"A","trial","RL","5-HT","Pre-Stim",4,21,NA,-5.82548622974053
"A","trial","RL","5-HT","Pre-Stim",4,22,NA,-7.25375892176106
"A","trial","RL","5-HT","Pre-Stim",4,23,NA,-7.12359743161275
"A","trial","RL","5-HT","Pre-Stim",4,24,NA,-6.89363141597617
"A","trial","RL","5-HT","Pre-Stim",4,25,NA,-7.90063733350059
"A","trial","RL","5-HT","Pre-Stim",4,26,NA,-7.33222309333338
"A","trial","RL","5-HT","Pre-Stim",4,27,NA,-6.57027102969633
"A","trial","RL","5-HT","Pre-Stim",4,28,NA,-8.22087970480841
"A","trial","RL","5-HT","Pre-Stim",4,29,NA,-8.58274877847458
"A","trial","RL","5-HT","Pre-Stim",4,30,NA,-7.02683496938734
"A","trial","RL","5-HT","Pre-Stim",4,31,NA,-6.52531766419984
"A","trial","RL","5-HT","Pre-Stim",4,32,NA,-6.84679324925674
"A","trial","RL","5-HT","Pre-Stim",4,33,NA,-6.97571439351477
"A","trial","RL","5-HT","Pre-Stim",4,34,NA,-6.09860019547573
"A","trial","RL","5-HT","Pre-Stim",4,35,NA,-6.0179993347988
"A","trial","RL","5-HT","Pre-Stim",4,36,NA,-7.48322045377767
"A","trial","RL","5-HT","Pre-Stim",4,37,NA,-6.69793688957231
"A","trial","RL","5-HT","Pre-Stim",4,38,NA,-6.22961900069748
"A","trial","RL","5-HT","Pre-Stim",4,39,NA,-5.7740628373901
"A","trial","RL","5-HT","Pre-Stim",4,40,NA,-7.46159697629136
"A","trial","RL","5-HT","Pre-Stim",4,41,NA,-6.31992198804958
"A","trial","RL","5-HT","Pre-Stim",4,42,NA,-6.03078631701658
"A","trial","RL","5-HT","Pre-Stim",4,43,NA,-6.73170291448506
"A","trial","RL","5-HT","Pre-Stim",4,44,NA,-6.82106509194993
"A","trial","RL","5-HT","Pre-Stim",4,45,NA,-6.64469396275787
"A","trial","RL","5-HT","Pre-Stim",4,46,NA,-6.68844523363888
"A","trial","RL","5-HT","Pre-Stim",4,47,NA,-5.07802036040774
"A","trial","RL","5-HT","Pre-Stim",4,48,NA,-6.38889149785753
"A","trial","RL","5-HT","Pre-Stim",4,49,NA,-4.13921104793987
"A","trial","RL","5-HT","Pre-Stim",4,50,NA,-6.38506279040307
"A","trial","RL","5-HT","Pre-Stim",4,51,NA,-6.02049997698455
"A","trial","RL","5-HT","Pre-Stim",4,52,NA,-3.92301596708854
"A","trial","RL","5-HT","Pre-Stim",4,53,NA,-7.16765366863233
"A","trial","RL","5-HT","Pre-Stim",4,54,NA,-6.09472403136455
"A","trial","RL","5-HT","Pre-Stim",4,55,NA,-6.18888184649715
"A","trial","RL","5-HT","Pre-Stim",4,56,NA,-6.15284948626068
"A","trial","RL","5-HT","Pre-Stim",4,57,NA,-5.47433878287694
"A","trial","RL","5-HT","Pre-Stim",4,58,NA,-6.34147083205429
"A","trial","RL","5-HT","Pre-Stim",4,59,NA,-6.17842513581966
"A","trial","RL","5-HT","Pre-Stim",4,60,NA,-5.12471078944916
"A","trial","RL","5-HT","Pre-Stim",4,61,NA,-7.82870877701455
"A","trial","RL","5-HT","Pre-Stim",4,62,NA,-5.30836849593496
"A","trial","RL","5-HT","Pre-Stim",4,63,NA,-7.64144611799833
"A","trial","RL","5-HT","Pre-Stim",4,64,NA,-6.72488033198324
"A","trial","RL","5-HT","Pre-Stim",4,65,NA,-5.27696242358288
"A","trial","RL","5-HT","Pre-Stim",4,66,NA,-6.45581118388292
"A","trial","RL","5-HT","Pre-Stim",4,67,NA,-5.8459273387567
"A","trial","RL","5-HT","Pre-Stim",4,68,NA,-6.87782080276454
"A","trial","RL","5-HT","Pre-Stim",4,69,NA,-6.04431379738137
"A","trial","RL","5-HT","Pre-Stim",4,70,NA,-5.39155603502186
"A","trial","RL","5-HT","Pre-Stim",4,71,NA,-5.57843091023005
"A","trial","RL","5-HT","Pre-Stim",4,72,NA,-5.70087204917828
"A","trial","RL","5-HT","Pre-Stim",4,73,NA,-6.61004233794548
"A","trial","RL","5-HT","Pre-Stim",4,74,NA,-3.50308654376661
"A","trial","RL","5-HT","Pre-Stim",4,75,NA,-5.16815479006504
"A","trial","RL","5-HT","Pre-Stim",4,76,NA,-5.23217877277575
"A","trial","RL","5-HT","Pre-Stim",4,77,NA,-6.55742810992958
"A","trial","RL","5-HT","Pre-Stim",4,78,NA,-6.33457669989772
"A","trial","RL","5-HT","Pre-Stim",4,79,NA,-3.6619404540856
"A","trial","RL","5-HT","Pre-Stim",4,80,NA,-4.78446071392736
"A","trial","RL","5-HT","Pre-Stim",4,81,NA,-5.02429394112957
"A","trial","RL","5-HT","Pre-Stim",4,82,NA,-5.33208413611394
"A","trial","RL","5-HT","Pre-Stim",4,83,NA,-7.54266252649065
"A","trial","RL","5-HT","Pre-Stim",4,84,NA,-5.19914358951076
"A","trial","RL","5-HT","Pre-Stim",4,85,NA,-5.22095638776975
"A","trial","RL","5-HT","Pre-Stim",4,86,NA,-3.7085986208323
"A","trial","RL","5-HT","Pre-Stim",4,87,NA,-4.40074763024183
"A","trial","RL","5-HT","Pre-Stim",4,88,NA,-4.91539928742839
"A","trial","RL","5-HT","Pre-Stim",4,89,NA,-3.91801049778383
"A","trial","RL","5-HT","Pre-Stim",4,90,NA,-5.02749435871202
"A","trial","RL","5-HT","Pre-Stim",4,91,NA,-5.07942154726896
"A","trial","RL","5-HT","Pre-Stim",4,92,NA,-5.79621113607214
"A","trial","RL","5-HT","Pre-Stim",4,93,NA,-3.60611908542491
"A","trial","RL","5-HT","Pre-Stim",4,94,NA,-3.25076929212087
"A","trial","RL","5-HT","Pre-Stim",4,95,NA,-4.96765391848911
"A","trial","RL","5-HT","Pre-Stim",4,96,NA,-5.20366392430836
"A","trial","RL","5-HT","Pre-Stim",4,97,NA,-4.48397713691245
"A","trial","RL","5-HT","Pre-Stim",4,98,NA,-4.80497830985221
"A","trial","RL","5-HT","Pre-Stim",4,99,NA,-4.11282978180432
"A","trial","RL","5-HT","Pre-Stim",4,100,NA,-5.69033755745421
"A","trial","RL","5-HT","Pre-Stim",4,101,NA,-4.34761361029133
"A","trial","RL","5-HT","Pre-Stim",4,102,NA,-6.54112394003974
"A","trial","RL","5-HT","Pre-Stim",4,103,NA,-4.1331639277072
"A","trial","RL","5-HT","Pre-Stim",4,104,NA,-3.74673162401531
"A","trial","RL","5-HT","Pre-Stim",4,105,NA,-3.7026441526856
"A","trial","RL","DA","Post-Stim",5,2,NA,2.99814942817678
"A","trial","RL","DA","Post-Stim",5,3,NA,3.15350071130272
"A","trial","RL","DA","Post-Stim",5,4,NA,3.35170291565246
"A","trial","RL","DA","Post-Stim",5,5,NA,3.97127079520928
"A","trial","RL","DA","Post-Stim",5,6,NA,5.02829832951446
"A","trial","RL","DA","Post-Stim",5,7,NA,1.70112075707294
"A","trial","RL","DA","Post-Stim",5,8,NA,2.33998132450099
"A","trial","RL","DA","Post-Stim",5,9,NA,5.26673999595426
"A","trial","RL","DA","Post-Stim",5,10,NA,0.456811036394198
"A","trial","RL","DA","Post-Stim",5,11,NA,2.57895774798888
"A","trial","RL","DA","Post-Stim",5,12,NA,3.85023423799875
"A","trial","RL","DA","Post-Stim",5,13,NA,3.21399279866247
"A","trial","RL","DA","Post-Stim",5,14,NA,2.92456899742826
"A","trial","RL","DA","Post-Stim",5,15,NA,3.95265427060137
"A","trial","RL","DA","Post-Stim",5,16,NA,6.74086129995386
"A","trial","RL","DA","Post-Stim",5,17,NA,3.57936989711484
"A","trial","RL","DA","Post-Stim",5,18,NA,5.13616641254957
"A","trial","RL","DA","Post-Stim",5,19,NA,2.45472934946905
"A","trial","RL","DA","Post-Stim",5,20,NA,4.84066576612996
"A","trial","RL","DA","Post-Stim",5,21,NA,5.05654090394828
"A","trial","RL","DA","Post-Stim",5,22,NA,2.19409231010195
"A","trial","RL","DA","Post-Stim",5,23,NA,4.74766653344531
"A","trial","RL","DA","Post-Stim",5,24,NA,3.86887099801449
"A","trial","RL","DA","Post-Stim",5,25,NA,3.54620082107405
"A","trial","RL","DA","Post-Stim",5,26,NA,3.55331727936581
"A","trial","RL","DA","Post-Stim",5,27,NA,4.64382293994572
"A","trial","RL","DA","Post-Stim",5,28,NA,3.68546232287595
"A","trial","RL","DA","Post-Stim",5,29,NA,5.77982735163973
"A","trial","RL","DA","Post-Stim",5,30,NA,3.17256180799999
"A","trial","RL","DA","Post-Stim",5,31,NA,3.97356041847617
"A","trial","RL","DA","Post-Stim",5,32,NA,4.41014612678354
"A","trial","RL","DA","Post-Stim",5,33,NA,4.86319022301112
"A","trial","RL","DA","Post-Stim",5,34,NA,6.32296848441909
"A","trial","RL","DA","Post-Stim",5,35,NA,3.34268459486248
"A","trial","RL","DA","Post-Stim",5,36,NA,3.9471775313462
"A","trial","RL","DA","Post-Stim",5,37,NA,6.14563862870778
"A","trial","RL","DA","Post-Stim",5,38,NA,0.312209640462105
"A","trial","RL","DA","Post-Stim",5,39,NA,3.94201850703622
"A","trial","RL","DA","Post-Stim",5,40,NA,4.34552664658044
"A","trial","RL","DA","Post-Stim",5,41,NA,3.53864243429361
"A","trial","RL","DA","Post-Stim",5,42,NA,6.00500460597687
"A","trial","RL","DA","Post-Stim",5,43,NA,4.88981246521495
"A","trial","RL","DA","Post-Stim",5,44,NA,4.04164483698364
"A","trial","RL","DA","Post-Stim",5,45,NA,3.71179676978468
"A","trial","RL","DA","Post-Stim",5,46,NA,3.77818583248873
"A","trial","RL","DA","Post-Stim",5,47,NA,3.59563299645179
"A","trial","RL","DA","Post-Stim",5,48,NA,3.11072677792268
"A","trial","RL","DA","Post-Stim",5,49,NA,4.49884645953971
"A","trial","RL","DA","Post-Stim",5,50,NA,4.08501787755729
"A","trial","RL","DA","Post-Stim",5,51,NA,6.53188952570157
"A","trial","RL","DA","Post-Stim",5,52,NA,6.34182328958995
"A","trial","RL","DA","Post-Stim",5,53,NA,5.15713001432867
"A","trial","RL","DA","Post-Stim",5,54,NA,5.09466607703757
"A","trial","RL","DA","Post-Stim",5,55,NA,5.81287176213656
"A","trial","RL","DA","Post-Stim",5,56,NA,5.44894466761229
"A","trial","RL","DA","Post-Stim",5,57,NA,4.36251132875165
"A","trial","RL","DA","Post-Stim",5,58,NA,4.76659337826554
"A","trial","RL","DA","Post-Stim",5,59,NA,5.57391503627439
"A","trial","RL","DA","Post-Stim",5,60,NA,6.04195734482331
"A","trial","RL","DA","Post-Stim",5,61,NA,6.39516711289719
"A","trial","RL","DA","Post-Stim",5,62,NA,4.31487557080428
"A","trial","RL","DA","Post-Stim",5,63,NA,5.27617952528755
"A","trial","RL","DA","Post-Stim",5,64,NA,5.62756932711544
"A","trial","RL","DA","Post-Stim",5,65,NA,5.44241922763619
"A","trial","RL","DA","Post-Stim",5,66,NA,4.22461155920305
"A","trial","RL","DA","Post-Stim",5,67,NA,4.64699366267425
"A","trial","RL","DA","Post-Stim",5,68,NA,5.86897157887195
"A","trial","RL","DA","Post-Stim",5,69,NA,5.22672075781066
"A","trial","RL","DA","Post-Stim",5,70,NA,6.61255640236162
"A","trial","RL","DA","Post-Stim",5,72,NA,4.79548450887997
"A","trial","RL","DA","Post-Stim",5,73,NA,4.68912944607184
"A","trial","RL","DA","Post-Stim",5,74,NA,6.02701227356105
"A","trial","RL","DA","Post-Stim",5,75,NA,2.6005353804382
"A","trial","RL","DA","Post-Stim",5,76,NA,5.72716409271015
"A","trial","RL","DA","Post-Stim",5,77,NA,4.68583358182567
"A","trial","RL","DA","Post-Stim",5,78,NA,6.76015630326555
"A","trial","RL","DA","Post-Stim",5,79,NA,6.68460782978473
"A","trial","RL","DA","Post-Stim",5,80,NA,2.32287129965959
"A","trial","RL","DA","Post-Stim",5,81,NA,5.08354419671716
"A","trial","RL","DA","Post-Stim",5,82,NA,7.30776620488407
"A","trial","RL","DA","Post-Stim",5,83,NA,7.55854673052361
"A","trial","RL","DA","Post-Stim",5,84,NA,6.45902163299651
"A","trial","RL","DA","Post-Stim",5,85,NA,6.70689517397996
"A","trial","RL","DA","Post-Stim",5,86,NA,4.56552495290093
"A","trial","RL","DA","Post-Stim",5,87,NA,3.00338444015158
"A","trial","RL","DA","Post-Stim",5,88,NA,6.03225065965907
"A","trial","RL","DA","Post-Stim",5,89,NA,5.00193294161849
"A","trial","RL","DA","Post-Stim",5,90,NA,4.84369307586587
"A","trial","RL","DA","Post-Stim",5,91,NA,6.46396035268834
"A","trial","RL","DA","Post-Stim",5,92,NA,6.50813196800079
"A","trial","RL","DA","Post-Stim",5,93,NA,4.01746109678677
"A","trial","RL","DA","Post-Stim",5,94,NA,5.47369460445677
"A","trial","RL","DA","Post-Stim",5,95,NA,5.51585338691198
"A","trial","RL","DA","Post-Stim",5,96,NA,6.30961641155181
"A","trial","RL","DA","Post-Stim",5,97,NA,6.82749709421531
"A","trial","RL","DA","Post-Stim",5,98,NA,3.94446737637916
"A","trial","RL","DA","Post-Stim",5,99,NA,5.89411513946012
"A","trial","RL","DA","Post-Stim",5,100,NA,6.34824520177401
"A","trial","RL","DA","Post-Stim",5,101,NA,6.68405071766754
"A","trial","RL","DA","Post-Stim",5,102,NA,5.36133190103115
"A","trial","RL","DA","Post-Stim",5,103,NA,6.47008885462755
"A","trial","RL","DA","Post-Stim",5,104,NA,7.3227826816046
"A","trial","RL","DA","Post-Stim",5,105,NA,7.09975618792331
"A","trial","RL","5-HT","Post-Stim",5,2,NA,1.86048329699511
"A","trial","RL","5-HT","Post-Stim",5,3,NA,-0.303991085474233
"A","trial","RL","5-HT","Post-Stim",5,4,NA,-0.0424093329715027
"A","trial","RL","5-HT","Post-Stim",5,5,NA,1.54275854857121
"A","trial","RL","5-HT","Post-Stim",5,6,NA,2.98974297952223
"A","trial","RL","5-HT","Post-Stim",5,7,NA,5.57604189969514
"A","trial","RL","5-HT","Post-Stim",5,8,NA,7.11298290868469
"A","trial","RL","5-HT","Post-Stim",5,9,NA,5.39779949963995
"A","trial","RL","5-HT","Post-Stim",5,10,NA,6.43638083237555
"A","trial","RL","5-HT","Post-Stim",5,11,NA,4.16724366114654
"A","trial","RL","5-HT","Post-Stim",5,12,NA,3.02791358316397
"A","trial","RL","5-HT","Post-Stim",5,13,NA,3.63294983537148
"A","trial","RL","5-HT","Post-Stim",5,14,NA,1.61991771549511
"A","trial","RL","5-HT","Post-Stim",5,15,NA,2.52922668958231
"A","trial","RL","5-HT","Post-Stim",5,16,NA,2.62874807841107
"A","trial","RL","5-HT","Post-Stim",5,17,NA,4.04013706472704
"A","trial","RL","5-HT","Post-Stim",5,18,NA,3.13553885091579
"A","trial","RL","5-HT","Post-Stim",5,19,NA,3.14386090564777
"A","trial","RL","5-HT","Post-Stim",5,20,NA,3.27099185951647
"A","trial","RL","5-HT","Post-Stim",5,21,NA,3.44308762668096
"A","trial","RL","5-HT","Post-Stim",5,22,NA,4.49801618537684
"A","trial","RL","5-HT","Post-Stim",5,23,NA,0.579797993969757
"A","trial","RL","5-HT","Post-Stim",5,24,NA,3.5481420111168
"A","trial","RL","5-HT","Post-Stim",5,25,NA,3.9157249451376
"A","trial","RL","5-HT","Post-Stim",5,26,NA,3.8130352735688
"A","trial","RL","5-HT","Post-Stim",5,27,NA,0.729038243794324
"A","trial","RL","5-HT","Post-Stim",5,28,NA,0.231733152437944
"A","trial","RL","5-HT","Post-Stim",5,29,NA,2.53382125426785
"A","trial","RL","5-HT","Post-Stim",5,30,NA,5.35793108806124
"A","trial","RL","5-HT","Post-Stim",5,31,NA,2.59903976932175
"A","trial","RL","5-HT","Post-Stim",5,32,NA,2.80854757135144
"A","trial","RL","5-HT","Post-Stim",5,33,NA,5.85340525664812
"A","trial","RL","5-HT","Post-Stim",5,34,NA,2.84931533622103
"A","trial","RL","5-HT","Post-Stim",5,35,NA,7.55630240342873
"A","trial","RL","5-HT","Post-Stim",5,36,NA,2.30181593218035
"A","trial","RL","5-HT","Post-Stim",5,37,NA,4.07901102503591
"A","trial","RL","5-HT","Post-Stim",5,38,NA,5.44202960001819
"A","trial","RL","5-HT","Post-Stim",5,39,NA,4.66261155868306
"A","trial","RL","5-HT","Post-Stim",5,40,NA,3.93061589848742
"A","trial","RL","5-HT","Post-Stim",5,41,NA,3.39604238935036
"A","trial","RL","5-HT","Post-Stim",5,42,NA,5.22685894427486
"A","trial","RL","5-HT","Post-Stim",5,43,NA,4.6226573495913
"A","trial","RL","5-HT","Post-Stim",5,44,NA,2.29840564445492
"A","trial","RL","5-HT","Post-Stim",5,45,NA,2.09391916119955
"A","trial","RL","5-HT","Post-Stim",5,46,NA,2.96243471703691
"A","trial","RL","5-HT","Post-Stim",5,47,NA,5.45627962983617
"A","trial","RL","5-HT","Post-Stim",5,48,NA,4.32417897416587
"A","trial","RL","5-HT","Post-Stim",5,49,NA,4.27114590125414
"A","trial","RL","5-HT","Post-Stim",5,50,NA,5.41900296489923
"A","trial","RL","5-HT","Post-Stim",5,51,NA,2.68412747146526
"A","trial","RL","5-HT","Post-Stim",5,52,NA,2.66601786854965
"A","trial","RL","5-HT","Post-Stim",5,53,NA,4.26870051735311
"A","trial","RL","5-HT","Post-Stim",5,54,NA,2.69322283669098
"A","trial","RL","5-HT","Post-Stim",5,55,NA,1.59360082152899
"A","trial","RL","5-HT","Post-Stim",5,56,NA,5.97682931124104
"A","trial","RL","5-HT","Post-Stim",5,57,NA,2.94042890742781
"A","trial","RL","5-HT","Post-Stim",5,58,NA,7.75298681107001
"A","trial","RL","5-HT","Post-Stim",5,59,NA,3.64221156281505
"A","trial","RL","5-HT","Post-Stim",5,60,NA,5.39215398809521
"A","trial","RL","5-HT","Post-Stim",5,61,NA,6.2198997968887
"A","trial","RL","5-HT","Post-Stim",5,62,NA,8.90051310370518
"A","trial","RL","5-HT","Post-Stim",5,63,NA,5.93371124797325
"A","trial","RL","5-HT","Post-Stim",5,64,NA,6.69207897498775
"A","trial","RL","5-HT","Post-Stim",5,65,NA,6.10324351663928
"A","trial","RL","5-HT","Post-Stim",5,66,NA,6.87057104892914
"A","trial","RL","5-HT","Post-Stim",5,67,NA,5.62386414764357
"A","trial","RL","5-HT","Post-Stim",5,68,NA,5.38756392312485
"A","trial","RL","5-HT","Post-Stim",5,69,NA,5.685518758138
"A","trial","RL","5-HT","Post-Stim",5,70,NA,3.15721334600493
"A","trial","RL","5-HT","Post-Stim",5,72,NA,7.08018602349954
"A","trial","RL","5-HT","Post-Stim",5,73,NA,7.1713661320765
"A","trial","RL","5-HT","Post-Stim",5,74,NA,5.8165200860077
"A","trial","RL","5-HT","Post-Stim",5,75,NA,6.12285165240412
"A","trial","RL","5-HT","Post-Stim",5,76,NA,5.32794923502745
"A","trial","RL","5-HT","Post-Stim",5,77,NA,5.62750941189776
"A","trial","RL","5-HT","Post-Stim",5,78,NA,4.48399631665621
"A","trial","RL","5-HT","Post-Stim",5,79,NA,4.90514905855538
"A","trial","RL","5-HT","Post-Stim",5,80,NA,8.94064633836428
"A","trial","RL","5-HT","Post-Stim",5,81,NA,4.56663865823328
"A","trial","RL","5-HT","Post-Stim",5,82,NA,2.42239314985801
"A","trial","RL","5-HT","Post-Stim",5,83,NA,3.66617902062934
"A","trial","RL","5-HT","Post-Stim",5,84,NA,4.76521923061261
"A","trial","RL","5-HT","Post-Stim",5,85,NA,6.14222453167374
"A","trial","RL","5-HT","Post-Stim",5,86,NA,4.53728931021159
"A","trial","RL","5-HT","Post-Stim",5,87,NA,11.3633449300274
"A","trial","RL","5-HT","Post-Stim",5,88,NA,5.71865978158415
"A","trial","RL","5-HT","Post-Stim",5,89,NA,3.80810621919573
"A","trial","RL","5-HT","Post-Stim",5,90,NA,4.36459751444343
"A","trial","RL","5-HT","Post-Stim",5,91,NA,7.4285424473835
"A","trial","RL","5-HT","Post-Stim",5,92,NA,6.18004913760925
"A","trial","RL","5-HT","Post-Stim",5,93,NA,5.46745347751597
"A","trial","RL","5-HT","Post-Stim",5,94,NA,3.91747158011735
"A","trial","RL","5-HT","Post-Stim",5,95,NA,4.03473675648025
"A","trial","RL","5-HT","Post-Stim",5,96,NA,3.35448800624304
"A","trial","RL","5-HT","Post-Stim",5,97,NA,6.39919522860271
"A","trial","RL","5-HT","Post-Stim",5,98,NA,4.91473555323025
"A","trial","RL","5-HT","Post-Stim",5,99,NA,7.79779969418569
"A","trial","RL","5-HT","Post-Stim",5,100,NA,3.9951239620212
"A","trial","RL","5-HT","Post-Stim",5,101,NA,6.09182753206252
"A","trial","RL","5-HT","Post-Stim",5,102,NA,5.39053710686237
"A","trial","RL","5-HT","Post-Stim",5,103,NA,2.75985387879794
"A","trial","RL","5-HT","Post-Stim",5,104,NA,3.77644041283189
"A","trial","RL","5-HT","Post-Stim",5,105,NA,5.82044070242541
"A","trial","RL","DA","Pre-Stim",5,1,NA,-5.03229978330421
"A","trial","RL","DA","Pre-Stim",5,2,NA,-3.85711291026526
"A","trial","RL","DA","Pre-Stim",5,3,NA,-5.97731842678794
"A","trial","RL","DA","Pre-Stim",5,4,NA,-6.4526923671217
"A","trial","RL","DA","Pre-Stim",5,5,NA,-4.76139170686344
"A","trial","RL","DA","Pre-Stim",5,6,NA,-5.46675922693259
"A","trial","RL","DA","Pre-Stim",5,7,NA,-4.69369013368959
"A","trial","RL","DA","Pre-Stim",5,8,NA,-6.52394249100675
"A","trial","RL","DA","Pre-Stim",5,9,NA,-4.11630733678249
"A","trial","RL","DA","Pre-Stim",5,10,NA,-9.21527508831836
"A","trial","RL","DA","Pre-Stim",5,11,NA,-5.82335577944832
"A","trial","RL","DA","Pre-Stim",5,12,NA,-6.44604897317341
"A","trial","RL","DA","Pre-Stim",5,13,NA,-6.79440933760794
"A","trial","RL","DA","Pre-Stim",5,14,NA,-7.21705303202844
"A","trial","RL","DA","Pre-Stim",5,15,NA,-4.57810106683082
"A","trial","RL","DA","Pre-Stim",5,16,NA,-8.0676835409123
"A","trial","RL","DA","Pre-Stim",5,17,NA,-5.23521597896353
"A","trial","RL","DA","Pre-Stim",5,18,NA,-6.87495292904586
"A","trial","RL","DA","Pre-Stim",5,19,NA,-6.29745678189447
"A","trial","RL","DA","Pre-Stim",5,20,NA,-6.72614407406361
"A","trial","RL","DA","Pre-Stim",5,21,NA,-8.24726635698891
"A","trial","RL","DA","Pre-Stim",5,22,NA,-4.33986588714378
"A","trial","RL","DA","Pre-Stim",5,23,NA,-6.54333908225216
"A","trial","RL","DA","Pre-Stim",5,24,NA,-5.4517221891307
"A","trial","RL","DA","Pre-Stim",5,25,NA,-6.06162747730144
"A","trial","RL","DA","Pre-Stim",5,26,NA,-6.28866903079821
"A","trial","RL","DA","Pre-Stim",5,27,NA,-6.17483699951847
"A","trial","RL","DA","Pre-Stim",5,28,NA,-4.12436694996203
"A","trial","RL","DA","Pre-Stim",5,29,NA,-6.01842437985917
"A","trial","RL","DA","Pre-Stim",5,30,NA,-6.02566090383466
"A","trial","RL","DA","Pre-Stim",5,31,NA,-7.06588577330597
"A","trial","RL","DA","Pre-Stim",5,32,NA,-6.07126215731977
"A","trial","RL","DA","Pre-Stim",5,33,NA,-5.28601901572771
"A","trial","RL","DA","Pre-Stim",5,34,NA,-5.95050233909191
"A","trial","RL","DA","Pre-Stim",5,35,NA,-4.44817095338982
"A","trial","RL","DA","Pre-Stim",5,36,NA,-7.61623977151315
"A","trial","RL","DA","Pre-Stim",5,37,NA,-6.24368855835255
"A","trial","RL","DA","Pre-Stim",5,38,NA,-5.14605140395716
"A","trial","RL","DA","Pre-Stim",5,39,NA,-6.3869962955562
"A","trial","RL","DA","Pre-Stim",5,40,NA,-7.54490397983476
"A","trial","RL","DA","Pre-Stim",5,41,NA,-6.66501205914585
"A","trial","RL","DA","Pre-Stim",5,42,NA,-7.99261278606438
"A","trial","RL","DA","Pre-Stim",5,43,NA,-5.91060252669938
"A","trial","RL","DA","Pre-Stim",5,44,NA,-5.99431338275883
"A","trial","RL","DA","Pre-Stim",5,45,NA,-4.31553731155925
"A","trial","RL","DA","Pre-Stim",5,46,NA,-6.14721860896386
"A","trial","RL","DA","Pre-Stim",5,47,NA,-6.13220628250558
"A","trial","RL","DA","Pre-Stim",5,48,NA,-5.903280582266
"A","trial","RL","DA","Pre-Stim",5,49,NA,-6.95893605457182
"A","trial","RL","DA","Pre-Stim",5,50,NA,-6.38643252051272
"A","trial","RL","DA","Pre-Stim",5,51,NA,-6.71978619891698
"A","trial","RL","DA","Pre-Stim",5,52,NA,-7.03443340121887
"A","trial","RL","DA","Pre-Stim",5,53,NA,-6.68605708816545
"A","trial","RL","DA","Pre-Stim",5,54,NA,-8.07931167877785
"A","trial","RL","DA","Pre-Stim",5,55,NA,-8.16853176829588
"A","trial","RL","DA","Pre-Stim",5,56,NA,-7.88633900833346
"A","trial","RL","DA","Pre-Stim",5,57,NA,-6.90834108436908
"A","trial","RL","DA","Pre-Stim",5,58,NA,-5.67866584237597
"A","trial","RL","DA","Pre-Stim",5,59,NA,-5.52269501833166
"A","trial","RL","DA","Pre-Stim",5,60,NA,-7.08456755251031
"A","trial","RL","DA","Pre-Stim",5,61,NA,-7.32470904332059
"A","trial","RL","DA","Pre-Stim",5,62,NA,-7.3760274087263
"A","trial","RL","DA","Pre-Stim",5,63,NA,-6.84088978065879
"A","trial","RL","DA","Pre-Stim",5,64,NA,-7.23804437709854
"A","trial","RL","DA","Pre-Stim",5,65,NA,-8.63291836121898
"A","trial","RL","DA","Pre-Stim",5,66,NA,-9.1471843252466
"A","trial","RL","DA","Pre-Stim",5,67,NA,-7.12959178068151
"A","trial","RL","DA","Pre-Stim",5,68,NA,-6.49710514898786
"A","trial","RL","DA","Pre-Stim",5,69,NA,-5.45162282762753
"A","trial","RL","DA","Pre-Stim",5,70,NA,-6.3962585353285
"A","trial","RL","DA","Pre-Stim",5,71,NA,-6.3103308343845
"A","trial","RL","DA","Pre-Stim",5,72,NA,-7.51210996808405
"A","trial","RL","DA","Pre-Stim",5,73,NA,-7.11320607172998
"A","trial","RL","DA","Pre-Stim",5,74,NA,-5.77458536633768
"A","trial","RL","DA","Pre-Stim",5,75,NA,-7.10468489461782
"A","trial","RL","DA","Pre-Stim",5,76,NA,-6.8263054838896
"A","trial","RL","DA","Pre-Stim",5,77,NA,-5.98981167468559
"A","trial","RL","DA","Pre-Stim",5,78,NA,-8.71066058684752
"A","trial","RL","DA","Pre-Stim",5,79,NA,-4.7285984366261
"A","trial","RL","DA","Pre-Stim",5,80,NA,-6.10267309660954
"A","trial","RL","DA","Pre-Stim",5,81,NA,-6.78630675915471
"A","trial","RL","DA","Pre-Stim",5,82,NA,-7.38661569636129
"A","trial","RL","DA","Pre-Stim",5,83,NA,-7.54947486168411
"A","trial","RL","DA","Pre-Stim",5,84,NA,-6.38005096378353
"A","trial","RL","DA","Pre-Stim",5,85,NA,-8.24125631574536
"A","trial","RL","DA","Pre-Stim",5,86,NA,-9.07934883276063
"A","trial","RL","DA","Pre-Stim",5,87,NA,-6.67676319551808
"A","trial","RL","DA","Pre-Stim",5,88,NA,-7.65661101124224
"A","trial","RL","DA","Pre-Stim",5,89,NA,-5.09304015314239
"A","trial","RL","DA","Pre-Stim",5,90,NA,-7.35386390207868
"A","trial","RL","DA","Pre-Stim",5,91,NA,-7.10050916979872
"A","trial","RL","DA","Pre-Stim",5,92,NA,-8.74576540060765
"A","trial","RL","DA","Pre-Stim",5,93,NA,-7.28941465962793
"A","trial","RL","DA","Pre-Stim",5,94,NA,-8.85180790102683
"A","trial","RL","DA","Pre-Stim",5,95,NA,-6.52444484605345
"A","trial","RL","DA","Pre-Stim",5,96,NA,-7.17853617191132
"A","trial","RL","DA","Pre-Stim",5,97,NA,-6.32738552504669
"A","trial","RL","DA","Pre-Stim",5,98,NA,-7.79162226255578
"A","trial","RL","DA","Pre-Stim",5,99,NA,-6.89944749797416
"A","trial","RL","DA","Pre-Stim",5,100,NA,-7.05518395362479
"A","trial","RL","DA","Pre-Stim",5,101,NA,-7.05012317823471
"A","trial","RL","DA","Pre-Stim",5,102,NA,-7.34451967314943
"A","trial","RL","DA","Pre-Stim",5,103,NA,-7.56705206996949
"A","trial","RL","DA","Pre-Stim",5,104,NA,-6.10521118774453
"A","trial","RL","DA","Pre-Stim",5,105,NA,-6.7299043606177
"A","trial","RL","5-HT","Pre-Stim",5,1,NA,-3.23829717796297
"A","trial","RL","5-HT","Pre-Stim",5,2,NA,-0.718649048672867
"A","trial","RL","5-HT","Pre-Stim",5,3,NA,-0.231974499287841
"A","trial","RL","5-HT","Pre-Stim",5,4,NA,-2.7452807690831
"A","trial","RL","5-HT","Pre-Stim",5,5,NA,-2.16057523266248
"A","trial","RL","5-HT","Pre-Stim",5,6,NA,-1.46229688630968
"A","trial","RL","5-HT","Pre-Stim",5,7,NA,-3.30757994616109
"A","trial","RL","5-HT","Pre-Stim",5,8,NA,-0.94844718296968
"A","trial","RL","5-HT","Pre-Stim",5,9,NA,-3.79288333878511
"A","trial","RL","5-HT","Pre-Stim",5,10,NA,-2.50099253649452
"A","trial","RL","5-HT","Pre-Stim",5,11,NA,-2.27172585094805
"A","trial","RL","5-HT","Pre-Stim",5,12,NA,-2.94519946654666
"A","trial","RL","5-HT","Pre-Stim",5,13,NA,-2.94320627155631
"A","trial","RL","5-HT","Pre-Stim",5,14,NA,-2.08061421439395
"A","trial","RL","5-HT","Pre-Stim",5,15,NA,-3.12309677305829
"A","trial","RL","5-HT","Pre-Stim",5,16,NA,-2.16378802463834
"A","trial","RL","5-HT","Pre-Stim",5,17,NA,-0.989729762608999
"A","trial","RL","5-HT","Pre-Stim",5,18,NA,-1.6629596760114
"A","trial","RL","5-HT","Pre-Stim",5,19,NA,-1.93657056679151
"A","trial","RL","5-HT","Pre-Stim",5,20,NA,-2.22132506010498
"A","trial","RL","5-HT","Pre-Stim",5,21,NA,-2.34611057204961
"A","trial","RL","5-HT","Pre-Stim",5,22,NA,-2.19726732629111
"A","trial","RL","5-HT","Pre-Stim",5,23,NA,-3.64198438604757
"A","trial","RL","5-HT","Pre-Stim",5,24,NA,-4.5401997690781
"A","trial","RL","5-HT","Pre-Stim",5,25,NA,-1.10688398838728
"A","trial","RL","5-HT","Pre-Stim",5,26,NA,-1.66047401680239
"A","trial","RL","5-HT","Pre-Stim",5,27,NA,-2.2159449154075
"A","trial","RL","5-HT","Pre-Stim",5,28,NA,-4.33013861474947
"A","trial","RL","5-HT","Pre-Stim",5,29,NA,-3.56060590598621
"A","trial","RL","5-HT","Pre-Stim",5,30,NA,-3.72886037445223
"A","trial","RL","5-HT","Pre-Stim",5,31,NA,-3.92962322282319
"A","trial","RL","5-HT","Pre-Stim",5,32,NA,-3.40565226648427
"A","trial","RL","5-HT","Pre-Stim",5,33,NA,-6.12603738976692
"A","trial","RL","5-HT","Pre-Stim",5,34,NA,-4.75850990598429
"A","trial","RL","5-HT","Pre-Stim",5,35,NA,-2.84125086531795
"A","trial","RL","5-HT","Pre-Stim",5,36,NA,-5.24223446066875
"A","trial","RL","5-HT","Pre-Stim",5,37,NA,-5.31501913482247
"A","trial","RL","5-HT","Pre-Stim",5,38,NA,-6.7261725738905
"A","trial","RL","5-HT","Pre-Stim",5,39,NA,-5.82385317801909
"A","trial","RL","5-HT","Pre-Stim",5,40,NA,-5.88742203545847
"A","trial","RL","5-HT","Pre-Stim",5,41,NA,-5.44215458632284
"A","trial","RL","5-HT","Pre-Stim",5,42,NA,-3.24272876031719
"A","trial","RL","5-HT","Pre-Stim",5,43,NA,-5.12987137619904
"A","trial","RL","5-HT","Pre-Stim",5,44,NA,-5.81607556314111
"A","trial","RL","5-HT","Pre-Stim",5,45,NA,-5.26432894980698
"A","trial","RL","5-HT","Pre-Stim",5,46,NA,-3.79432923929418
"A","trial","RL","5-HT","Pre-Stim",5,47,NA,-5.33710058782525
"A","trial","RL","5-HT","Pre-Stim",5,48,NA,-6.31272025983936
"A","trial","RL","5-HT","Pre-Stim",5,49,NA,-6.26945908168535
"A","trial","RL","5-HT","Pre-Stim",5,50,NA,-6.67686712193752
"A","trial","RL","5-HT","Pre-Stim",5,51,NA,-7.06522307768228
"A","trial","RL","5-HT","Pre-Stim",5,52,NA,-5.59564034592579
"A","trial","RL","5-HT","Pre-Stim",5,53,NA,-5.26324438338299
"A","trial","RL","5-HT","Pre-Stim",5,54,NA,-6.01986369585803
"A","trial","RL","5-HT","Pre-Stim",5,55,NA,-7.47995599210329
"A","trial","RL","5-HT","Pre-Stim",5,56,NA,-6.50592299461926
"A","trial","RL","5-HT","Pre-Stim",5,57,NA,-6.76130788720255
"A","trial","RL","5-HT","Pre-Stim",5,58,NA,-4.85041362631378
"A","trial","RL","5-HT","Pre-Stim",5,59,NA,-5.17055224419111
"A","trial","RL","5-HT","Pre-Stim",5,60,NA,-6.07476334048851
"A","trial","RL","5-HT","Pre-Stim",5,61,NA,-5.94302989802227
"A","trial","RL","5-HT","Pre-Stim",5,62,NA,-4.96216277322511
"A","trial","RL","5-HT","Pre-Stim",5,63,NA,-6.32676193643234
"A","trial","RL","5-HT","Pre-Stim",5,64,NA,-4.78644479611496
"A","trial","RL","5-HT","Pre-Stim",5,65,NA,-3.23347644226083
"A","trial","RL","5-HT","Pre-Stim",5,66,NA,-5.35381711986588
"A","trial","RL","5-HT","Pre-Stim",5,67,NA,-6.77571535097213
"A","trial","RL","5-HT","Pre-Stim",5,68,NA,-6.7052378191133
"A","trial","RL","5-HT","Pre-Stim",5,69,NA,-5.89000797320628
"A","trial","RL","5-HT","Pre-Stim",5,70,NA,-5.9659899536031
"A","trial","RL","5-HT","Pre-Stim",5,71,NA,-6.66622356300818
"A","trial","RL","5-HT","Pre-Stim",5,72,NA,-5.30844958080159
"A","trial","RL","5-HT","Pre-Stim",5,73,NA,-6.76600162353537
"A","trial","RL","5-HT","Pre-Stim",5,74,NA,-6.64303129842499
"A","trial","RL","5-HT","Pre-Stim",5,75,NA,-7.95491143312627
"A","trial","RL","5-HT","Pre-Stim",5,76,NA,-6.00429821912027
"A","trial","RL","5-HT","Pre-Stim",5,77,NA,-6.81495553002783
"A","trial","RL","5-HT","Pre-Stim",5,78,NA,-6.35437277054754
"A","trial","RL","5-HT","Pre-Stim",5,79,NA,-6.17875636318075
"A","trial","RL","5-HT","Pre-Stim",5,80,NA,-5.44666691324203
"A","trial","RL","5-HT","Pre-Stim",5,81,NA,-4.99170705305493
"A","trial","RL","5-HT","Pre-Stim",5,82,NA,-4.76815739592127
"A","trial","RL","5-HT","Pre-Stim",5,83,NA,-7.0221656833744
"A","trial","RL","5-HT","Pre-Stim",5,84,NA,-5.29256746443036
"A","trial","RL","5-HT","Pre-Stim",5,85,NA,-4.68612770491156
"A","trial","RL","5-HT","Pre-Stim",5,86,NA,-6.34867902687396
"A","trial","RL","5-HT","Pre-Stim",5,87,NA,-7.49577758990155
"A","trial","RL","5-HT","Pre-Stim",5,88,NA,-5.50623366716163
"A","trial","RL","5-HT","Pre-Stim",5,89,NA,-5.19181766359146
"A","trial","RL","5-HT","Pre-Stim",5,90,NA,-5.41251977835281
"A","trial","RL","5-HT","Pre-Stim",5,91,NA,-4.5026247733487
"A","trial","RL","5-HT","Pre-Stim",5,92,NA,-6.09699909941863
"A","trial","RL","5-HT","Pre-Stim",5,93,NA,-6.23052397755693
"A","trial","RL","5-HT","Pre-Stim",5,94,NA,-6.63044897323556
"A","trial","RL","5-HT","Pre-Stim",5,95,NA,-4.05506790878829
"A","trial","RL","5-HT","Pre-Stim",5,96,NA,-5.92991162837837
"A","trial","RL","5-HT","Pre-Stim",5,97,NA,-6.66501396068795
"A","trial","RL","5-HT","Pre-Stim",5,98,NA,-6.05153302364512
"A","trial","RL","5-HT","Pre-Stim",5,99,NA,-5.99954872888382
"A","trial","RL","5-HT","Pre-Stim",5,100,NA,-5.35266284629254
"A","trial","RL","5-HT","Pre-Stim",5,101,NA,-4.68673864397829
"A","trial","RL","5-HT","Pre-Stim",5,102,NA,-6.72414753759288
"A","trial","RL","5-HT","Pre-Stim",5,103,NA,-6.12064502019135
"A","trial","RL","5-HT","Pre-Stim",5,104,NA,-6.33124844759685
"A","trial","RL","5-HT","Pre-Stim",5,105,NA,-5.03768287687186
"A","trial","RL","DA","Post-Stim",6,1,NA,5.10592810916303
"A","trial","RL","DA","Post-Stim",6,2,NA,5.45940344834485
"A","trial","RL","DA","Post-Stim",6,3,NA,5.73851912594358
"A","trial","RL","DA","Post-Stim",6,4,NA,4.46195732802058
"A","trial","RL","DA","Post-Stim",6,5,NA,5.24244015277439
"A","trial","RL","DA","Post-Stim",6,6,NA,4.92125076165835
"A","trial","RL","DA","Post-Stim",6,7,NA,5.33664261569093
"A","trial","RL","DA","Post-Stim",6,8,NA,5.40735697014155
"A","trial","RL","DA","Post-Stim",6,9,NA,5.50314847850988
"A","trial","RL","DA","Post-Stim",6,10,NA,5.30524161362222
"A","trial","RL","DA","Post-Stim",6,11,NA,5.1514510798692
"A","trial","RL","DA","Post-Stim",6,12,NA,5.56441900650264
"A","trial","RL","DA","Post-Stim",6,13,NA,4.8715948947007
"A","trial","RL","DA","Post-Stim",6,14,NA,4.85815359201114
"A","trial","RL","DA","Post-Stim",6,15,NA,5.56482678946734
"A","trial","RL","DA","Post-Stim",6,16,NA,4.55144760577122
"A","trial","RL","DA","Post-Stim",6,17,NA,5.2812153391706
"A","trial","RL","DA","Post-Stim",6,18,NA,4.59216485451634
"A","trial","RL","DA","Post-Stim",6,19,NA,4.3666112283036
"A","trial","RL","DA","Post-Stim",6,20,NA,5.41148489256779
"A","trial","RL","DA","Post-Stim",6,21,NA,5.4884782868032
"A","trial","RL","DA","Post-Stim",6,22,NA,5.05732229212456
"A","trial","RL","DA","Post-Stim",6,23,NA,4.72922746294499
"A","trial","RL","DA","Post-Stim",6,24,NA,5.51556578822046
"A","trial","RL","DA","Post-Stim",6,25,NA,4.8971601428019
"A","trial","RL","DA","Post-Stim",6,26,NA,4.84554911481108
"A","trial","RL","DA","Post-Stim",6,27,NA,5.21790325205447
"A","trial","RL","DA","Post-Stim",6,28,NA,4.29775929999937
"A","trial","RL","DA","Post-Stim",6,29,NA,5.14143300957405
"A","trial","RL","DA","Post-Stim",6,30,NA,5.03326385034129
"A","trial","RL","DA","Post-Stim",6,31,NA,5.28586858681579
"A","trial","RL","DA","Post-Stim",6,32,NA,4.06106468074537
"A","trial","RL","DA","Post-Stim",6,33,NA,3.83283555472103
"A","trial","RL","DA","Post-Stim",6,34,NA,4.22583916846138
"A","trial","RL","DA","Post-Stim",6,35,NA,5.19824593349086
"A","trial","RL","DA","Post-Stim",6,36,NA,4.27701684088819
"A","trial","RL","DA","Post-Stim",6,37,NA,4.76573758089622
"A","trial","RL","DA","Post-Stim",6,38,NA,4.53755192192432
"A","trial","RL","DA","Post-Stim",6,39,NA,4.82121508791589
"A","trial","RL","DA","Post-Stim",6,40,NA,5.28044578261397
"A","trial","RL","DA","Post-Stim",6,41,NA,4.46861330126645
"A","trial","RL","DA","Post-Stim",6,42,NA,3.56307269293959
"A","trial","RL","DA","Post-Stim",6,43,NA,4.97434806233901
"A","trial","RL","DA","Post-Stim",6,44,NA,5.01408698146167
"A","trial","RL","DA","Post-Stim",6,45,NA,5.18126820551804
"A","trial","RL","DA","Post-Stim",6,46,NA,4.83042700555859
"A","trial","RL","DA","Post-Stim",6,47,NA,3.30675957667593
"A","trial","RL","DA","Post-Stim",6,48,NA,5.04876675048673
"A","trial","RL","DA","Post-Stim",6,49,NA,4.98575919207011
"A","trial","RL","DA","Post-Stim",6,50,NA,4.92035416186069
"A","trial","RL","DA","Post-Stim",6,51,NA,4.33770083038405
"A","trial","RL","DA","Post-Stim",6,52,NA,4.93303859886127
"A","trial","RL","DA","Post-Stim",6,53,NA,3.84358127003038
"A","trial","RL","DA","Post-Stim",6,54,NA,3.7731361895162
"A","trial","RL","DA","Post-Stim",6,55,NA,4.74136914784579
"A","trial","RL","DA","Post-Stim",6,56,NA,4.64287377968332
"A","trial","RL","DA","Post-Stim",6,57,NA,4.87020084170141
"A","trial","RL","DA","Post-Stim",6,58,NA,3.9664764017705
"A","trial","RL","DA","Post-Stim",6,59,NA,3.94022434912618
"A","trial","RL","DA","Post-Stim",6,60,NA,4.62910727380925
"A","trial","RL","DA","Post-Stim",6,61,NA,4.4873563678013
"A","trial","RL","DA","Post-Stim",6,62,NA,4.95028441142716
"A","trial","RL","DA","Post-Stim",6,63,NA,4.03027992063251
"A","trial","RL","DA","Post-Stim",6,64,NA,4.49789651372925
"A","trial","RL","DA","Post-Stim",6,65,NA,3.43799289164034
"A","trial","RL","DA","Post-Stim",6,66,NA,4.93340845791993
"A","trial","RL","DA","Post-Stim",6,67,NA,5.49797782115422
"A","trial","RL","DA","Post-Stim",6,68,NA,4.42016171809983
"A","trial","RL","DA","Post-Stim",6,69,NA,4.18209525754216
"A","trial","RL","DA","Post-Stim",6,70,NA,3.27055532450646
"A","trial","RL","DA","Post-Stim",6,71,NA,4.42287871395469
"A","trial","RL","DA","Post-Stim",6,72,NA,4.0481571600738
"A","trial","RL","DA","Post-Stim",6,73,NA,4.05227242517047
"A","trial","RL","DA","Post-Stim",6,74,NA,4.00315106750283
"A","trial","RL","DA","Post-Stim",6,75,NA,4.22176080335762
"A","trial","RL","DA","Post-Stim",6,76,NA,3.42995922766841
"A","trial","RL","DA","Post-Stim",6,77,NA,4.73412222783023
"A","trial","RL","DA","Post-Stim",6,78,NA,4.31222913809351
"A","trial","RL","DA","Post-Stim",6,79,NA,4.96813034320444
"A","trial","RL","DA","Post-Stim",6,80,NA,3.91251197816104
"A","trial","RL","DA","Post-Stim",6,81,NA,4.18258402887631
"A","trial","RL","DA","Post-Stim",6,82,NA,4.53880729032827
"A","trial","RL","DA","Post-Stim",6,83,NA,3.99301122529375
"A","trial","RL","DA","Post-Stim",6,84,NA,5.23365670982583
"A","trial","RL","DA","Post-Stim",6,85,NA,4.40755854845877
"A","trial","RL","DA","Post-Stim",6,86,NA,4.38248973294644
"A","trial","RL","DA","Post-Stim",6,87,NA,4.2542177470905
"A","trial","RL","DA","Post-Stim",6,88,NA,5.42893420752987
"A","trial","RL","DA","Post-Stim",6,89,NA,4.41749100976548
"A","trial","RL","DA","Post-Stim",6,90,NA,4.1309420804895
"A","trial","RL","DA","Post-Stim",6,91,NA,3.21451118975229
"A","trial","RL","DA","Post-Stim",6,92,NA,4.73115934893921
"A","trial","RL","DA","Post-Stim",6,93,NA,4.68473284597211
"A","trial","RL","DA","Post-Stim",6,94,NA,4.26243942522659
"A","trial","RL","DA","Post-Stim",6,95,NA,3.63132086286449
"A","trial","RL","DA","Post-Stim",6,96,NA,4.12905857745094
"A","trial","RL","DA","Post-Stim",6,97,NA,3.42704558265081
"A","trial","RL","DA","Post-Stim",6,98,NA,4.2295970010472
"A","trial","RL","DA","Post-Stim",6,99,NA,3.7294850206569
"A","trial","RL","DA","Post-Stim",6,100,NA,3.95699672970545
"A","trial","RL","DA","Post-Stim",6,101,NA,3.00641354943239
"A","trial","RL","DA","Post-Stim",6,102,NA,4.37898522201702
"A","trial","RL","DA","Post-Stim",6,103,NA,5.00301593882525
"A","trial","RL","DA","Post-Stim",6,104,NA,3.33124820820311
"A","trial","RL","DA","Post-Stim",6,105,NA,4.27495380569408
"A","trial","RL","5-HT","Post-Stim",6,1,NA,-6.63138507338677
"A","trial","RL","5-HT","Post-Stim",6,2,NA,-5.5156718020143
"A","trial","RL","5-HT","Post-Stim",6,3,NA,-6.12767184539237
"A","trial","RL","5-HT","Post-Stim",6,4,NA,-5.37131080626231
"A","trial","RL","5-HT","Post-Stim",6,5,NA,-5.49954271145497
"A","trial","RL","5-HT","Post-Stim",6,6,NA,-5.88536795976838
"A","trial","RL","5-HT","Post-Stim",6,7,NA,-5.21264097594224
"A","trial","RL","5-HT","Post-Stim",6,8,NA,-5.28430262531458
"A","trial","RL","5-HT","Post-Stim",6,9,NA,-4.02247413509833
"A","trial","RL","5-HT","Post-Stim",6,10,NA,-5.88706858356878
"A","trial","RL","5-HT","Post-Stim",6,11,NA,-6.57600199367648
"A","trial","RL","5-HT","Post-Stim",6,12,NA,-5.66264049451332
"A","trial","RL","5-HT","Post-Stim",6,13,NA,-6.95331472384042
"A","trial","RL","5-HT","Post-Stim",6,14,NA,-5.92954112043748
"A","trial","RL","5-HT","Post-Stim",6,15,NA,-6.11753217902008
"A","trial","RL","5-HT","Post-Stim",6,16,NA,-5.82003195998143
"A","trial","RL","5-HT","Post-Stim",6,17,NA,-5.86585637214826
"A","trial","RL","5-HT","Post-Stim",6,18,NA,-5.54530024977495
"A","trial","RL","5-HT","Post-Stim",6,19,NA,-4.37979285928304
"A","trial","RL","5-HT","Post-Stim",6,20,NA,-5.67783671152867
"A","trial","RL","5-HT","Post-Stim",6,21,NA,-6.36775766996204
"A","trial","RL","5-HT","Post-Stim",6,22,NA,-6.44931510342187
"A","trial","RL","5-HT","Post-Stim",6,23,NA,-5.90861886759156
"A","trial","RL","5-HT","Post-Stim",6,24,NA,-6.4994644489185
"A","trial","RL","5-HT","Post-Stim",6,25,NA,-5.68769898736866
"A","trial","RL","5-HT","Post-Stim",6,26,NA,-4.5361145471911
"A","trial","RL","5-HT","Post-Stim",6,27,NA,-5.02015018122046
"A","trial","RL","5-HT","Post-Stim",6,28,NA,-5.71139146398588
"A","trial","RL","5-HT","Post-Stim",6,29,NA,-4.899667691716
"A","trial","RL","5-HT","Post-Stim",6,30,NA,-4.6887258642647
"A","trial","RL","5-HT","Post-Stim",6,31,NA,-4.18565282564993
"A","trial","RL","5-HT","Post-Stim",6,32,NA,-5.68658522435012
"A","trial","RL","5-HT","Post-Stim",6,33,NA,-5.35961246875073
"A","trial","RL","5-HT","Post-Stim",6,34,NA,-5.66363467211825
"A","trial","RL","5-HT","Post-Stim",6,35,NA,-5.86130172229768
"A","trial","RL","5-HT","Post-Stim",6,36,NA,-6.68080597520976
"A","trial","RL","5-HT","Post-Stim",6,37,NA,-4.71707212250521
"A","trial","RL","5-HT","Post-Stim",6,38,NA,-4.67506825865693
"A","trial","RL","5-HT","Post-Stim",6,39,NA,-6.22443040097367
"A","trial","RL","5-HT","Post-Stim",6,40,NA,-5.12206738495553
"A","trial","RL","5-HT","Post-Stim",6,41,NA,-4.77566997231501
"A","trial","RL","5-HT","Post-Stim",6,42,NA,-6.14829432820488
"A","trial","RL","5-HT","Post-Stim",6,43,NA,-5.4852631173119
"A","trial","RL","5-HT","Post-Stim",6,44,NA,-5.28727111255883
"A","trial","RL","5-HT","Post-Stim",6,45,NA,-5.0283431108934
"A","trial","RL","5-HT","Post-Stim",6,46,NA,-5.85177519972235
"A","trial","RL","5-HT","Post-Stim",6,47,NA,-6.82431295416307
"A","trial","RL","5-HT","Post-Stim",6,48,NA,-6.65822685846845
"A","trial","RL","5-HT","Post-Stim",6,49,NA,-4.61197350755959
"A","trial","RL","5-HT","Post-Stim",6,50,NA,-4.59893976546071
"A","trial","RL","5-HT","Post-Stim",6,51,NA,-5.34525586490958
"A","trial","RL","5-HT","Post-Stim",6,52,NA,-5.21896632666936
"A","trial","RL","5-HT","Post-Stim",6,53,NA,-5.08486364787596
"A","trial","RL","5-HT","Post-Stim",6,54,NA,-5.12461338346307
"A","trial","RL","5-HT","Post-Stim",6,55,NA,-5.12914278804105
"A","trial","RL","5-HT","Post-Stim",6,56,NA,-5.61336756241273
"A","trial","RL","5-HT","Post-Stim",6,57,NA,-4.95549107752855
"A","trial","RL","5-HT","Post-Stim",6,58,NA,-4.26477769180516
"A","trial","RL","5-HT","Post-Stim",6,59,NA,-4.85043536423486
"A","trial","RL","5-HT","Post-Stim",6,60,NA,-3.37219405894433
"A","trial","RL","5-HT","Post-Stim",6,61,NA,-5.21353420839054
"A","trial","RL","5-HT","Post-Stim",6,62,NA,-5.59185423149724
"A","trial","RL","5-HT","Post-Stim",6,63,NA,-4.86848773604427
"A","trial","RL","5-HT","Post-Stim",6,64,NA,-4.53233169174789
"A","trial","RL","5-HT","Post-Stim",6,65,NA,-4.07761791943286
"A","trial","RL","5-HT","Post-Stim",6,66,NA,-4.98904326717923
"A","trial","RL","5-HT","Post-Stim",6,67,NA,-4.60273819447612
"A","trial","RL","5-HT","Post-Stim",6,68,NA,-4.23533612156092
"A","trial","RL","5-HT","Post-Stim",6,69,NA,-6.21812449392022
"A","trial","RL","5-HT","Post-Stim",6,70,NA,-5.5058002376046
"A","trial","RL","5-HT","Post-Stim",6,71,NA,-4.57569116578463
"A","trial","RL","5-HT","Post-Stim",6,72,NA,-4.88099200532231
"A","trial","RL","5-HT","Post-Stim",6,73,NA,-5.84148271706945
"A","trial","RL","5-HT","Post-Stim",6,74,NA,-5.59498421793198
"A","trial","RL","5-HT","Post-Stim",6,75,NA,-4.93739633338157
"A","trial","RL","5-HT","Post-Stim",6,76,NA,-3.69701151622364
"A","trial","RL","5-HT","Post-Stim",6,77,NA,-4.78353588579454
"A","trial","RL","5-HT","Post-Stim",6,78,NA,-3.79361655799142
"A","trial","RL","5-HT","Post-Stim",6,79,NA,-5.42645138554483
"A","trial","RL","5-HT","Post-Stim",6,80,NA,-5.20352759295188
"A","trial","RL","5-HT","Post-Stim",6,81,NA,-4.4157918909636
"A","trial","RL","5-HT","Post-Stim",6,82,NA,-3.35984964132054
"A","trial","RL","5-HT","Post-Stim",6,83,NA,-5.0490479101688
"A","trial","RL","5-HT","Post-Stim",6,84,NA,-4.27322452910007
"A","trial","RL","5-HT","Post-Stim",6,85,NA,-4.25725772602012
"A","trial","RL","5-HT","Post-Stim",6,86,NA,-3.20585361081238
"A","trial","RL","5-HT","Post-Stim",6,87,NA,-3.82512596101913
"A","trial","RL","5-HT","Post-Stim",6,88,NA,-3.47964648412077
"A","trial","RL","5-HT","Post-Stim",6,89,NA,-3.54713590154231
"A","trial","RL","5-HT","Post-Stim",6,90,NA,-3.74600855432092
"A","trial","RL","5-HT","Post-Stim",6,91,NA,-4.23814419123219
"A","trial","RL","5-HT","Post-Stim",6,92,NA,-4.23472532554488
"A","trial","RL","5-HT","Post-Stim",6,93,NA,-4.50689987058613
"A","trial","RL","5-HT","Post-Stim",6,94,NA,-3.69431992280066
"A","trial","RL","5-HT","Post-Stim",6,95,NA,-4.46193153601527
"A","trial","RL","5-HT","Post-Stim",6,96,NA,-4.5144415797641
"A","trial","RL","5-HT","Post-Stim",6,97,NA,-3.79501169263907
"A","trial","RL","5-HT","Post-Stim",6,98,NA,-3.19540404422386
"A","trial","RL","5-HT","Post-Stim",6,99,NA,-3.56469384504762
"A","trial","RL","5-HT","Post-Stim",6,100,NA,-3.65309468207269
"A","trial","RL","5-HT","Post-Stim",6,101,NA,-3.91564879627349
"A","trial","RL","5-HT","Post-Stim",6,102,NA,-3.5375758541028
"A","trial","RL","5-HT","Post-Stim",6,103,NA,-3.78381838001513
"A","trial","RL","5-HT","Post-Stim",6,104,NA,-4.26804701611526
"A","trial","RL","5-HT","Post-Stim",6,105,NA,-4.00761220853666
"A","trial","RL","DA","Pre-Stim",6,1,NA,-8.49092923717826
"A","trial","RL","DA","Pre-Stim",6,2,NA,-8.55659973181266
"A","trial","RL","DA","Pre-Stim",6,3,NA,-10.9117131235317
"A","trial","RL","DA","Pre-Stim",6,4,NA,-10.3403895036613
"A","trial","RL","DA","Pre-Stim",6,5,NA,-7.6783349372518
"A","trial","RL","DA","Pre-Stim",6,6,NA,-9.94783169139097
"A","trial","RL","DA","Pre-Stim",6,7,NA,-8.05852717394721
"A","trial","RL","DA","Pre-Stim",6,8,NA,-9.61188234989441
"A","trial","RL","DA","Pre-Stim",6,9,NA,-6.40872581578209
"A","trial","RL","DA","Pre-Stim",6,10,NA,-8.82175022181013
"A","trial","RL","DA","Pre-Stim",6,11,NA,-7.47179842900312
"A","trial","RL","DA","Pre-Stim",6,12,NA,-8.35409449987596
"A","trial","RL","DA","Pre-Stim",6,13,NA,-8.5391450548359
"A","trial","RL","DA","Pre-Stim",6,14,NA,-8.6428261280456
"A","trial","RL","DA","Pre-Stim",6,15,NA,-8.61718228338363
"A","trial","RL","DA","Pre-Stim",6,16,NA,-8.88454394765087
"A","trial","RL","DA","Pre-Stim",6,17,NA,-8.28346923820318
"A","trial","RL","DA","Pre-Stim",6,18,NA,-8.01040177717009
"A","trial","RL","DA","Pre-Stim",6,19,NA,-8.73144472132385
"A","trial","RL","DA","Pre-Stim",6,20,NA,-10.2773939232488
"A","trial","RL","DA","Pre-Stim",6,21,NA,-7.94545805541549
"A","trial","RL","DA","Pre-Stim",6,22,NA,-8.07550320102869
"A","trial","RL","DA","Pre-Stim",6,23,NA,-8.38175620015338
"A","trial","RL","DA","Pre-Stim",6,24,NA,-5.10353856781851
"A","trial","RL","DA","Pre-Stim",6,25,NA,-6.3058530128099
"A","trial","RL","DA","Pre-Stim",6,26,NA,-7.04186027139911
"A","trial","RL","DA","Pre-Stim",6,27,NA,-5.80931400124709
"A","trial","RL","DA","Pre-Stim",6,28,NA,-8.08042920975202
"A","trial","RL","DA","Pre-Stim",6,29,NA,-6.83736065705553
"A","trial","RL","DA","Pre-Stim",6,30,NA,-8.27917703941529
"A","trial","RL","DA","Pre-Stim",6,31,NA,-10.2565266193507
"A","trial","RL","DA","Pre-Stim",6,32,NA,-8.57914068730289
"A","trial","RL","DA","Pre-Stim",6,33,NA,-7.70742629270092
"A","trial","RL","DA","Pre-Stim",6,34,NA,-9.08445613391306
"A","trial","RL","DA","Pre-Stim",6,35,NA,-7.99136076398268
"A","trial","RL","DA","Pre-Stim",6,36,NA,-8.6599460072584
"A","trial","RL","DA","Pre-Stim",6,37,NA,-7.26388746679055
"A","trial","RL","DA","Pre-Stim",6,38,NA,-8.08008623684987
"A","trial","RL","DA","Pre-Stim",6,39,NA,-6.03333262438652
"A","trial","RL","DA","Pre-Stim",6,40,NA,-7.42144075246068
"A","trial","RL","DA","Pre-Stim",6,41,NA,-8.09750687444415
"A","trial","RL","DA","Pre-Stim",6,42,NA,-8.48736759756021
"A","trial","RL","DA","Pre-Stim",6,43,NA,-6.88971466335029
"A","trial","RL","DA","Pre-Stim",6,44,NA,-6.5600891197404
"A","trial","RL","DA","Pre-Stim",6,45,NA,-8.00727820970898
"A","trial","RL","DA","Pre-Stim",6,46,NA,-5.18393961957505
"A","trial","RL","DA","Pre-Stim",6,47,NA,-5.56038731723597
"A","trial","RL","DA","Pre-Stim",6,48,NA,-6.05879446274049
"A","trial","RL","DA","Pre-Stim",6,49,NA,-5.75084019785898
"A","trial","RL","DA","Pre-Stim",6,50,NA,-5.92191846907717
"A","trial","RL","DA","Pre-Stim",6,51,NA,-5.9689496575463
"A","trial","RL","DA","Pre-Stim",6,52,NA,-6.40540461135975
"A","trial","RL","DA","Pre-Stim",6,53,NA,-6.14495160570366
"A","trial","RL","DA","Pre-Stim",6,54,NA,-10.2700792649278
"A","trial","RL","DA","Pre-Stim",6,55,NA,-8.65179241834941
"A","trial","RL","DA","Pre-Stim",6,56,NA,-7.34585796217864
"A","trial","RL","DA","Pre-Stim",6,57,NA,-7.87155288605785
"A","trial","RL","DA","Pre-Stim",6,58,NA,-7.35710858331013
"A","trial","RL","DA","Pre-Stim",6,59,NA,-9.28642179866322
"A","trial","RL","DA","Pre-Stim",6,60,NA,-7.44895187569015
"A","trial","RL","DA","Pre-Stim",6,61,NA,-8.11522779228968
"A","trial","RL","DA","Pre-Stim",6,62,NA,-5.26575866134964
"A","trial","RL","DA","Pre-Stim",6,63,NA,-7.05963863337919
"A","trial","RL","DA","Pre-Stim",6,64,NA,-5.27380594347944
"A","trial","RL","DA","Pre-Stim",6,65,NA,-3.56583331303303
"A","trial","RL","DA","Pre-Stim",6,66,NA,-5.82690961217232
"A","trial","RL","DA","Pre-Stim",6,67,NA,-7.83687845484253
"A","trial","RL","DA","Pre-Stim",6,68,NA,-7.29676344655392
"A","trial","RL","DA","Pre-Stim",6,69,NA,-7.90341062565421
"A","trial","RL","DA","Pre-Stim",6,70,NA,-5.642910389631
"A","trial","RL","DA","Pre-Stim",6,71,NA,-7.81521789860702
"A","trial","RL","DA","Pre-Stim",6,72,NA,-5.44505134814774
"A","trial","RL","DA","Pre-Stim",6,73,NA,-7.61500631178975
"A","trial","RL","DA","Pre-Stim",6,74,NA,-6.82597686432308
"A","trial","RL","DA","Pre-Stim",6,75,NA,-8.25690642719617
"A","trial","RL","DA","Pre-Stim",6,76,NA,-5.9849998785146
"A","trial","RL","DA","Pre-Stim",6,77,NA,-5.49378724989423
"A","trial","RL","DA","Pre-Stim",6,78,NA,-6.69677493390617
"A","trial","RL","DA","Pre-Stim",6,79,NA,-5.73353762323761
"A","trial","RL","DA","Pre-Stim",6,80,NA,-6.49994022998748
"A","trial","RL","DA","Pre-Stim",6,81,NA,-6.76924784608823
"A","trial","RL","DA","Pre-Stim",6,82,NA,-6.56666021596158
"A","trial","RL","DA","Pre-Stim",6,83,NA,-6.45898386209152
"A","trial","RL","DA","Pre-Stim",6,84,NA,-5.16075097437508
"A","trial","RL","DA","Pre-Stim",6,85,NA,-8.47713286656964
"A","trial","RL","DA","Pre-Stim",6,86,NA,-7.39678805944782
"A","trial","RL","DA","Pre-Stim",6,87,NA,-8.42943196167293
"A","trial","RL","DA","Pre-Stim",6,88,NA,-4.58153306152995
"A","trial","RL","DA","Pre-Stim",6,89,NA,-7.07443831900424
"A","trial","RL","DA","Pre-Stim",6,90,NA,-4.30261864329048
"A","trial","RL","DA","Pre-Stim",6,91,NA,-4.48720629897638
"A","trial","RL","DA","Pre-Stim",6,92,NA,-3.19125226147692
"A","trial","RL","DA","Pre-Stim",6,93,NA,-4.23818930134005
"A","trial","RL","DA","Pre-Stim",6,94,NA,-8.10649592365261
"A","trial","RL","DA","Pre-Stim",6,95,NA,-4.63862569961404
"A","trial","RL","DA","Pre-Stim",6,96,NA,-3.93454206238447
"A","trial","RL","DA","Pre-Stim",6,97,NA,-2.0506506733896
"A","trial","RL","DA","Pre-Stim",6,98,NA,-4.1659177189971
"A","trial","RL","DA","Pre-Stim",6,99,NA,-3.15584137462132
"A","trial","RL","DA","Pre-Stim",6,100,NA,-3.412423632669
"A","trial","RL","DA","Pre-Stim",6,101,NA,-2.46155520281023
"A","trial","RL","DA","Pre-Stim",6,102,NA,-2.71620419216845
"A","trial","RL","DA","Pre-Stim",6,103,NA,-3.1580849154263
"A","trial","RL","DA","Pre-Stim",6,104,NA,-1.32390437555314
"A","trial","RL","DA","Pre-Stim",6,105,NA,-2.4983158466631
"A","trial","RL","5-HT","Pre-Stim",6,1,NA,5.70356346771737
"A","trial","RL","5-HT","Pre-Stim",6,2,NA,2.762004029972
"A","trial","RL","5-HT","Pre-Stim",6,3,NA,3.62541433563788
"A","trial","RL","5-HT","Pre-Stim",6,4,NA,4.15813975288956
"A","trial","RL","5-HT","Pre-Stim",6,5,NA,4.41349709149885
"A","trial","RL","5-HT","Pre-Stim",6,6,NA,3.97245984144721
"A","trial","RL","5-HT","Pre-Stim",6,7,NA,4.85363380593274
"A","trial","RL","5-HT","Pre-Stim",6,8,NA,5.4532181761759
"A","trial","RL","5-HT","Pre-Stim",6,9,NA,8.82199778181428
"A","trial","RL","5-HT","Pre-Stim",6,10,NA,7.88572419554696
"A","trial","RL","5-HT","Pre-Stim",6,11,NA,8.16082132364687
"A","trial","RL","5-HT","Pre-Stim",6,12,NA,2.83049073562864
"A","trial","RL","5-HT","Pre-Stim",6,13,NA,8.05301138265793
"A","trial","RL","5-HT","Pre-Stim",6,14,NA,6.64785993167265
"A","trial","RL","5-HT","Pre-Stim",6,15,NA,6.31360269187868
"A","trial","RL","5-HT","Pre-Stim",6,16,NA,5.24834384355544
"A","trial","RL","5-HT","Pre-Stim",6,17,NA,10.0528928173074
"A","trial","RL","5-HT","Pre-Stim",6,18,NA,6.66861941711604
"A","trial","RL","5-HT","Pre-Stim",6,19,NA,7.3387053751021
"A","trial","RL","5-HT","Pre-Stim",6,20,NA,4.45414233415443
"A","trial","RL","5-HT","Pre-Stim",6,21,NA,7.34640134701301
"A","trial","RL","5-HT","Pre-Stim",6,22,NA,6.15903560263504
"A","trial","RL","5-HT","Pre-Stim",6,23,NA,5.53934977979336
"A","trial","RL","5-HT","Pre-Stim",6,24,NA,7.73910995730254
"A","trial","RL","5-HT","Pre-Stim",6,25,NA,5.33703465740339
"A","trial","RL","5-HT","Pre-Stim",6,26,NA,5.91120421065535
"A","trial","RL","5-HT","Pre-Stim",6,27,NA,7.41372083630883
"A","trial","RL","5-HT","Pre-Stim",6,28,NA,7.05236872432317
"A","trial","RL","5-HT","Pre-Stim",6,29,NA,4.32941272363922
"A","trial","RL","5-HT","Pre-Stim",6,30,NA,7.35075134032277
"A","trial","RL","5-HT","Pre-Stim",6,31,NA,7.42248018312097
"A","trial","RL","5-HT","Pre-Stim",6,32,NA,4.98436175212625
"A","trial","RL","5-HT","Pre-Stim",6,33,NA,9.88544549534628
"A","trial","RL","5-HT","Pre-Stim",6,34,NA,7.26661978526362
"A","trial","RL","5-HT","Pre-Stim",6,35,NA,6.35631569364269
"A","trial","RL","5-HT","Pre-Stim",6,36,NA,5.58846698280492
"A","trial","RL","5-HT","Pre-Stim",6,37,NA,7.52561024425969
"A","trial","RL","5-HT","Pre-Stim",6,38,NA,10.1146740033016
"A","trial","RL","5-HT","Pre-Stim",6,39,NA,6.28349616821875
"A","trial","RL","5-HT","Pre-Stim",6,40,NA,5.99998374153054
"A","trial","RL","5-HT","Pre-Stim",6,41,NA,8.96678490147711
"A","trial","RL","5-HT","Pre-Stim",6,42,NA,5.99885083020366
"A","trial","RL","5-HT","Pre-Stim",6,43,NA,7.38912571639144
"A","trial","RL","5-HT","Pre-Stim",6,44,NA,5.35351817870337
"A","trial","RL","5-HT","Pre-Stim",6,45,NA,6.25497530181187
"A","trial","RL","5-HT","Pre-Stim",6,46,NA,6.22151422358817
"A","trial","RL","5-HT","Pre-Stim",6,47,NA,4.95471585432286
"A","trial","RL","5-HT","Pre-Stim",6,48,NA,5.68018224559461
"A","trial","RL","5-HT","Pre-Stim",6,49,NA,8.37582025858642
"A","trial","RL","5-HT","Pre-Stim",6,50,NA,7.0598853718441
"A","trial","RL","5-HT","Pre-Stim",6,51,NA,6.23330981355019
"A","trial","RL","5-HT","Pre-Stim",6,52,NA,10.0939279731374
"A","trial","RL","5-HT","Pre-Stim",6,53,NA,8.39710917014821
"A","trial","RL","5-HT","Pre-Stim",6,54,NA,9.9992714966521
"A","trial","RL","5-HT","Pre-Stim",6,55,NA,9.80337578659701
"A","trial","RL","5-HT","Pre-Stim",6,56,NA,10.8281643600187
"A","trial","RL","5-HT","Pre-Stim",6,57,NA,7.11315142187453
"A","trial","RL","5-HT","Pre-Stim",6,58,NA,6.97388472940756
"A","trial","RL","5-HT","Pre-Stim",6,59,NA,11.3761199705216
"A","trial","RL","5-HT","Pre-Stim",6,60,NA,8.52060524396085
"A","trial","RL","5-HT","Pre-Stim",6,61,NA,4.44976054214589
"A","trial","RL","5-HT","Pre-Stim",6,62,NA,9.36148377328109
"A","trial","RL","5-HT","Pre-Stim",6,63,NA,6.51899774193615
"A","trial","RL","5-HT","Pre-Stim",6,64,NA,9.29444389985328
"A","trial","RL","5-HT","Pre-Stim",6,65,NA,11.2721851339788
"A","trial","RL","5-HT","Pre-Stim",6,66,NA,8.07967854570178
"A","trial","RL","5-HT","Pre-Stim",6,67,NA,7.02295696960765
"A","trial","RL","5-HT","Pre-Stim",6,68,NA,7.13168171328236
"A","trial","RL","5-HT","Pre-Stim",6,69,NA,7.15355672314459
"A","trial","RL","5-HT","Pre-Stim",6,70,NA,6.67697321906321
"A","trial","RL","5-HT","Pre-Stim",6,71,NA,6.3967643968871
"A","trial","RL","5-HT","Pre-Stim",6,72,NA,8.40212741348473
"A","trial","RL","5-HT","Pre-Stim",6,73,NA,8.60501320571798
"A","trial","RL","5-HT","Pre-Stim",6,74,NA,10.1787086830268
"A","trial","RL","5-HT","Pre-Stim",6,75,NA,9.39998994513495
"A","trial","RL","5-HT","Pre-Stim",6,76,NA,7.83990566525883
"A","trial","RL","5-HT","Pre-Stim",6,77,NA,4.90207798384772
"A","trial","RL","5-HT","Pre-Stim",6,78,NA,6.75201481082292
"A","trial","RL","5-HT","Pre-Stim",6,79,NA,9.42953021823338
"A","trial","RL","5-HT","Pre-Stim",6,80,NA,13.3690972468362
"A","trial","RL","5-HT","Pre-Stim",6,81,NA,7.40797414414698
"A","trial","RL","5-HT","Pre-Stim",6,82,NA,6.81494296270221
"A","trial","RL","5-HT","Pre-Stim",6,83,NA,7.40114808620822
"A","trial","RL","5-HT","Pre-Stim",6,84,NA,8.15754885406331
"A","trial","RL","5-HT","Pre-Stim",6,85,NA,4.10495819709036
"A","trial","RL","5-HT","Pre-Stim",6,86,NA,5.18882313085031
"A","trial","RL","5-HT","Pre-Stim",6,87,NA,7.02339671742397
"A","trial","RL","5-HT","Pre-Stim",6,88,NA,6.30190913130916
"A","trial","RL","5-HT","Pre-Stim",6,89,NA,7.456212570814
"A","trial","RL","5-HT","Pre-Stim",6,90,NA,8.60969978762648
"A","trial","RL","5-HT","Pre-Stim",6,91,NA,7.67002943232678
"A","trial","RL","5-HT","Pre-Stim",6,92,NA,5.17611664865336
"A","trial","RL","5-HT","Pre-Stim",6,93,NA,8.6101369366713
"A","trial","RL","5-HT","Pre-Stim",6,94,NA,9.92803582387673
"A","trial","RL","5-HT","Pre-Stim",6,95,NA,9.20872455122014
"A","trial","RL","5-HT","Pre-Stim",6,96,NA,6.53174576822733
"A","trial","RL","5-HT","Pre-Stim",6,97,NA,4.56339581348084
"A","trial","RL","5-HT","Pre-Stim",6,98,NA,2.25381434035358
"A","trial","RL","5-HT","Pre-Stim",6,99,NA,3.69091946804185
"A","trial","RL","5-HT","Pre-Stim",6,100,NA,1.85638836271806
"A","trial","RL","5-HT","Pre-Stim",6,101,NA,2.73309908205049
"A","trial","RL","5-HT","Pre-Stim",6,102,NA,2.3395960194947
"A","trial","RL","5-HT","Pre-Stim",6,103,NA,1.12709695270398
"A","trial","RL","5-HT","Pre-Stim",6,104,NA,1.91233760699135
"A","trial","RL","5-HT","Pre-Stim",6,105,NA,2.52963836626801
"A","trial","RL","DA","Post-Stim",7,1,NA,-0.291203868224478
"A","trial","RL","DA","Post-Stim",7,2,NA,5.48001741728516
"A","trial","RL","DA","Post-Stim",7,3,NA,-2.71115612673901
"A","trial","RL","DA","Post-Stim",7,4,NA,-2.18531595275814
"A","trial","RL","DA","Post-Stim",7,5,NA,2.44990620827358
"A","trial","RL","DA","Post-Stim",7,6,NA,1.41979200362589
"A","trial","RL","DA","Post-Stim",7,7,NA,0.951287385898957
"A","trial","RL","DA","Post-Stim",7,8,NA,4.02153952820629
"A","trial","RL","DA","Post-Stim",7,9,NA,1.14003570340066
"A","trial","RL","DA","Post-Stim",7,10,NA,0.638624985500351
"A","trial","RL","DA","Post-Stim",7,11,NA,0.203951186435313
"A","trial","RL","DA","Post-Stim",7,12,NA,-3.6033909639916
"A","trial","RL","DA","Post-Stim",7,13,NA,-1.59355451352511
"A","trial","RL","DA","Post-Stim",7,14,NA,-1.62554433717392
"A","trial","RL","DA","Post-Stim",7,15,NA,4.66815561994109
"A","trial","RL","DA","Post-Stim",7,16,NA,-3.65113439301792
"A","trial","RL","DA","Post-Stim",7,17,NA,-6.90515752291485
"A","trial","RL","DA","Post-Stim",7,18,NA,-3.97884453554005
"A","trial","RL","DA","Post-Stim",7,19,NA,2.28213633514624
"A","trial","RL","DA","Post-Stim",7,20,NA,-0.614378504432362
"A","trial","RL","DA","Post-Stim",7,21,NA,-1.34181260258171
"A","trial","RL","DA","Post-Stim",7,22,NA,-3.58905070947558
"A","trial","RL","DA","Post-Stim",7,23,NA,-6.92194747641275
"A","trial","RL","DA","Post-Stim",7,24,NA,2.04124301697246
"A","trial","RL","DA","Post-Stim",7,25,NA,-0.539644142327219
"A","trial","RL","DA","Post-Stim",7,26,NA,-1.98291959770527
"A","trial","RL","DA","Post-Stim",7,27,NA,1.80725422465899
"A","trial","RL","DA","Post-Stim",7,28,NA,-1.41678645046168
"A","trial","RL","DA","Post-Stim",7,29,NA,-1.99335680161031
"A","trial","RL","DA","Post-Stim",7,30,NA,-1.2546839330615
"A","trial","RL","DA","Post-Stim",7,31,NA,0.371691410853146
"A","trial","RL","DA","Post-Stim",7,32,NA,-5.28975321989008
"A","trial","RL","DA","Post-Stim",7,33,NA,2.78781106650793
"A","trial","RL","DA","Post-Stim",7,34,NA,-5.3976098315285
"A","trial","RL","DA","Post-Stim",7,35,NA,1.21533816408653
"A","trial","RL","DA","Post-Stim",7,36,NA,4.59911612698428
"A","trial","RL","DA","Post-Stim",7,37,NA,5.64484422150524
"A","trial","RL","DA","Post-Stim",7,38,NA,0.778694135072405
"A","trial","RL","DA","Post-Stim",7,39,NA,-0.586548587328903
"A","trial","RL","DA","Post-Stim",7,40,NA,-1.91138740178288
"A","trial","RL","DA","Post-Stim",7,41,NA,1.40342998080335
"A","trial","RL","DA","Post-Stim",7,42,NA,-1.75225734965258
"A","trial","RL","DA","Post-Stim",7,43,NA,-6.860392391578
"A","trial","RL","DA","Post-Stim",7,44,NA,2.39614195405528
"A","trial","RL","DA","Post-Stim",7,45,NA,-7.14939200682091
"A","trial","RL","DA","Post-Stim",7,46,NA,2.35729519600793
"A","trial","RL","DA","Post-Stim",7,47,NA,-1.13574232654981
"A","trial","RL","DA","Post-Stim",7,48,NA,-2.95470846361724
"A","trial","RL","DA","Post-Stim",7,49,NA,-1.2675919435902
"A","trial","RL","DA","Post-Stim",7,50,NA,0.841610949886835
"A","trial","RL","DA","Post-Stim",7,51,NA,4.57629257296611
"A","trial","RL","DA","Post-Stim",7,52,NA,0.711686699476913
"A","trial","RL","DA","Post-Stim",7,53,NA,3.89345354777462
"A","trial","RL","DA","Post-Stim",7,54,NA,1.58512577810953
"A","trial","RL","DA","Post-Stim",7,55,NA,0.705525239161193
"A","trial","RL","DA","Post-Stim",7,56,NA,4.40241790744828
"A","trial","RL","DA","Post-Stim",7,57,NA,-0.395475982969537
"A","trial","RL","DA","Post-Stim",7,58,NA,-2.20940631040256
"A","trial","RL","DA","Post-Stim",7,59,NA,-0.719981792763874
"A","trial","RL","DA","Post-Stim",7,60,NA,-0.548981079638251
"A","trial","RL","DA","Post-Stim",7,61,NA,-3.74887200831204
"A","trial","RL","DA","Post-Stim",7,62,NA,-1.54680362859657
"A","trial","RL","DA","Post-Stim",7,63,NA,-3.09228568564875
"A","trial","RL","DA","Post-Stim",7,64,NA,1.55357183498567
"A","trial","RL","DA","Post-Stim",7,65,NA,2.30679403940057
"A","trial","RL","DA","Post-Stim",7,66,NA,-3.31959832125792
"A","trial","RL","DA","Post-Stim",7,67,NA,-4.85434689755531
"A","trial","RL","DA","Post-Stim",7,68,NA,-1.31362183283182
"A","trial","RL","DA","Post-Stim",7,69,NA,-6.82433203635553
"A","trial","RL","DA","Post-Stim",7,70,NA,5.65919922719539
"A","trial","RL","DA","Post-Stim",7,71,NA,-2.8952586705492
"A","trial","RL","DA","Post-Stim",7,72,NA,-0.0252155072291381
"A","trial","RL","DA","Post-Stim",7,73,NA,-5.28482070063526
"A","trial","RL","DA","Post-Stim",7,74,NA,-1.56150059874586
"A","trial","RL","DA","Post-Stim",7,75,NA,-5.40284966083964
"A","trial","RL","DA","Post-Stim",7,76,NA,5.29921056650625
"A","trial","RL","DA","Post-Stim",7,77,NA,-2.52671091548244
"A","trial","RL","DA","Post-Stim",7,78,NA,-4.31947456932651
"A","trial","RL","DA","Post-Stim",7,79,NA,3.90737164722133
"A","trial","RL","DA","Post-Stim",7,80,NA,4.81240776878235
"A","trial","RL","DA","Post-Stim",7,81,NA,4.44579754320264
"A","trial","RL","DA","Post-Stim",7,82,NA,2.97956358809441
"A","trial","RL","DA","Post-Stim",7,83,NA,-1.94624029702726
"A","trial","RL","DA","Post-Stim",7,84,NA,-1.39538670596597
"A","trial","RL","DA","Post-Stim",7,85,NA,-0.232157830925572
"A","trial","RL","DA","Post-Stim",7,86,NA,-3.00037886919713
"A","trial","RL","DA","Post-Stim",7,87,NA,6.22473710632547
"A","trial","RL","DA","Post-Stim",7,88,NA,2.78622332252641
"A","trial","RL","DA","Post-Stim",7,89,NA,-4.41847379561124
"A","trial","RL","DA","Post-Stim",7,90,NA,-5.62228502436245
"A","trial","RL","DA","Post-Stim",7,91,NA,-4.30977953735946
"A","trial","RL","DA","Post-Stim",7,92,NA,-1.46667232535386
"A","trial","RL","DA","Post-Stim",7,93,NA,-0.795924486662374
"A","trial","RL","DA","Post-Stim",7,94,NA,-1.07088882810991
"A","trial","RL","DA","Post-Stim",7,95,NA,2.31218121145367
"A","trial","RL","DA","Post-Stim",7,96,NA,2.53837980016224
"A","trial","RL","DA","Post-Stim",7,97,NA,4.30335441234458
"A","trial","RL","DA","Post-Stim",7,98,NA,-0.197623042204425
"A","trial","RL","DA","Post-Stim",7,99,NA,-1.29559057669992
"A","trial","RL","DA","Post-Stim",7,100,NA,-4.25863163032661
"A","trial","RL","DA","Post-Stim",7,101,NA,0.437894279644405
"A","trial","RL","DA","Post-Stim",7,102,NA,-3.22898732821559
"A","trial","RL","DA","Post-Stim",7,103,NA,-1.76648625315009
"A","trial","RL","DA","Post-Stim",7,104,NA,-0.767185474546653
"A","trial","RL","DA","Post-Stim",7,105,NA,-3.90112103608434
"A","trial","RL","5-HT","Post-Stim",7,1,NA,3.082946926888
"A","trial","RL","5-HT","Post-Stim",7,2,NA,3.18769778308165
"A","trial","RL","5-HT","Post-Stim",7,3,NA,1.93781681194691
"A","trial","RL","5-HT","Post-Stim",7,4,NA,3.97739799237763
"A","trial","RL","5-HT","Post-Stim",7,5,NA,5.00435245235064
"A","trial","RL","5-HT","Post-Stim",7,6,NA,7.26877877987384
"A","trial","RL","5-HT","Post-Stim",7,7,NA,3.93910298952217
"A","trial","RL","5-HT","Post-Stim",7,8,NA,3.4315549086781
"A","trial","RL","5-HT","Post-Stim",7,9,NA,0.987805225140656
"A","trial","RL","5-HT","Post-Stim",7,10,NA,2.41000581814344
"A","trial","RL","5-HT","Post-Stim",7,11,NA,2.8263306734325
"A","trial","RL","5-HT","Post-Stim",7,12,NA,1.82746248791258
"A","trial","RL","5-HT","Post-Stim",7,13,NA,3.72988068927609
"A","trial","RL","5-HT","Post-Stim",7,14,NA,3.14537334561178
"A","trial","RL","5-HT","Post-Stim",7,15,NA,1.84977701898598
"A","trial","RL","5-HT","Post-Stim",7,16,NA,3.51600584251735
"A","trial","RL","5-HT","Post-Stim",7,17,NA,3.87069850524919
"A","trial","RL","5-HT","Post-Stim",7,18,NA,4.73018897367657
"A","trial","RL","5-HT","Post-Stim",7,19,NA,4.32380796826257
"A","trial","RL","5-HT","Post-Stim",7,20,NA,5.11258225588295
"A","trial","RL","5-HT","Post-Stim",7,21,NA,3.84399186357414
"A","trial","RL","5-HT","Post-Stim",7,22,NA,5.82220581250186
"A","trial","RL","5-HT","Post-Stim",7,23,NA,5.35307611112363
"A","trial","RL","5-HT","Post-Stim",7,24,NA,6.6850741253961
"A","trial","RL","5-HT","Post-Stim",7,25,NA,6.22816533156128
"A","trial","RL","5-HT","Post-Stim",7,26,NA,4.01110822115215
"A","trial","RL","5-HT","Post-Stim",7,27,NA,4.06876692580109
"A","trial","RL","5-HT","Post-Stim",7,28,NA,5.34849740001341
"A","trial","RL","5-HT","Post-Stim",7,29,NA,3.42471622072078
"A","trial","RL","5-HT","Post-Stim",7,30,NA,7.743249641386
"A","trial","RL","5-HT","Post-Stim",7,31,NA,4.19950213893862
"A","trial","RL","5-HT","Post-Stim",7,32,NA,7.40439296698198
"A","trial","RL","5-HT","Post-Stim",7,33,NA,4.38493134427655
"A","trial","RL","5-HT","Post-Stim",7,34,NA,2.67802782701661
"A","trial","RL","5-HT","Post-Stim",7,35,NA,8.79083885510594
"A","trial","RL","5-HT","Post-Stim",7,36,NA,5.57814299727611
"A","trial","RL","5-HT","Post-Stim",7,37,NA,4.57994450524302
"A","trial","RL","5-HT","Post-Stim",7,38,NA,4.54753252695711
"A","trial","RL","5-HT","Post-Stim",7,39,NA,6.88575431602955
"A","trial","RL","5-HT","Post-Stim",7,40,NA,7.27734716645369
"A","trial","RL","5-HT","Post-Stim",7,41,NA,7.5467406063483
"A","trial","RL","5-HT","Post-Stim",7,42,NA,7.06323089227678
"A","trial","RL","5-HT","Post-Stim",7,43,NA,5.30750037478106
"A","trial","RL","5-HT","Post-Stim",7,44,NA,4.88090481792902
"A","trial","RL","5-HT","Post-Stim",7,45,NA,4.24222387490419
"A","trial","RL","5-HT","Post-Stim",7,46,NA,6.01203688261476
"A","trial","RL","5-HT","Post-Stim",7,47,NA,9.33261036498714
"A","trial","RL","5-HT","Post-Stim",7,48,NA,7.32542971772064
"A","trial","RL","5-HT","Post-Stim",7,49,NA,5.52777195742648
"A","trial","RL","5-HT","Post-Stim",7,50,NA,5.50592963188068
"A","trial","RL","5-HT","Post-Stim",7,51,NA,6.42939184727714
"A","trial","RL","5-HT","Post-Stim",7,52,NA,7.89238076454259
"A","trial","RL","5-HT","Post-Stim",7,53,NA,6.59275191994438
"A","trial","RL","5-HT","Post-Stim",7,54,NA,4.06077632591207
"A","trial","RL","5-HT","Post-Stim",7,55,NA,5.72009377850323
"A","trial","RL","5-HT","Post-Stim",7,56,NA,6.44055133018393
"A","trial","RL","5-HT","Post-Stim",7,57,NA,6.56388992087819
"A","trial","RL","5-HT","Post-Stim",7,58,NA,8.34275477201483
"A","trial","RL","5-HT","Post-Stim",7,59,NA,6.21959275963504
"A","trial","RL","5-HT","Post-Stim",7,60,NA,4.15734926419991
"A","trial","RL","5-HT","Post-Stim",7,61,NA,5.76339213559902
"A","trial","RL","5-HT","Post-Stim",7,62,NA,8.47947428864455
"A","trial","RL","5-HT","Post-Stim",7,63,NA,8.40158355591844
"A","trial","RL","5-HT","Post-Stim",7,64,NA,7.35754953390794
"A","trial","RL","5-HT","Post-Stim",7,65,NA,8.35114766068834
"A","trial","RL","5-HT","Post-Stim",7,66,NA,5.46247966956338
"A","trial","RL","5-HT","Post-Stim",7,67,NA,9.47501540486881
"A","trial","RL","5-HT","Post-Stim",7,68,NA,5.97785818145012
"A","trial","RL","5-HT","Post-Stim",7,69,NA,6.05735721546747
"A","trial","RL","5-HT","Post-Stim",7,70,NA,9.68734142342091
"A","trial","RL","5-HT","Post-Stim",7,71,NA,9.00222789311921
"A","trial","RL","5-HT","Post-Stim",7,72,NA,4.63001966273768
"A","trial","RL","5-HT","Post-Stim",7,73,NA,6.62733692236355
"A","trial","RL","5-HT","Post-Stim",7,74,NA,8.58523825528529
"A","trial","RL","5-HT","Post-Stim",7,75,NA,5.37043308317923
"A","trial","RL","5-HT","Post-Stim",7,76,NA,4.75453632642563
"A","trial","RL","5-HT","Post-Stim",7,77,NA,7.2486536062678
"A","trial","RL","5-HT","Post-Stim",7,78,NA,10.5231410718206
"A","trial","RL","5-HT","Post-Stim",7,79,NA,8.23553762891816
"A","trial","RL","5-HT","Post-Stim",7,80,NA,9.70618956790228
"A","trial","RL","5-HT","Post-Stim",7,81,NA,6.09825628479041
"A","trial","RL","5-HT","Post-Stim",7,82,NA,4.27324931775227
"A","trial","RL","5-HT","Post-Stim",7,83,NA,5.7925312210641
"A","trial","RL","5-HT","Post-Stim",7,84,NA,7.00476741023138
"A","trial","RL","5-HT","Post-Stim",7,85,NA,4.80093396292974
"A","trial","RL","5-HT","Post-Stim",7,86,NA,5.5728981218345
"A","trial","RL","5-HT","Post-Stim",7,87,NA,4.72284022599555
"A","trial","RL","5-HT","Post-Stim",7,88,NA,5.33137744757757
"A","trial","RL","5-HT","Post-Stim",7,89,NA,8.2047510720217
"A","trial","RL","5-HT","Post-Stim",7,90,NA,8.40651004783888
"A","trial","RL","5-HT","Post-Stim",7,91,NA,9.97344548208696
"A","trial","RL","5-HT","Post-Stim",7,92,NA,10.2695101371709
"A","trial","RL","5-HT","Post-Stim",7,93,NA,9.02404202208014
"A","trial","RL","5-HT","Post-Stim",7,94,NA,10.1302458080331
"A","trial","RL","5-HT","Post-Stim",7,95,NA,7.62865728700766
"A","trial","RL","5-HT","Post-Stim",7,96,NA,8.54324294321517
"A","trial","RL","5-HT","Post-Stim",7,97,NA,8.62302797888819
"A","trial","RL","5-HT","Post-Stim",7,98,NA,10.5392906750007
"A","trial","RL","5-HT","Post-Stim",7,99,NA,11.9552098880563
"A","trial","RL","5-HT","Post-Stim",7,100,NA,7.58582328474467
"A","trial","RL","5-HT","Post-Stim",7,101,NA,10.1131629970093
"A","trial","RL","5-HT","Post-Stim",7,102,NA,10.2661604204925
"A","trial","RL","5-HT","Post-Stim",7,103,NA,11.5452441110685
"A","trial","RL","5-HT","Post-Stim",7,104,NA,13.2230483696563
"A","trial","RL","5-HT","Post-Stim",7,105,NA,11.7840517853885
"A","trial","RL","DA","Pre-Stim",7,1,NA,23.3826687399631
"A","trial","RL","DA","Pre-Stim",7,2,NA,18.8676473721867
"A","trial","RL","DA","Pre-Stim",7,3,NA,19.2575044129421
"A","trial","RL","DA","Pre-Stim",7,4,NA,16.0370467616217
"A","trial","RL","DA","Pre-Stim",7,5,NA,17.9822971196697
"A","trial","RL","DA","Pre-Stim",7,6,NA,14.5912687444671
"A","trial","RL","DA","Pre-Stim",7,7,NA,17.2790180107836
"A","trial","RL","DA","Pre-Stim",7,8,NA,13.1438083575703
"A","trial","RL","DA","Pre-Stim",7,9,NA,12.5016587148668
"A","trial","RL","DA","Pre-Stim",7,10,NA,8.73562872412754
"A","trial","RL","DA","Pre-Stim",7,11,NA,9.78728960480704
"A","trial","RL","DA","Pre-Stim",7,12,NA,5.78410698153129
"A","trial","RL","DA","Pre-Stim",7,13,NA,5.86408446551255
"A","trial","RL","DA","Pre-Stim",7,14,NA,4.58848250562179
"A","trial","RL","DA","Pre-Stim",7,15,NA,4.34700960272753
"A","trial","RL","DA","Pre-Stim",7,16,NA,0.673508000738956
"A","trial","RL","DA","Pre-Stim",7,17,NA,2.68084370167088
"A","trial","RL","DA","Pre-Stim",7,18,NA,3.90841107401647
"A","trial","RL","DA","Pre-Stim",7,19,NA,2.45365656919122
"A","trial","RL","DA","Pre-Stim",7,20,NA,7.64730484437028
"A","trial","RL","DA","Pre-Stim",7,21,NA,1.00157328472141
"A","trial","RL","DA","Pre-Stim",7,22,NA,2.58339105991214
"A","trial","RL","DA","Pre-Stim",7,23,NA,2.3010753221719
"A","trial","RL","DA","Pre-Stim",7,24,NA,0.596583808854359
"A","trial","RL","DA","Pre-Stim",7,25,NA,0.382028336002054
"A","trial","RL","DA","Pre-Stim",7,26,NA,-0.290236309566014
"A","trial","RL","DA","Pre-Stim",7,27,NA,-2.00741283106182
"A","trial","RL","DA","Pre-Stim",7,28,NA,-3.88277557630104
"A","trial","RL","DA","Pre-Stim",7,29,NA,-0.0930062060686253
"A","trial","RL","DA","Pre-Stim",7,30,NA,-0.942243083434878
"A","trial","RL","DA","Pre-Stim",7,31,NA,2.52172459692109
"A","trial","RL","DA","Pre-Stim",7,32,NA,-0.37421987751607
"A","trial","RL","DA","Pre-Stim",7,33,NA,2.98527522848888
"A","trial","RL","DA","Pre-Stim",7,34,NA,0.0822756832541657
"A","trial","RL","DA","Pre-Stim",7,35,NA,1.73627986083659
"A","trial","RL","DA","Pre-Stim",7,36,NA,-1.6448520228555
"A","trial","RL","DA","Pre-Stim",7,37,NA,-3.08837551031791
"A","trial","RL","DA","Pre-Stim",7,38,NA,-0.251082917334689
"A","trial","RL","DA","Pre-Stim",7,39,NA,-1.20375130802495
"A","trial","RL","DA","Pre-Stim",7,40,NA,-1.5712269066023
"A","trial","RL","DA","Pre-Stim",7,41,NA,-0.740704435758982
"A","trial","RL","DA","Pre-Stim",7,42,NA,-0.50662629322602
"A","trial","RL","DA","Pre-Stim",7,43,NA,-0.54878658598307
"A","trial","RL","DA","Pre-Stim",7,44,NA,-3.46554127568209
"A","trial","RL","DA","Pre-Stim",7,45,NA,-0.475773255629167
"A","trial","RL","DA","Pre-Stim",7,46,NA,-1.46221674262577
"A","trial","RL","DA","Pre-Stim",7,47,NA,-0.514729453759544
"A","trial","RL","DA","Pre-Stim",7,48,NA,-4.78374454307906
"A","trial","RL","DA","Pre-Stim",7,49,NA,-2.86838553722166
"A","trial","RL","DA","Pre-Stim",7,50,NA,-2.40522291893643
"A","trial","RL","DA","Pre-Stim",7,51,NA,-0.299913151093527
"A","trial","RL","DA","Pre-Stim",7,52,NA,-3.01763370142211
"A","trial","RL","DA","Pre-Stim",7,53,NA,-1.27217458293462
"A","trial","RL","DA","Pre-Stim",7,54,NA,-2.91731286581926
"A","trial","RL","DA","Pre-Stim",7,55,NA,-4.65449681436423
"A","trial","RL","DA","Pre-Stim",7,56,NA,-1.10709872761955
"A","trial","RL","DA","Pre-Stim",7,57,NA,-2.0897872596712
"A","trial","RL","DA","Pre-Stim",7,58,NA,-2.22871150158748
"A","trial","RL","DA","Pre-Stim",7,59,NA,-4.04985800919908
"A","trial","RL","DA","Pre-Stim",7,60,NA,-2.56607419903175
"A","trial","RL","DA","Pre-Stim",7,61,NA,-3.91124616978452
"A","trial","RL","DA","Pre-Stim",7,62,NA,-2.0904751360027
"A","trial","RL","DA","Pre-Stim",7,63,NA,-6.28748181960677
"A","trial","RL","DA","Pre-Stim",7,64,NA,-7.00032335734219
"A","trial","RL","DA","Pre-Stim",7,65,NA,-2.53665400450028
"A","trial","RL","DA","Pre-Stim",7,66,NA,-3.39726783383799
"A","trial","RL","DA","Pre-Stim",7,67,NA,-7.3824911886766
"A","trial","RL","DA","Pre-Stim",7,68,NA,-6.66544244854062
"A","trial","RL","DA","Pre-Stim",7,69,NA,-3.35736753998866
"A","trial","RL","DA","Pre-Stim",7,70,NA,-1.10645267738824
"A","trial","RL","DA","Pre-Stim",7,71,NA,-5.91480149769047
"A","trial","RL","DA","Pre-Stim",7,72,NA,-4.75007358415834
"A","trial","RL","DA","Pre-Stim",7,73,NA,-2.25101947127926
"A","trial","RL","DA","Pre-Stim",7,74,NA,-5.21993116788605
"A","trial","RL","DA","Pre-Stim",7,75,NA,-5.92333497529371
"A","trial","RL","DA","Pre-Stim",7,76,NA,-3.77430314114654
"A","trial","RL","DA","Pre-Stim",7,77,NA,-5.55620376242527
"A","trial","RL","DA","Pre-Stim",7,78,NA,-6.36061662281983
"A","trial","RL","DA","Pre-Stim",7,79,NA,-4.82758610358185
"A","trial","RL","DA","Pre-Stim",7,80,NA,-7.10756687273507
"A","trial","RL","DA","Pre-Stim",7,81,NA,-3.98286248558531
"A","trial","RL","DA","Pre-Stim",7,82,NA,-3.8459930565347
"A","trial","RL","DA","Pre-Stim",7,83,NA,-3.45072518364311
"A","trial","RL","DA","Pre-Stim",7,84,NA,-0.118180248515995
"A","trial","RL","DA","Pre-Stim",7,85,NA,-0.394418862467892
"A","trial","RL","DA","Pre-Stim",7,86,NA,-5.51222856984905
"A","trial","RL","DA","Pre-Stim",7,87,NA,-2.44900898675023
"A","trial","RL","DA","Pre-Stim",7,88,NA,-6.73629607581581
"A","trial","RL","DA","Pre-Stim",7,89,NA,-6.24690539722845
"A","trial","RL","DA","Pre-Stim",7,90,NA,-0.275914752596612
"A","trial","RL","DA","Pre-Stim",7,91,NA,-4.73819138320225
"A","trial","RL","DA","Pre-Stim",7,92,NA,-5.1010853116165
"A","trial","RL","DA","Pre-Stim",7,93,NA,-1.11544853451635
"A","trial","RL","DA","Pre-Stim",7,94,NA,-3.83906498540773
"A","trial","RL","DA","Pre-Stim",7,95,NA,-3.38197875063796
"A","trial","RL","DA","Pre-Stim",7,96,NA,-4.02420215305263
"A","trial","RL","DA","Pre-Stim",7,97,NA,-3.5958248124507
"A","trial","RL","DA","Pre-Stim",7,98,NA,-3.28951516731521
"A","trial","RL","DA","Pre-Stim",7,99,NA,-4.41351715468027
"A","trial","RL","DA","Pre-Stim",7,100,NA,-2.34282146083282
"A","trial","RL","DA","Pre-Stim",7,101,NA,-4.75768173256593
"A","trial","RL","DA","Pre-Stim",7,102,NA,-4.30331117989715
"A","trial","RL","DA","Pre-Stim",7,103,NA,-5.38635912078102
"A","trial","RL","DA","Pre-Stim",7,104,NA,-5.31974337638234
"A","trial","RL","DA","Pre-Stim",7,105,NA,-0.546130540225588
"A","trial","RL","5-HT","Pre-Stim",7,1,NA,-2.5019567728588
"A","trial","RL","5-HT","Pre-Stim",7,2,NA,-0.884308226984516
"A","trial","RL","5-HT","Pre-Stim",7,3,NA,-3.33510330230662
"A","trial","RL","5-HT","Pre-Stim",7,4,NA,-3.52905920152923
"A","trial","RL","5-HT","Pre-Stim",7,5,NA,-5.86168829802189
"A","trial","RL","5-HT","Pre-Stim",7,6,NA,-3.23980441164885
"A","trial","RL","5-HT","Pre-Stim",7,7,NA,-6.09901126487508
"A","trial","RL","5-HT","Pre-Stim",7,8,NA,-4.84696695180342
"A","trial","RL","5-HT","Pre-Stim",7,9,NA,-5.34652708031955
"A","trial","RL","5-HT","Pre-Stim",7,10,NA,-7.11185246976996
"A","trial","RL","5-HT","Pre-Stim",7,11,NA,-6.05736782595381
"A","trial","RL","5-HT","Pre-Stim",7,12,NA,-9.11114326494654
"A","trial","RL","5-HT","Pre-Stim",7,13,NA,-8.24048275852278
"A","trial","RL","5-HT","Pre-Stim",7,14,NA,-7.55554560164591
"A","trial","RL","5-HT","Pre-Stim",7,15,NA,-6.70452250857277
"A","trial","RL","5-HT","Pre-Stim",7,16,NA,-7.06339887971937
"A","trial","RL","5-HT","Pre-Stim",7,17,NA,-8.39429191485898
"A","trial","RL","5-HT","Pre-Stim",7,18,NA,-7.66656261125451
"A","trial","RL","5-HT","Pre-Stim",7,19,NA,-6.25524344271411
"A","trial","RL","5-HT","Pre-Stim",7,20,NA,-9.17029486664029
"A","trial","RL","5-HT","Pre-Stim",7,21,NA,-4.99457867531131
"A","trial","RL","5-HT","Pre-Stim",7,22,NA,-7.89229148409674
"A","trial","RL","5-HT","Pre-Stim",7,23,NA,-5.12221457545828
"A","trial","RL","5-HT","Pre-Stim",7,24,NA,-7.29960595398194
"A","trial","RL","5-HT","Pre-Stim",7,25,NA,-7.7510827702415
"A","trial","RL","5-HT","Pre-Stim",7,26,NA,-7.54798188845613
"A","trial","RL","5-HT","Pre-Stim",7,27,NA,-5.33746736315666
"A","trial","RL","5-HT","Pre-Stim",7,28,NA,-6.29058831738349
"A","trial","RL","5-HT","Pre-Stim",7,29,NA,-5.70437998691591
"A","trial","RL","5-HT","Pre-Stim",7,30,NA,-5.30411385172654
"A","trial","RL","5-HT","Pre-Stim",7,31,NA,-7.17532833140154
"A","trial","RL","5-HT","Pre-Stim",7,32,NA,-4.76700805128845
"A","trial","RL","5-HT","Pre-Stim",7,33,NA,-8.536565163659
"A","trial","RL","5-HT","Pre-Stim",7,34,NA,-6.14023477260655
"A","trial","RL","5-HT","Pre-Stim",7,35,NA,-4.27046342708384
"A","trial","RL","5-HT","Pre-Stim",7,36,NA,-5.77402787713981
"A","trial","RL","5-HT","Pre-Stim",7,37,NA,-6.37824462340613
"A","trial","RL","5-HT","Pre-Stim",7,38,NA,-8.24041779877828
"A","trial","RL","5-HT","Pre-Stim",7,39,NA,-6.25951610228786
"A","trial","RL","5-HT","Pre-Stim",7,40,NA,-8.59576283898121
"A","trial","RL","5-HT","Pre-Stim",7,41,NA,-6.69338987892341
"A","trial","RL","5-HT","Pre-Stim",7,42,NA,-3.97872473718238
"A","trial","RL","5-HT","Pre-Stim",7,43,NA,-5.8746283072221
"A","trial","RL","5-HT","Pre-Stim",7,44,NA,-5.62580161411289
"A","trial","RL","5-HT","Pre-Stim",7,45,NA,-8.07452800950308
"A","trial","RL","5-HT","Pre-Stim",7,46,NA,-7.07495114615586
"A","trial","RL","5-HT","Pre-Stim",7,47,NA,-6.57184801958077
"A","trial","RL","5-HT","Pre-Stim",7,48,NA,-5.56816920532328
"A","trial","RL","5-HT","Pre-Stim",7,49,NA,-6.32272622384274
"A","trial","RL","5-HT","Pre-Stim",7,50,NA,-6.3541171770067
"A","trial","RL","5-HT","Pre-Stim",7,51,NA,-5.80678160839671
"A","trial","RL","5-HT","Pre-Stim",7,52,NA,-6.97608247039897
"A","trial","RL","5-HT","Pre-Stim",7,53,NA,-6.51430243689665
"A","trial","RL","5-HT","Pre-Stim",7,54,NA,-6.97331229445868
"A","trial","RL","5-HT","Pre-Stim",7,55,NA,-6.59804851271613
"A","trial","RL","5-HT","Pre-Stim",7,56,NA,-8.17108162208316
"A","trial","RL","5-HT","Pre-Stim",7,57,NA,-7.07340326225992
"A","trial","RL","5-HT","Pre-Stim",7,58,NA,-5.45858905765142
"A","trial","RL","5-HT","Pre-Stim",7,59,NA,-4.74183754989891
"A","trial","RL","5-HT","Pre-Stim",7,60,NA,-5.86881093036309
"A","trial","RL","5-HT","Pre-Stim",7,61,NA,-4.77714467508727
"A","trial","RL","5-HT","Pre-Stim",7,62,NA,-7.10903418502872
"A","trial","RL","5-HT","Pre-Stim",7,63,NA,-6.15687604086731
"A","trial","RL","5-HT","Pre-Stim",7,64,NA,-5.53255684436041
"A","trial","RL","5-HT","Pre-Stim",7,65,NA,-3.75444615873023
"A","trial","RL","5-HT","Pre-Stim",7,66,NA,-6.31732615213516
"A","trial","RL","5-HT","Pre-Stim",7,67,NA,-6.54432555063829
"A","trial","RL","5-HT","Pre-Stim",7,68,NA,-6.61762756902652
"A","trial","RL","5-HT","Pre-Stim",7,69,NA,-4.2037280282898
"A","trial","RL","5-HT","Pre-Stim",7,70,NA,-3.01457905969603
"A","trial","RL","5-HT","Pre-Stim",7,71,NA,-4.26758508083201
"A","trial","RL","5-HT","Pre-Stim",7,72,NA,-5.59239848670908
"A","trial","RL","5-HT","Pre-Stim",7,73,NA,-2.97824609810783
"A","trial","RL","5-HT","Pre-Stim",7,74,NA,-5.28105552288625
"A","trial","RL","5-HT","Pre-Stim",7,75,NA,-4.06607360262233
"A","trial","RL","5-HT","Pre-Stim",7,76,NA,-5.95866555790265
"A","trial","RL","5-HT","Pre-Stim",7,77,NA,-4.29393489442732
"A","trial","RL","5-HT","Pre-Stim",7,78,NA,-5.64202625612711
"A","trial","RL","5-HT","Pre-Stim",7,79,NA,-6.08978202399658
"A","trial","RL","5-HT","Pre-Stim",7,80,NA,-6.14947704690501
"A","trial","RL","5-HT","Pre-Stim",7,81,NA,-5.48948376405058
"A","trial","RL","5-HT","Pre-Stim",7,82,NA,-5.66221579089649
"A","trial","RL","5-HT","Pre-Stim",7,83,NA,-4.63686844533865
"A","trial","RL","5-HT","Pre-Stim",7,84,NA,-5.36164249950379
"A","trial","RL","5-HT","Pre-Stim",7,85,NA,-5.17308386709883
"A","trial","RL","5-HT","Pre-Stim",7,86,NA,-6.54937286938129
"A","trial","RL","5-HT","Pre-Stim",7,87,NA,-7.00631240396945
"A","trial","RL","5-HT","Pre-Stim",7,88,NA,-6.83464932694698
"A","trial","RL","5-HT","Pre-Stim",7,89,NA,-6.2065852246208
"A","trial","RL","5-HT","Pre-Stim",7,90,NA,-4.31093165789079
"A","trial","RL","5-HT","Pre-Stim",7,91,NA,-7.11769698682069
"A","trial","RL","5-HT","Pre-Stim",7,92,NA,-3.4824442658552
"A","trial","RL","5-HT","Pre-Stim",7,93,NA,-4.19163236014352
"A","trial","RL","5-HT","Pre-Stim",7,94,NA,-5.10942990053538
"A","trial","RL","5-HT","Pre-Stim",7,95,NA,-5.4034631225908
"A","trial","RL","5-HT","Pre-Stim",7,96,NA,-5.3230695785489
"A","trial","RL","5-HT","Pre-Stim",7,97,NA,-5.81571159429138
"A","trial","RL","5-HT","Pre-Stim",7,98,NA,-5.96870686198431
"A","trial","RL","5-HT","Pre-Stim",7,99,NA,-6.21905984296548
"A","trial","RL","5-HT","Pre-Stim",7,100,NA,-4.64785387148978
"A","trial","RL","5-HT","Pre-Stim",7,101,NA,-5.24727590777723
"A","trial","RL","5-HT","Pre-Stim",7,102,NA,-3.75121619560743
"A","trial","RL","5-HT","Pre-Stim",7,103,NA,-7.46362089090111
"A","trial","RL","5-HT","Pre-Stim",7,104,NA,-5.8982954357632
"A","trial","RL","5-HT","Pre-Stim",7,105,NA,-4.11220214359737
"A","trial","RL","DA","Post-Stim",8,1,NA,4.68975127762613
"A","trial","RL","DA","Post-Stim",8,2,NA,4.8129484162572
"A","trial","RL","DA","Post-Stim",8,3,NA,7.22599035378142
"A","trial","RL","DA","Post-Stim",8,4,NA,3.67354401844872
"A","trial","RL","DA","Post-Stim",8,5,NA,7.05789927322283
"A","trial","RL","DA","Post-Stim",8,6,NA,7.09593282411216
"A","trial","RL","DA","Post-Stim",8,7,NA,6.94348915926914
"A","trial","RL","DA","Post-Stim",8,8,NA,5.19371394633358
"A","trial","RL","DA","Post-Stim",8,9,NA,5.30640973171874
"A","trial","RL","DA","Post-Stim",8,10,NA,6.04423628329653
"A","trial","RL","DA","Post-Stim",8,11,NA,4.19661194400171
"A","trial","RL","DA","Post-Stim",8,12,NA,4.6624465664094
"A","trial","RL","DA","Post-Stim",8,13,NA,5.07370324166281
"A","trial","RL","DA","Post-Stim",8,14,NA,3.59102286039411
"A","trial","RL","DA","Post-Stim",8,15,NA,4.25796964265197
"A","trial","RL","DA","Post-Stim",8,16,NA,4.44620499664855
"A","trial","RL","DA","Post-Stim",8,17,NA,6.08142899336913
"A","trial","RL","DA","Post-Stim",8,18,NA,3.95663593379321
"A","trial","RL","DA","Post-Stim",8,19,NA,4.21719303404565
"A","trial","RL","DA","Post-Stim",8,20,NA,3.57542132823675
"A","trial","RL","DA","Post-Stim",8,21,NA,4.83200328214249
"A","trial","RL","DA","Post-Stim",8,22,NA,3.16572575809286
"A","trial","RL","DA","Post-Stim",8,23,NA,5.20956399135234
"A","trial","RL","DA","Post-Stim",8,24,NA,4.4840972159788
"A","trial","RL","DA","Post-Stim",8,25,NA,3.77312012822945
"A","trial","RL","DA","Post-Stim",8,26,NA,3.3520221551934
"A","trial","RL","DA","Post-Stim",8,27,NA,3.02807888365106
"A","trial","RL","DA","Post-Stim",8,28,NA,3.99505063810662
"A","trial","RL","DA","Post-Stim",8,29,NA,5.3765851171914
"A","trial","RL","DA","Post-Stim",8,30,NA,2.66754709261111
"A","trial","RL","DA","Post-Stim",8,31,NA,6.08884329443712
"A","trial","RL","DA","Post-Stim",8,32,NA,4.77791690984669
"A","trial","RL","DA","Post-Stim",8,33,NA,2.96489501107116
"A","trial","RL","DA","Post-Stim",8,34,NA,2.83294738986828
"A","trial","RL","DA","Post-Stim",8,35,NA,3.76583975879358
"A","trial","RL","DA","Post-Stim",8,36,NA,3.85694802998806
"A","trial","RL","DA","Post-Stim",8,37,NA,4.4848948138674
"A","trial","RL","DA","Post-Stim",8,38,NA,3.22655796578907
"A","trial","RL","DA","Post-Stim",8,39,NA,3.21285366298179
"A","trial","RL","DA","Post-Stim",8,40,NA,3.07715477810134
"A","trial","RL","DA","Post-Stim",8,41,NA,4.46198568131402
"A","trial","RL","DA","Post-Stim",8,42,NA,3.36634027050918
"A","trial","RL","DA","Post-Stim",8,43,NA,2.75411212317326
"A","trial","RL","DA","Post-Stim",8,44,NA,4.37534135640589
"A","trial","RL","DA","Post-Stim",8,45,NA,3.5374195345757
"A","trial","RL","DA","Post-Stim",8,46,NA,2.22394863947103
"A","trial","RL","DA","Post-Stim",8,47,NA,3.31554065735622
"A","trial","RL","DA","Post-Stim",8,48,NA,3.683219463707
"A","trial","RL","DA","Post-Stim",8,49,NA,3.87977246071622
"A","trial","RL","DA","Post-Stim",8,50,NA,3.16620131639636
"A","trial","RL","DA","Post-Stim",8,51,NA,4.59408187304927
"A","trial","RL","DA","Post-Stim",8,52,NA,3.59311076523933
"A","trial","RL","DA","Post-Stim",8,53,NA,3.74876385592808
"A","trial","RL","DA","Post-Stim",8,54,NA,2.3648953129716
"A","trial","RL","DA","Post-Stim",8,55,NA,3.13966724869843
"A","trial","RL","DA","Post-Stim",8,56,NA,1.4630732816972
"A","trial","RL","DA","Post-Stim",8,57,NA,2.22358827049338
"A","trial","RL","DA","Post-Stim",8,58,NA,2.23803072437074
"A","trial","RL","DA","Post-Stim",8,59,NA,2.47160212838104
"A","trial","RL","DA","Post-Stim",8,60,NA,3.30174251073442
"A","trial","RL","DA","Post-Stim",8,61,NA,1.22452857707857
"A","trial","RL","DA","Post-Stim",8,62,NA,2.97119897996764
"A","trial","RL","DA","Post-Stim",8,63,NA,3.71862993500419
"A","trial","RL","DA","Post-Stim",8,64,NA,2.41507054978483
"A","trial","RL","DA","Post-Stim",8,65,NA,2.12800817234288
"A","trial","RL","DA","Post-Stim",8,66,NA,2.95644350686066
"A","trial","RL","DA","Post-Stim",8,67,NA,3.56117820684253
"A","trial","RL","DA","Post-Stim",8,68,NA,2.38311757610406
"A","trial","RL","DA","Post-Stim",8,69,NA,2.74624359966838
"A","trial","RL","DA","Post-Stim",8,70,NA,2.06574736071544
"A","trial","RL","DA","Post-Stim",8,71,NA,1.65034246168911
"A","trial","RL","DA","Post-Stim",8,72,NA,3.05838548893468
"A","trial","RL","DA","Post-Stim",8,73,NA,1.82830313720625
"A","trial","RL","DA","Post-Stim",8,74,NA,1.46707100621336
"A","trial","RL","DA","Post-Stim",8,75,NA,2.7256397837498
"A","trial","RL","DA","Post-Stim",8,76,NA,1.5536409936414
"A","trial","RL","DA","Post-Stim",8,77,NA,0.51649491040771
"A","trial","RL","DA","Post-Stim",8,78,NA,-0.803696099562081
"A","trial","RL","DA","Post-Stim",8,79,NA,-0.479436952924635
"A","trial","RL","DA","Post-Stim",8,80,NA,-1.0034185497719
"A","trial","RL","DA","Post-Stim",8,81,NA,-0.375098493612243
"A","trial","RL","DA","Post-Stim",8,82,NA,-0.349403642093241
"A","trial","RL","DA","Post-Stim",8,83,NA,-0.0289175084170764
"A","trial","RL","DA","Post-Stim",8,84,NA,0.612398276784258
"A","trial","RL","DA","Post-Stim",8,85,NA,-0.535696409594192
"A","trial","RL","DA","Post-Stim",8,86,NA,0.0325973561120611
"A","trial","RL","DA","Post-Stim",8,87,NA,-1.66180526475884
"A","trial","RL","DA","Post-Stim",8,88,NA,-1.0988196662177
"A","trial","RL","DA","Post-Stim",8,89,NA,-0.242265864600551
"A","trial","RL","DA","Post-Stim",8,90,NA,0.334152289099865
"A","trial","RL","DA","Post-Stim",8,91,NA,-1.90463049568313
"A","trial","RL","DA","Post-Stim",8,92,NA,-0.649183672115754
"A","trial","RL","DA","Post-Stim",8,93,NA,-1.3939003847865
"A","trial","RL","DA","Post-Stim",8,94,NA,-0.470311406686511
"A","trial","RL","DA","Post-Stim",8,95,NA,-0.365588271446886
"A","trial","RL","DA","Post-Stim",8,96,NA,-0.214817779692634
"A","trial","RL","DA","Post-Stim",8,97,NA,-2.27419063315589
"A","trial","RL","DA","Post-Stim",8,98,NA,-0.439770155398299
"A","trial","RL","DA","Post-Stim",8,99,NA,-2.22703177098878
"A","trial","RL","DA","Post-Stim",8,100,NA,-0.52774261991159
"A","trial","RL","DA","Post-Stim",8,101,NA,-1.838416297919
"A","trial","RL","DA","Post-Stim",8,102,NA,-1.2773222436205
"A","trial","RL","DA","Post-Stim",8,103,NA,-1.67489838912628
"A","trial","RL","DA","Post-Stim",8,104,NA,-1.74455761214204
"A","trial","RL","DA","Post-Stim",8,105,NA,-0.841986540493419
"A","trial","RL","5-HT","Post-Stim",8,1,NA,-3.21453731640297
"A","trial","RL","5-HT","Post-Stim",8,2,NA,-3.79644200507774
"A","trial","RL","5-HT","Post-Stim",8,3,NA,-4.35972418256512
"A","trial","RL","5-HT","Post-Stim",8,4,NA,-4.61915348479924
"A","trial","RL","5-HT","Post-Stim",8,5,NA,-2.36141177540831
"A","trial","RL","5-HT","Post-Stim",8,6,NA,-5.047225694649
"A","trial","RL","5-HT","Post-Stim",8,7,NA,-4.58433778207584
"A","trial","RL","5-HT","Post-Stim",8,8,NA,-4.45276933914225
"A","trial","RL","5-HT","Post-Stim",8,9,NA,-6.01874891912005
"A","trial","RL","5-HT","Post-Stim",8,10,NA,-4.06394864882861
"A","trial","RL","5-HT","Post-Stim",8,11,NA,-4.49387852337374
"A","trial","RL","5-HT","Post-Stim",8,12,NA,-4.46396059055355
"A","trial","RL","5-HT","Post-Stim",8,13,NA,-4.41742510214881
"A","trial","RL","5-HT","Post-Stim",8,14,NA,-3.44370978913013
"A","trial","RL","5-HT","Post-Stim",8,15,NA,-4.57380582762932
"A","trial","RL","5-HT","Post-Stim",8,16,NA,-4.51219607138003
"A","trial","RL","5-HT","Post-Stim",8,17,NA,-5.0507333677902
"A","trial","RL","5-HT","Post-Stim",8,18,NA,-3.95104053024451
"A","trial","RL","5-HT","Post-Stim",8,19,NA,-5.6981097534864
"A","trial","RL","5-HT","Post-Stim",8,20,NA,-2.83175978580585
"A","trial","RL","5-HT","Post-Stim",8,21,NA,-2.63040266400918
"A","trial","RL","5-HT","Post-Stim",8,22,NA,-4.33992109818455
"A","trial","RL","5-HT","Post-Stim",8,23,NA,-4.31224197658175
"A","trial","RL","5-HT","Post-Stim",8,24,NA,-3.40782796919127
"A","trial","RL","5-HT","Post-Stim",8,25,NA,-3.27883667071243
"A","trial","RL","5-HT","Post-Stim",8,26,NA,-2.57222912144968
"A","trial","RL","5-HT","Post-Stim",8,27,NA,-4.52953198133087
"A","trial","RL","5-HT","Post-Stim",8,28,NA,-4.7123640331771
"A","trial","RL","5-HT","Post-Stim",8,29,NA,-2.33879424976754
"A","trial","RL","5-HT","Post-Stim",8,30,NA,-3.25620628353335
"A","trial","RL","5-HT","Post-Stim",8,31,NA,-2.76576316401787
"A","trial","RL","5-HT","Post-Stim",8,32,NA,-4.5038334653585
"A","trial","RL","5-HT","Post-Stim",8,33,NA,-3.25347899056232
"A","trial","RL","5-HT","Post-Stim",8,34,NA,-3.47338435035287
"A","trial","RL","5-HT","Post-Stim",8,35,NA,-4.18478206683406
"A","trial","RL","5-HT","Post-Stim",8,36,NA,-4.65990635551304
"A","trial","RL","5-HT","Post-Stim",8,37,NA,-3.88106806210315
"A","trial","RL","5-HT","Post-Stim",8,38,NA,-3.82799612729017
"A","trial","RL","5-HT","Post-Stim",8,39,NA,-3.89980111497523
"A","trial","RL","5-HT","Post-Stim",8,40,NA,-2.46804338123125
"A","trial","RL","5-HT","Post-Stim",8,41,NA,-3.33097924622684
"A","trial","RL","5-HT","Post-Stim",8,42,NA,-3.50016227715807
"A","trial","RL","5-HT","Post-Stim",8,43,NA,-3.46417842374036
"A","trial","RL","5-HT","Post-Stim",8,44,NA,-4.64578137444261
"A","trial","RL","5-HT","Post-Stim",8,45,NA,-3.69827103400539
"A","trial","RL","5-HT","Post-Stim",8,46,NA,-2.44311106028403
"A","trial","RL","5-HT","Post-Stim",8,47,NA,-5.24332023377751
"A","trial","RL","5-HT","Post-Stim",8,48,NA,-3.89828451074097
"A","trial","RL","5-HT","Post-Stim",8,49,NA,-4.61529499994174
"A","trial","RL","5-HT","Post-Stim",8,50,NA,-4.99134480500357
"A","trial","RL","5-HT","Post-Stim",8,51,NA,-5.31819317970167
"A","trial","RL","5-HT","Post-Stim",8,52,NA,-4.84934441740194
"A","trial","RL","5-HT","Post-Stim",8,53,NA,-3.70786668991984
"A","trial","RL","5-HT","Post-Stim",8,54,NA,-3.87944929066687
"A","trial","RL","5-HT","Post-Stim",8,55,NA,-4.27077231504848
"A","trial","RL","5-HT","Post-Stim",8,56,NA,-4.00495223687767
"A","trial","RL","5-HT","Post-Stim",8,57,NA,-4.70246089768915
"A","trial","RL","5-HT","Post-Stim",8,58,NA,-5.6057898816731
"A","trial","RL","5-HT","Post-Stim",8,59,NA,-3.43952175254298
"A","trial","RL","5-HT","Post-Stim",8,60,NA,-3.94948327727093
"A","trial","RL","5-HT","Post-Stim",8,61,NA,-3.9251226392243
"A","trial","RL","5-HT","Post-Stim",8,62,NA,-4.5377066488493
"A","trial","RL","5-HT","Post-Stim",8,63,NA,-3.95545442088487
"A","trial","RL","5-HT","Post-Stim",8,64,NA,-3.22736965348114
"A","trial","RL","5-HT","Post-Stim",8,65,NA,-3.92439555952539
"A","trial","RL","5-HT","Post-Stim",8,66,NA,-2.94206950995076
"A","trial","RL","5-HT","Post-Stim",8,67,NA,-5.13982828911199
"A","trial","RL","5-HT","Post-Stim",8,68,NA,-4.71127833837424
"A","trial","RL","5-HT","Post-Stim",8,69,NA,-3.67903223083377
"A","trial","RL","5-HT","Post-Stim",8,70,NA,-5.52213266311749
"A","trial","RL","5-HT","Post-Stim",8,71,NA,-3.42941591541629
"A","trial","RL","5-HT","Post-Stim",8,72,NA,-2.98767421996249
"A","trial","RL","5-HT","Post-Stim",8,73,NA,-3.29935087031481
"A","trial","RL","5-HT","Post-Stim",8,74,NA,-3.49249978174391
"A","trial","RL","5-HT","Post-Stim",8,75,NA,-4.38526801029495
"A","trial","RL","5-HT","Post-Stim",8,76,NA,-4.81220325099564
"A","trial","RL","5-HT","Post-Stim",8,77,NA,-3.35428159949729
"A","trial","RL","5-HT","Post-Stim",8,78,NA,-1.8780845584798
"A","trial","RL","5-HT","Post-Stim",8,79,NA,-3.75183802948486
"A","trial","RL","5-HT","Post-Stim",8,80,NA,-2.98483651848195
"A","trial","RL","5-HT","Post-Stim",8,81,NA,-2.76591396520297
"A","trial","RL","5-HT","Post-Stim",8,82,NA,-2.82846444553394
"A","trial","RL","5-HT","Post-Stim",8,83,NA,-1.19299256448703
"A","trial","RL","5-HT","Post-Stim",8,84,NA,-1.14159694345376
"A","trial","RL","5-HT","Post-Stim",8,85,NA,-2.25377781715304
"A","trial","RL","5-HT","Post-Stim",8,86,NA,-1.34840369089038
"A","trial","RL","5-HT","Post-Stim",8,87,NA,-1.44952199645056
"A","trial","RL","5-HT","Post-Stim",8,88,NA,-1.59085161880903
"A","trial","RL","5-HT","Post-Stim",8,89,NA,-1.73741321620909
"A","trial","RL","5-HT","Post-Stim",8,90,NA,-2.33353647811608
"A","trial","RL","5-HT","Post-Stim",8,91,NA,-1.63690082575267
"A","trial","RL","5-HT","Post-Stim",8,92,NA,-1.04567803656429
"A","trial","RL","5-HT","Post-Stim",8,93,NA,-1.37772735923275
"A","trial","RL","5-HT","Post-Stim",8,94,NA,-2.28568724953427
"A","trial","RL","5-HT","Post-Stim",8,95,NA,-1.09080442792763
"A","trial","RL","5-HT","Post-Stim",8,96,NA,-0.522850892140609
"A","trial","RL","5-HT","Post-Stim",8,97,NA,-0.683977029026893
"A","trial","RL","5-HT","Post-Stim",8,98,NA,-0.879656466523871
"A","trial","RL","5-HT","Post-Stim",8,99,NA,-1.56310093479861
"A","trial","RL","5-HT","Post-Stim",8,100,NA,-1.32505444013759
"A","trial","RL","5-HT","Post-Stim",8,101,NA,-2.81642308045026
"A","trial","RL","5-HT","Post-Stim",8,102,NA,0.264773417370323
"A","trial","RL","5-HT","Post-Stim",8,103,NA,-0.481927157981903
"A","trial","RL","5-HT","Post-Stim",8,104,NA,-0.485177342033411
"A","trial","RL","5-HT","Post-Stim",8,105,NA,-0.462862366481593
"A","trial","RL","DA","Pre-Stim",8,1,NA,-6.86751428542011
"A","trial","RL","DA","Pre-Stim",8,2,NA,-7.80931282595409
"A","trial","RL","DA","Pre-Stim",8,3,NA,-7.81765906137002
"A","trial","RL","DA","Pre-Stim",8,4,NA,-8.41588180461219
"A","trial","RL","DA","Pre-Stim",8,5,NA,-7.98523357495886
"A","trial","RL","DA","Pre-Stim",8,6,NA,-7.72737715823755
"A","trial","RL","DA","Pre-Stim",8,7,NA,-7.642635326692
"A","trial","RL","DA","Pre-Stim",8,8,NA,-8.33601570854788
"A","trial","RL","DA","Pre-Stim",8,9,NA,-7.22779014198694
"A","trial","RL","DA","Pre-Stim",8,10,NA,-7.22214488875825
"A","trial","RL","DA","Pre-Stim",8,11,NA,-7.80423522032678
"A","trial","RL","DA","Pre-Stim",8,12,NA,-8.06967291955917
"A","trial","RL","DA","Pre-Stim",8,13,NA,-7.75173501838748
"A","trial","RL","DA","Pre-Stim",8,14,NA,-7.81694461289241
"A","trial","RL","DA","Pre-Stim",8,15,NA,-9.12417522285286
"A","trial","RL","DA","Pre-Stim",8,16,NA,-8.72757756570881
"A","trial","RL","DA","Pre-Stim",8,17,NA,-9.2572415067317
"A","trial","RL","DA","Pre-Stim",8,18,NA,-8.78086704501236
"A","trial","RL","DA","Pre-Stim",8,19,NA,-9.34707451596669
"A","trial","RL","DA","Pre-Stim",8,20,NA,-9.09240311719751
"A","trial","RL","DA","Pre-Stim",8,21,NA,-9.60854096190605
"A","trial","RL","DA","Pre-Stim",8,22,NA,-9.17281775474728
"A","trial","RL","DA","Pre-Stim",8,23,NA,-9.07255039086309
"A","trial","RL","DA","Pre-Stim",8,24,NA,-9.35569764383461
"A","trial","RL","DA","Pre-Stim",8,25,NA,-9.2490523449944
"A","trial","RL","DA","Pre-Stim",8,26,NA,-8.38335156242604
"A","trial","RL","DA","Pre-Stim",8,27,NA,-7.88704981954673
"A","trial","RL","DA","Pre-Stim",8,28,NA,-8.62499203975575
"A","trial","RL","DA","Pre-Stim",8,29,NA,-7.87425156952907
"A","trial","RL","DA","Pre-Stim",8,30,NA,-7.539229480754
"A","trial","RL","DA","Pre-Stim",8,31,NA,-7.89587082130617
"A","trial","RL","DA","Pre-Stim",8,32,NA,-7.72877229290001
"A","trial","RL","DA","Pre-Stim",8,33,NA,-7.25942879473454
"A","trial","RL","DA","Pre-Stim",8,34,NA,-8.51036133279005
"A","trial","RL","DA","Pre-Stim",8,35,NA,-7.37923514361101
"A","trial","RL","DA","Pre-Stim",8,36,NA,-7.20792886837372
"A","trial","RL","DA","Pre-Stim",8,37,NA,-7.13302308981675
"A","trial","RL","DA","Pre-Stim",8,38,NA,-7.62044141337898
"A","trial","RL","DA","Pre-Stim",8,39,NA,-6.59915808829813
"A","trial","RL","DA","Pre-Stim",8,40,NA,-7.73096987418286
"A","trial","RL","DA","Pre-Stim",8,41,NA,-6.27561729941378
"A","trial","RL","DA","Pre-Stim",8,42,NA,-6.67200158819071
"A","trial","RL","DA","Pre-Stim",8,43,NA,-6.72320465825029
"A","trial","RL","DA","Pre-Stim",8,44,NA,-7.09559206860924
"A","trial","RL","DA","Pre-Stim",8,45,NA,-6.55681041809202
"A","trial","RL","DA","Pre-Stim",8,46,NA,-7.01634853218087
"A","trial","RL","DA","Pre-Stim",8,47,NA,-6.54290630247931
"A","trial","RL","DA","Pre-Stim",8,48,NA,-6.89932571843655
"A","trial","RL","DA","Pre-Stim",8,49,NA,-8.0693278295434
"A","trial","RL","DA","Pre-Stim",8,50,NA,-6.77755438598553
"A","trial","RL","DA","Pre-Stim",8,51,NA,-7.64254306765109
"A","trial","RL","DA","Pre-Stim",8,52,NA,-7.42403591520307
"A","trial","RL","DA","Pre-Stim",8,53,NA,-7.73193598783151
"A","trial","RL","DA","Pre-Stim",8,54,NA,-6.99616766214301
"A","trial","RL","DA","Pre-Stim",8,55,NA,-6.80145074856831
"A","trial","RL","DA","Pre-Stim",8,56,NA,-7.25980580977815
"A","trial","RL","DA","Pre-Stim",8,57,NA,-6.7977038236993
"A","trial","RL","DA","Pre-Stim",8,58,NA,-7.14346264086649
"A","trial","RL","DA","Pre-Stim",8,59,NA,-5.59873760397204
"A","trial","RL","DA","Pre-Stim",8,60,NA,-6.41116060095508
"A","trial","RL","DA","Pre-Stim",8,61,NA,-5.59729637998417
"A","trial","RL","DA","Pre-Stim",8,62,NA,-5.6966465766763
"A","trial","RL","DA","Pre-Stim",8,63,NA,-6.01914810860143
"A","trial","RL","DA","Pre-Stim",8,64,NA,-5.04615546561504
"A","trial","RL","DA","Pre-Stim",8,65,NA,-6.24604112748684
"A","trial","RL","DA","Pre-Stim",8,66,NA,-5.33153302759952
"A","trial","RL","DA","Pre-Stim",8,67,NA,-5.74637850110226
"A","trial","RL","DA","Pre-Stim",8,68,NA,-5.10512457122758
"A","trial","RL","DA","Pre-Stim",8,69,NA,-5.74286738623975
"A","trial","RL","DA","Pre-Stim",8,70,NA,-5.19286053868692
"A","trial","RL","DA","Pre-Stim",8,71,NA,-5.08293924236773
"A","trial","RL","DA","Pre-Stim",8,72,NA,-6.29633659940352
"A","trial","RL","DA","Pre-Stim",8,73,NA,-5.38336877380379
"A","trial","RL","DA","Pre-Stim",8,74,NA,-5.6736470462844
"A","trial","RL","DA","Pre-Stim",8,75,NA,-5.13670521284864
"A","trial","RL","DA","Pre-Stim",8,76,NA,-4.0119494663779
"A","trial","RL","DA","Pre-Stim",8,77,NA,-4.75790671694868
"A","trial","RL","DA","Pre-Stim",8,78,NA,-4.85839725053084
"A","trial","RL","DA","Pre-Stim",8,79,NA,-4.09433634304083
"A","trial","RL","DA","Pre-Stim",8,80,NA,-4.91148671885711
"A","trial","RL","DA","Pre-Stim",8,81,NA,-4.14554163030655
"A","trial","RL","DA","Pre-Stim",8,82,NA,-3.31773192030367
"A","trial","RL","DA","Pre-Stim",8,83,NA,-4.13366731179273
"A","trial","RL","DA","Pre-Stim",8,84,NA,-4.1978673368278
"A","trial","RL","DA","Pre-Stim",8,85,NA,-3.72806975317161
"A","trial","RL","DA","Pre-Stim",8,86,NA,-4.68683965817149
"A","trial","RL","DA","Pre-Stim",8,87,NA,-4.45202380717918
"A","trial","RL","DA","Pre-Stim",8,88,NA,-3.58154478991435
"A","trial","RL","DA","Pre-Stim",8,89,NA,-5.05739271837121
"A","trial","RL","DA","Pre-Stim",8,90,NA,-4.36608604305269
"A","trial","RL","DA","Pre-Stim",8,91,NA,-4.70275682369505
"A","trial","RL","DA","Pre-Stim",8,92,NA,-4.59271228585847
"A","trial","RL","DA","Pre-Stim",8,93,NA,-4.96816921157064
"A","trial","RL","DA","Pre-Stim",8,94,NA,-5.33091474719488
"A","trial","RL","DA","Pre-Stim",8,95,NA,-5.34944646544951
"A","trial","RL","DA","Pre-Stim",8,96,NA,-5.56890115797456
"A","trial","RL","DA","Pre-Stim",8,97,NA,-5.22641343607672
"A","trial","RL","DA","Pre-Stim",8,98,NA,-4.76127279804374
"A","trial","RL","DA","Pre-Stim",8,99,NA,-5.17131628883404
"A","trial","RL","DA","Pre-Stim",8,100,NA,-3.82627876962931
"A","trial","RL","DA","Pre-Stim",8,101,NA,-5.0224674912628
"A","trial","RL","DA","Pre-Stim",8,102,NA,-4.50697416119691
"A","trial","RL","DA","Pre-Stim",8,103,NA,-4.07097876206939
"A","trial","RL","DA","Pre-Stim",8,104,NA,-3.56378682918865
"A","trial","RL","DA","Pre-Stim",8,105,NA,-4.44405960939699
"A","trial","RL","5-HT","Pre-Stim",8,1,NA,7.54748831120192
"A","trial","RL","5-HT","Pre-Stim",8,2,NA,6.58956766014208
"A","trial","RL","5-HT","Pre-Stim",8,3,NA,6.09154552238703
"A","trial","RL","5-HT","Pre-Stim",8,4,NA,8.56621418340547
"A","trial","RL","5-HT","Pre-Stim",8,5,NA,7.94310240060217
"A","trial","RL","5-HT","Pre-Stim",8,6,NA,7.25836129258324
"A","trial","RL","5-HT","Pre-Stim",8,7,NA,6.80596453098574
"A","trial","RL","5-HT","Pre-Stim",8,8,NA,7.20738421973144
"A","trial","RL","5-HT","Pre-Stim",8,9,NA,8.20773680761453
"A","trial","RL","5-HT","Pre-Stim",8,10,NA,7.23332760739997
"A","trial","RL","5-HT","Pre-Stim",8,11,NA,8.69710307566386
"A","trial","RL","5-HT","Pre-Stim",8,12,NA,9.22515421650711
"A","trial","RL","5-HT","Pre-Stim",8,13,NA,6.86846678232533
"A","trial","RL","5-HT","Pre-Stim",8,14,NA,7.69978746810119
"A","trial","RL","5-HT","Pre-Stim",8,15,NA,8.2309235655483
"A","trial","RL","5-HT","Pre-Stim",8,16,NA,9.19364813071981
"A","trial","RL","5-HT","Pre-Stim",8,17,NA,10.096161354541
"A","trial","RL","5-HT","Pre-Stim",8,18,NA,10.2835984482968
"A","trial","RL","5-HT","Pre-Stim",8,19,NA,8.17777843343841
"A","trial","RL","5-HT","Pre-Stim",8,20,NA,8.80277469517877
"A","trial","RL","5-HT","Pre-Stim",8,21,NA,12.0595370335717
"A","trial","RL","5-HT","Pre-Stim",8,22,NA,9.29368417254614
"A","trial","RL","5-HT","Pre-Stim",8,23,NA,10.3336842459511
"A","trial","RL","5-HT","Pre-Stim",8,24,NA,10.6758266644684
"A","trial","RL","5-HT","Pre-Stim",8,25,NA,9.93641894620888
"A","trial","RL","5-HT","Pre-Stim",8,26,NA,9.16080007340727
"A","trial","RL","5-HT","Pre-Stim",8,27,NA,9.01391353458536
"A","trial","RL","5-HT","Pre-Stim",8,28,NA,8.74308306217608
"A","trial","RL","5-HT","Pre-Stim",8,29,NA,9.83766425878421
"A","trial","RL","5-HT","Pre-Stim",8,30,NA,9.14400975452345
"A","trial","RL","5-HT","Pre-Stim",8,31,NA,7.27397506133132
"A","trial","RL","5-HT","Pre-Stim",8,32,NA,9.02268640091074
"A","trial","RL","5-HT","Pre-Stim",8,33,NA,8.36790199310867
"A","trial","RL","5-HT","Pre-Stim",8,34,NA,8.57430730628248
"A","trial","RL","5-HT","Pre-Stim",8,35,NA,9.05795584676781
"A","trial","RL","5-HT","Pre-Stim",8,36,NA,7.59169869369177
"A","trial","RL","5-HT","Pre-Stim",8,37,NA,7.57218533681197
"A","trial","RL","5-HT","Pre-Stim",8,38,NA,9.00894817928726
"A","trial","RL","5-HT","Pre-Stim",8,39,NA,8.44935574142993
"A","trial","RL","5-HT","Pre-Stim",8,40,NA,9.43110611673573
"A","trial","RL","5-HT","Pre-Stim",8,41,NA,7.99208473241518
"A","trial","RL","5-HT","Pre-Stim",8,42,NA,7.63028421222219
"A","trial","RL","5-HT","Pre-Stim",8,43,NA,8.09667436290485
"A","trial","RL","5-HT","Pre-Stim",8,44,NA,7.63153552858719
"A","trial","RL","5-HT","Pre-Stim",8,45,NA,7.01775646636731
"A","trial","RL","5-HT","Pre-Stim",8,46,NA,6.00412541774726
"A","trial","RL","5-HT","Pre-Stim",8,47,NA,6.1137587150719
"A","trial","RL","5-HT","Pre-Stim",8,48,NA,7.29182537762262
"A","trial","RL","5-HT","Pre-Stim",8,49,NA,8.35277766779031
"A","trial","RL","5-HT","Pre-Stim",8,50,NA,8.32798083750817
"A","trial","RL","5-HT","Pre-Stim",8,51,NA,8.91063285172819
"A","trial","RL","5-HT","Pre-Stim",8,52,NA,7.5244186274006
"A","trial","RL","5-HT","Pre-Stim",8,53,NA,7.08347607432385
"A","trial","RL","5-HT","Pre-Stim",8,54,NA,7.12880406609073
"A","trial","RL","5-HT","Pre-Stim",8,55,NA,8.18318509951066
"A","trial","RL","5-HT","Pre-Stim",8,56,NA,8.39131000192648
"A","trial","RL","5-HT","Pre-Stim",8,57,NA,7.94120290203894
"A","trial","RL","5-HT","Pre-Stim",8,58,NA,5.99870432894734
"A","trial","RL","5-HT","Pre-Stim",8,59,NA,6.5968131991825
"A","trial","RL","5-HT","Pre-Stim",8,60,NA,5.32212356172466
"A","trial","RL","5-HT","Pre-Stim",8,61,NA,6.92908921381249
"A","trial","RL","5-HT","Pre-Stim",8,62,NA,6.56467873316225
"A","trial","RL","5-HT","Pre-Stim",8,63,NA,4.4979926703298
"A","trial","RL","5-HT","Pre-Stim",8,64,NA,5.89016884644564
"A","trial","RL","5-HT","Pre-Stim",8,65,NA,7.35339945437954
"A","trial","RL","5-HT","Pre-Stim",8,66,NA,4.86576354672472
"A","trial","RL","5-HT","Pre-Stim",8,67,NA,4.72347151240296
"A","trial","RL","5-HT","Pre-Stim",8,68,NA,6.01352288347827
"A","trial","RL","5-HT","Pre-Stim",8,69,NA,5.71665311297998
"A","trial","RL","5-HT","Pre-Stim",8,70,NA,3.97932942288336
"A","trial","RL","5-HT","Pre-Stim",8,71,NA,4.81540796185618
"A","trial","RL","5-HT","Pre-Stim",8,72,NA,5.15886217754168
"A","trial","RL","5-HT","Pre-Stim",8,73,NA,5.02754050815221
"A","trial","RL","5-HT","Pre-Stim",8,74,NA,5.54978927673409
"A","trial","RL","5-HT","Pre-Stim",8,75,NA,4.66575888255617
"A","trial","RL","5-HT","Pre-Stim",8,76,NA,4.28438567469232
"A","trial","RL","5-HT","Pre-Stim",8,77,NA,4.33554862935799
"A","trial","RL","5-HT","Pre-Stim",8,78,NA,3.8937115894773
"A","trial","RL","5-HT","Pre-Stim",8,79,NA,1.5277447271574
"A","trial","RL","5-HT","Pre-Stim",8,80,NA,4.81783926817974
"A","trial","RL","5-HT","Pre-Stim",8,81,NA,2.6038410644248
"A","trial","RL","5-HT","Pre-Stim",8,82,NA,3.16823633103667
"A","trial","RL","5-HT","Pre-Stim",8,83,NA,1.84730166071283
"A","trial","RL","5-HT","Pre-Stim",8,84,NA,2.42364951396896
"A","trial","RL","5-HT","Pre-Stim",8,85,NA,4.70889928707329
"A","trial","RL","5-HT","Pre-Stim",8,86,NA,3.77303993474867
"A","trial","RL","5-HT","Pre-Stim",8,87,NA,2.31366252210913
"A","trial","RL","5-HT","Pre-Stim",8,88,NA,2.2161669518548
"A","trial","RL","5-HT","Pre-Stim",8,89,NA,3.5776495694147
"A","trial","RL","5-HT","Pre-Stim",8,90,NA,3.95350222520238
"A","trial","RL","5-HT","Pre-Stim",8,91,NA,2.9668620996602
"A","trial","RL","5-HT","Pre-Stim",8,92,NA,5.31027428090761
"A","trial","RL","5-HT","Pre-Stim",8,93,NA,2.06337682175617
"A","trial","RL","5-HT","Pre-Stim",8,94,NA,2.05465600924051
"A","trial","RL","5-HT","Pre-Stim",8,95,NA,3.57849599658946
"A","trial","RL","5-HT","Pre-Stim",8,96,NA,6.64222176126375
"A","trial","RL","5-HT","Pre-Stim",8,97,NA,5.60573007140336
"A","trial","RL","5-HT","Pre-Stim",8,98,NA,4.31209362330566
"A","trial","RL","5-HT","Pre-Stim",8,99,NA,4.60195966869236
"A","trial","RL","5-HT","Pre-Stim",8,100,NA,5.06542395164842
"A","trial","RL","5-HT","Pre-Stim",8,101,NA,4.95822010160505
"A","trial","RL","5-HT","Pre-Stim",8,102,NA,4.07339391149795
"A","trial","RL","5-HT","Pre-Stim",8,103,NA,2.78811254994698
"A","trial","RL","5-HT","Pre-Stim",8,104,NA,4.9957438164084
"A","trial","RL","5-HT","Pre-Stim",8,105,NA,3.90756412670823
"A","trial","RL","DA","Post-Stim",9,1,NA,3.53927000979104
"A","trial","RL","DA","Post-Stim",9,2,NA,3.27575022369208
"A","trial","RL","DA","Post-Stim",9,4,NA,4.56703668718679
"A","trial","RL","DA","Post-Stim",9,5,NA,1.98198325426171
"A","trial","RL","DA","Post-Stim",9,6,NA,3.70104792360693
"A","trial","RL","DA","Post-Stim",9,7,NA,4.14310018615538
"A","trial","RL","DA","Post-Stim",9,8,NA,4.32721437711589
"A","trial","RL","DA","Post-Stim",9,9,NA,3.34502588415984
"A","trial","RL","DA","Post-Stim",9,10,NA,3.60474727582561
"A","trial","RL","DA","Post-Stim",9,11,NA,0.740098461764976
"A","trial","RL","DA","Post-Stim",9,12,NA,2.53962252982297
"A","trial","RL","DA","Post-Stim",9,13,NA,0.120691067165294
"A","trial","RL","DA","Post-Stim",9,14,NA,2.17217866276041
"A","trial","RL","DA","Post-Stim",9,16,NA,2.13381227960982
"A","trial","RL","DA","Post-Stim",9,17,NA,2.25929529915388
"A","trial","RL","DA","Post-Stim",9,18,NA,3.02287420642199
"A","trial","RL","DA","Post-Stim",9,19,NA,2.70037164894864
"A","trial","RL","DA","Post-Stim",9,20,NA,3.58502966100538
"A","trial","RL","DA","Post-Stim",9,21,NA,1.95923781032296
"A","trial","RL","DA","Post-Stim",9,22,NA,3.07672833233024
"A","trial","RL","DA","Post-Stim",9,23,NA,1.11083015219222
"A","trial","RL","DA","Post-Stim",9,24,NA,1.81095652643185
"A","trial","RL","DA","Post-Stim",9,25,NA,0.380776971786162
"A","trial","RL","DA","Post-Stim",9,26,NA,0.337932360592441
"A","trial","RL","DA","Post-Stim",9,27,NA,2.0702944392934
"A","trial","RL","DA","Post-Stim",9,28,NA,2.26072109103793
"A","trial","RL","DA","Post-Stim",9,30,NA,-0.369087251736672
"A","trial","RL","DA","Post-Stim",9,31,NA,1.42188719085541
"A","trial","RL","DA","Post-Stim",9,32,NA,-0.476165695772135
"A","trial","RL","DA","Post-Stim",9,33,NA,-0.0512907175035995
"A","trial","RL","DA","Post-Stim",9,34,NA,1.53179400845473
"A","trial","RL","DA","Post-Stim",9,35,NA,1.62560389505222
"A","trial","RL","DA","Post-Stim",9,36,NA,0.884616438931635
"A","trial","RL","DA","Post-Stim",9,37,NA,-1.54239184091534
"A","trial","RL","DA","Post-Stim",9,38,NA,-0.40651299083661
"A","trial","RL","DA","Post-Stim",9,39,NA,1.72147875675041
"A","trial","RL","DA","Post-Stim",9,40,NA,-1.47549902443548
"A","trial","RL","DA","Post-Stim",9,41,NA,1.37738960769107
"A","trial","RL","DA","Post-Stim",9,42,NA,1.64322982622135
"A","trial","RL","DA","Post-Stim",9,43,NA,3.96805423191954
"A","trial","RL","DA","Post-Stim",9,44,NA,0.812542604700213
"A","trial","RL","DA","Post-Stim",9,45,NA,-0.77658532652798
"A","trial","RL","DA","Post-Stim",9,46,NA,-0.708025511064029
"A","trial","RL","DA","Post-Stim",9,47,NA,-0.103997456609679
"A","trial","RL","DA","Post-Stim",9,48,NA,-2.71309512860608
"A","trial","RL","DA","Post-Stim",9,49,NA,0.156952232960912
"A","trial","RL","DA","Post-Stim",9,50,NA,0.918272855586264
"A","trial","RL","DA","Post-Stim",9,51,NA,4.06593587881037
"A","trial","RL","DA","Post-Stim",9,52,NA,-1.37830804552223
"A","trial","RL","DA","Post-Stim",9,53,NA,-1.27378669580149
"A","trial","RL","DA","Post-Stim",9,54,NA,0.22553116350821
"A","trial","RL","DA","Post-Stim",9,55,NA,1.71501872933484
"A","trial","RL","DA","Post-Stim",9,56,NA,-1.78259357327627
"A","trial","RL","DA","Post-Stim",9,57,NA,-0.633002342525921
"A","trial","RL","DA","Post-Stim",9,58,NA,1.50903868576899
"A","trial","RL","DA","Post-Stim",9,59,NA,2.65819705928865
"A","trial","RL","DA","Post-Stim",9,60,NA,1.45768001082829
"A","trial","RL","DA","Post-Stim",9,61,NA,-1.82796171043766
"A","trial","RL","DA","Post-Stim",9,62,NA,0.662660514908815
"A","trial","RL","DA","Post-Stim",9,63,NA,2.05558481020975
"A","trial","RL","DA","Post-Stim",9,64,NA,2.84030002529729
"A","trial","RL","DA","Post-Stim",9,65,NA,-0.778317394628902
"A","trial","RL","DA","Post-Stim",9,66,NA,0.153784821736406
"A","trial","RL","DA","Post-Stim",9,67,NA,1.28835934371397
"A","trial","RL","DA","Post-Stim",9,68,NA,3.03725256521296
"A","trial","RL","DA","Post-Stim",9,69,NA,1.16499221988977
"A","trial","RL","DA","Post-Stim",9,70,NA,1.9332063858451
"A","trial","RL","DA","Post-Stim",9,71,NA,1.17241794652254
"A","trial","RL","DA","Post-Stim",9,72,NA,0.734029765696297
"A","trial","RL","DA","Post-Stim",9,74,NA,0.10259695509676
"A","trial","RL","DA","Post-Stim",9,75,NA,0.661745047311369
"A","trial","RL","DA","Post-Stim",9,76,NA,-0.691345048817193
"A","trial","RL","DA","Post-Stim",9,77,NA,-0.973112384308473
"A","trial","RL","DA","Post-Stim",9,78,NA,-1.72989426893825
"A","trial","RL","DA","Post-Stim",9,79,NA,-2.58838169141468
"A","trial","RL","DA","Post-Stim",9,80,NA,2.78343141282548
"A","trial","RL","DA","Post-Stim",9,81,NA,-0.136131109529424
"A","trial","RL","DA","Post-Stim",9,82,NA,-3.08557423471876
"A","trial","RL","DA","Post-Stim",9,83,NA,-0.640542923257519
"A","trial","RL","DA","Post-Stim",9,84,NA,0.961895228571027
"A","trial","RL","DA","Post-Stim",9,86,NA,0.124844371397949
"A","trial","RL","DA","Post-Stim",9,87,NA,-0.478814548129593
"A","trial","RL","DA","Post-Stim",9,88,NA,-2.26486809396192
"A","trial","RL","DA","Post-Stim",9,89,NA,-1.20509103372668
"A","trial","RL","DA","Post-Stim",9,90,NA,3.25895913781858
"A","trial","RL","DA","Post-Stim",9,91,NA,-2.22836499762799
"A","trial","RL","DA","Post-Stim",9,92,NA,-0.67492426188888
"A","trial","RL","DA","Post-Stim",9,93,NA,-3.24370697777162
"A","trial","RL","DA","Post-Stim",9,94,NA,-0.151235108312084
"A","trial","RL","DA","Post-Stim",9,95,NA,2.67969920345075
"A","trial","RL","DA","Post-Stim",9,96,NA,-1.71555105910483
"A","trial","RL","DA","Post-Stim",9,97,NA,-2.18379061892745
"A","trial","RL","DA","Post-Stim",9,98,NA,-1.66504436122812
"A","trial","RL","DA","Post-Stim",9,100,NA,0.0281129064314849
"A","trial","RL","DA","Post-Stim",9,101,NA,-3.63285646704209
"A","trial","RL","DA","Post-Stim",9,102,NA,-1.17514044481479
"A","trial","RL","DA","Post-Stim",9,103,NA,-0.938075635903524
"A","trial","RL","DA","Post-Stim",9,104,NA,0.0657005952261861
"A","trial","RL","DA","Post-Stim",9,105,NA,-1.58362707897332
"A","trial","RL","5-HT","Post-Stim",9,1,NA,6.02914512433278
"A","trial","RL","5-HT","Post-Stim",9,2,NA,4.55362705175686
"A","trial","RL","5-HT","Post-Stim",9,4,NA,6.53280209933311
"A","trial","RL","5-HT","Post-Stim",9,5,NA,6.09662369465651
"A","trial","RL","5-HT","Post-Stim",9,6,NA,7.09864797850771
"A","trial","RL","5-HT","Post-Stim",9,7,NA,5.9585993690915
"A","trial","RL","5-HT","Post-Stim",9,8,NA,5.67852916300803
"A","trial","RL","5-HT","Post-Stim",9,9,NA,5.43085212177457
"A","trial","RL","5-HT","Post-Stim",9,10,NA,5.81139920660693
"A","trial","RL","5-HT","Post-Stim",9,11,NA,6.74538770441328
"A","trial","RL","5-HT","Post-Stim",9,12,NA,4.40968673172764
"A","trial","RL","5-HT","Post-Stim",9,13,NA,5.70723120308972
"A","trial","RL","5-HT","Post-Stim",9,14,NA,6.80398509261566
"A","trial","RL","5-HT","Post-Stim",9,16,NA,5.39753446723261
"A","trial","RL","5-HT","Post-Stim",9,17,NA,6.55370232825497
"A","trial","RL","5-HT","Post-Stim",9,18,NA,7.15937443492588
"A","trial","RL","5-HT","Post-Stim",9,19,NA,6.50696708177278
"A","trial","RL","5-HT","Post-Stim",9,20,NA,6.80602984133358
"A","trial","RL","5-HT","Post-Stim",9,21,NA,7.32534000603278
"A","trial","RL","5-HT","Post-Stim",9,22,NA,6.68139337208417
"A","trial","RL","5-HT","Post-Stim",9,23,NA,4.97963383528199
"A","trial","RL","5-HT","Post-Stim",9,24,NA,5.77732829105131
"A","trial","RL","5-HT","Post-Stim",9,25,NA,6.36690322580725
"A","trial","RL","5-HT","Post-Stim",9,26,NA,8.3030545652914
"A","trial","RL","5-HT","Post-Stim",9,27,NA,6.63673519796029
"A","trial","RL","5-HT","Post-Stim",9,28,NA,8.21733811927335
"A","trial","RL","5-HT","Post-Stim",9,30,NA,6.5806567455635
"A","trial","RL","5-HT","Post-Stim",9,31,NA,7.62753939216402
"A","trial","RL","5-HT","Post-Stim",9,32,NA,7.52138496744311
"A","trial","RL","5-HT","Post-Stim",9,33,NA,7.08720494349074
"A","trial","RL","5-HT","Post-Stim",9,34,NA,7.15096439662294
"A","trial","RL","5-HT","Post-Stim",9,35,NA,7.29917255007603
"A","trial","RL","5-HT","Post-Stim",9,36,NA,5.24288889125628
"A","trial","RL","5-HT","Post-Stim",9,37,NA,6.00944074423632
"A","trial","RL","5-HT","Post-Stim",9,38,NA,6.45754080437616
"A","trial","RL","5-HT","Post-Stim",9,39,NA,6.59238030250101
"A","trial","RL","5-HT","Post-Stim",9,40,NA,7.5793038017824
"A","trial","RL","5-HT","Post-Stim",9,41,NA,6.54559031820802
"A","trial","RL","5-HT","Post-Stim",9,42,NA,7.25977571141231
"A","trial","RL","5-HT","Post-Stim",9,43,NA,7.01135561630191
"A","trial","RL","5-HT","Post-Stim",9,44,NA,6.24275850823644
"A","trial","RL","5-HT","Post-Stim",9,45,NA,6.44657732988218
"A","trial","RL","5-HT","Post-Stim",9,46,NA,6.45079133752707
"A","trial","RL","5-HT","Post-Stim",9,47,NA,7.88486101661553
"A","trial","RL","5-HT","Post-Stim",9,48,NA,6.86406158036559
"A","trial","RL","5-HT","Post-Stim",9,49,NA,7.68748199336379
"A","trial","RL","5-HT","Post-Stim",9,50,NA,7.99739828362876
"A","trial","RL","5-HT","Post-Stim",9,51,NA,7.1684687828444
"A","trial","RL","5-HT","Post-Stim",9,52,NA,6.53154331890065
"A","trial","RL","5-HT","Post-Stim",9,53,NA,5.96588126543647
"A","trial","RL","5-HT","Post-Stim",9,54,NA,7.8445062605986
"A","trial","RL","5-HT","Post-Stim",9,55,NA,8.07071933530501
"A","trial","RL","5-HT","Post-Stim",9,56,NA,6.14551090416156
"A","trial","RL","5-HT","Post-Stim",9,57,NA,7.38225005549356
"A","trial","RL","5-HT","Post-Stim",9,58,NA,8.43845211666147
"A","trial","RL","5-HT","Post-Stim",9,59,NA,6.80589880987518
"A","trial","RL","5-HT","Post-Stim",9,60,NA,5.68213862387376
"A","trial","RL","5-HT","Post-Stim",9,61,NA,5.68664732851749
"A","trial","RL","5-HT","Post-Stim",9,62,NA,7.86671939210504
"A","trial","RL","5-HT","Post-Stim",9,63,NA,6.51932895074779
"A","trial","RL","5-HT","Post-Stim",9,64,NA,6.93118469310773
"A","trial","RL","5-HT","Post-Stim",9,65,NA,6.11648641994221
"A","trial","RL","5-HT","Post-Stim",9,66,NA,7.2726241610543
"A","trial","RL","5-HT","Post-Stim",9,67,NA,8.90791376580246
"A","trial","RL","5-HT","Post-Stim",9,68,NA,7.14492942838047
"A","trial","RL","5-HT","Post-Stim",9,69,NA,4.70264760389551
"A","trial","RL","5-HT","Post-Stim",9,70,NA,5.62700987441563
"A","trial","RL","5-HT","Post-Stim",9,71,NA,6.89803703511598
"A","trial","RL","5-HT","Post-Stim",9,72,NA,6.98100123906799
"A","trial","RL","5-HT","Post-Stim",9,74,NA,7.12356978481246
"A","trial","RL","5-HT","Post-Stim",9,75,NA,6.19507262640964
"A","trial","RL","5-HT","Post-Stim",9,76,NA,6.47604771232602
"A","trial","RL","5-HT","Post-Stim",9,77,NA,6.41303038816219
"A","trial","RL","5-HT","Post-Stim",9,78,NA,6.1566291373631
"A","trial","RL","5-HT","Post-Stim",9,79,NA,7.81434313791716
"A","trial","RL","5-HT","Post-Stim",9,80,NA,7.12507730281694
"A","trial","RL","5-HT","Post-Stim",9,81,NA,7.07206689759367
"A","trial","RL","5-HT","Post-Stim",9,82,NA,5.78426573772946
"A","trial","RL","5-HT","Post-Stim",9,83,NA,6.84998400187467
"A","trial","RL","5-HT","Post-Stim",9,84,NA,7.43076478058222
"A","trial","RL","5-HT","Post-Stim",9,86,NA,6.54835971187525
"A","trial","RL","5-HT","Post-Stim",9,87,NA,5.8938927523468
"A","trial","RL","5-HT","Post-Stim",9,88,NA,7.08363149461201
"A","trial","RL","5-HT","Post-Stim",9,89,NA,8.21851335169526
"A","trial","RL","5-HT","Post-Stim",9,90,NA,4.98499215157123
"A","trial","RL","5-HT","Post-Stim",9,91,NA,6.63127908638259
"A","trial","RL","5-HT","Post-Stim",9,92,NA,6.56419821177547
"A","trial","RL","5-HT","Post-Stim",9,93,NA,7.2296618873161
"A","trial","RL","5-HT","Post-Stim",9,94,NA,7.97183654779953
"A","trial","RL","5-HT","Post-Stim",9,95,NA,6.43227170808752
"A","trial","RL","5-HT","Post-Stim",9,96,NA,5.86595174377367
"A","trial","RL","5-HT","Post-Stim",9,97,NA,6.59352195073051
"A","trial","RL","5-HT","Post-Stim",9,98,NA,7.45761664943051
"A","trial","RL","5-HT","Post-Stim",9,100,NA,5.82460981430908
"A","trial","RL","5-HT","Post-Stim",9,101,NA,5.63380971875917
"A","trial","RL","5-HT","Post-Stim",9,102,NA,7.28300118842881
"A","trial","RL","5-HT","Post-Stim",9,103,NA,8.35434168000735
"A","trial","RL","5-HT","Post-Stim",9,104,NA,7.65634050441278
"A","trial","RL","5-HT","Post-Stim",9,105,NA,5.91102875087862
"A","trial","RL","DA","Pre-Stim",9,1,NA,-9.45699954684647
"A","trial","RL","DA","Pre-Stim",9,2,NA,-7.95957594534482
"A","trial","RL","DA","Pre-Stim",9,3,NA,-9.42714504394382
"A","trial","RL","DA","Pre-Stim",9,4,NA,-10.2022124733759
"A","trial","RL","DA","Pre-Stim",9,5,NA,-9.83063609926553
"A","trial","RL","DA","Pre-Stim",9,6,NA,-10.3121291475209
"A","trial","RL","DA","Pre-Stim",9,7,NA,-10.2908804432272
"A","trial","RL","DA","Pre-Stim",9,8,NA,-11.3099175856744
"A","trial","RL","DA","Pre-Stim",9,9,NA,-8.25718950029654
"A","trial","RL","DA","Pre-Stim",9,10,NA,-9.19692725432015
"A","trial","RL","DA","Pre-Stim",9,11,NA,-12.0219551198684
"A","trial","RL","DA","Pre-Stim",9,12,NA,-9.04473572841737
"A","trial","RL","DA","Pre-Stim",9,13,NA,-9.5378169370467
"A","trial","RL","DA","Pre-Stim",9,14,NA,-7.83328051879089
"A","trial","RL","DA","Pre-Stim",9,15,NA,-9.06480366684288
"A","trial","RL","DA","Pre-Stim",9,16,NA,-8.91085216702409
"A","trial","RL","DA","Pre-Stim",9,17,NA,-7.89889219636596
"A","trial","RL","DA","Pre-Stim",9,18,NA,-10.9255256709482
"A","trial","RL","DA","Pre-Stim",9,19,NA,-8.28646673684966
"A","trial","RL","DA","Pre-Stim",9,20,NA,-9.40955551550406
"A","trial","RL","DA","Pre-Stim",9,21,NA,-8.37179205888027
"A","trial","RL","DA","Pre-Stim",9,22,NA,-8.18359403913816
"A","trial","RL","DA","Pre-Stim",9,23,NA,-8.85719268925749
"A","trial","RL","DA","Pre-Stim",9,24,NA,-8.61795818571222
"A","trial","RL","DA","Pre-Stim",9,25,NA,-8.4947415652383
"A","trial","RL","DA","Pre-Stim",9,26,NA,-8.53417144357335
"A","trial","RL","DA","Pre-Stim",9,27,NA,-8.3729725517433
"A","trial","RL","DA","Pre-Stim",9,28,NA,-8.56378698645353
"A","trial","RL","DA","Pre-Stim",9,29,NA,-7.83123530103739
"A","trial","RL","DA","Pre-Stim",9,30,NA,-5.34892565688395
"A","trial","RL","DA","Pre-Stim",9,31,NA,-6.68975988377112
"A","trial","RL","DA","Pre-Stim",9,32,NA,-6.66721105730212
"A","trial","RL","DA","Pre-Stim",9,33,NA,-7.814628219073
"A","trial","RL","DA","Pre-Stim",9,34,NA,-9.04003425524144
"A","trial","RL","DA","Pre-Stim",9,35,NA,-6.35883638954972
"A","trial","RL","DA","Pre-Stim",9,37,NA,-6.00223608149035
"A","trial","RL","DA","Pre-Stim",9,38,NA,-4.83348619908544
"A","trial","RL","DA","Pre-Stim",9,39,NA,-6.21407202381707
"A","trial","RL","DA","Pre-Stim",9,40,NA,-5.80757294529799
"A","trial","RL","DA","Pre-Stim",9,41,NA,-5.42238271484347
"A","trial","RL","DA","Pre-Stim",9,42,NA,-6.04586892284501
"A","trial","RL","DA","Pre-Stim",9,43,NA,-5.52261092105201
"A","trial","RL","DA","Pre-Stim",9,44,NA,-6.43211873320611
"A","trial","RL","DA","Pre-Stim",9,45,NA,-6.57055308330598
"A","trial","RL","DA","Pre-Stim",9,46,NA,-6.69758474302585
"A","trial","RL","DA","Pre-Stim",9,47,NA,-6.80563503246802
"A","trial","RL","DA","Pre-Stim",9,48,NA,-5.4368869534896
"A","trial","RL","DA","Pre-Stim",9,49,NA,-5.59904059602925
"A","trial","RL","DA","Pre-Stim",9,50,NA,-5.82658931223227
"A","trial","RL","DA","Pre-Stim",9,51,NA,-3.97713238867742
"A","trial","RL","DA","Pre-Stim",9,52,NA,-4.99370826442957
"A","trial","RL","DA","Pre-Stim",9,53,NA,-6.45920229638754
"A","trial","RL","DA","Pre-Stim",9,54,NA,-6.01710363358911
"A","trial","RL","DA","Pre-Stim",9,55,NA,-5.95606310947418
"A","trial","RL","DA","Pre-Stim",9,56,NA,-4.03035428818677
"A","trial","RL","DA","Pre-Stim",9,57,NA,-5.52892966651504
"A","trial","RL","DA","Pre-Stim",9,58,NA,-5.17712440903667
"A","trial","RL","DA","Pre-Stim",9,59,NA,-5.88847763479507
"A","trial","RL","DA","Pre-Stim",9,60,NA,-5.98607261040817
"A","trial","RL","DA","Pre-Stim",9,61,NA,-4.50176407206706
"A","trial","RL","DA","Pre-Stim",9,62,NA,-5.19850826802247
"A","trial","RL","DA","Pre-Stim",9,63,NA,-3.91668706191656
"A","trial","RL","DA","Pre-Stim",9,64,NA,-3.72830420034884
"A","trial","RL","DA","Pre-Stim",9,65,NA,-3.41917349969144
"A","trial","RL","DA","Pre-Stim",9,66,NA,-4.48726100052902
"A","trial","RL","DA","Pre-Stim",9,67,NA,-3.39224490365643
"A","trial","RL","DA","Pre-Stim",9,68,NA,-4.91849719445409
"A","trial","RL","DA","Pre-Stim",9,69,NA,-4.09977739674296
"A","trial","RL","DA","Pre-Stim",9,70,NA,-5.340728217612
"A","trial","RL","DA","Pre-Stim",9,72,NA,-4.75217065613716
"A","trial","RL","DA","Pre-Stim",9,73,NA,-5.5823519603952
"A","trial","RL","DA","Pre-Stim",9,74,NA,-3.61543401081487
"A","trial","RL","DA","Pre-Stim",9,75,NA,-4.86139383703489
"A","trial","RL","DA","Pre-Stim",9,76,NA,-4.26482448358117
"A","trial","RL","DA","Pre-Stim",9,77,NA,-1.66840477681675
"A","trial","RL","DA","Pre-Stim",9,78,NA,-3.94306853913414
"A","trial","RL","DA","Pre-Stim",9,79,NA,-2.86004626535428
"A","trial","RL","DA","Pre-Stim",9,80,NA,-2.50533202532228
"A","trial","RL","DA","Pre-Stim",9,81,NA,-1.63404882517938
"A","trial","RL","DA","Pre-Stim",9,82,NA,-0.952875020819177
"A","trial","RL","DA","Pre-Stim",9,83,NA,-3.93200528775215
"A","trial","RL","DA","Pre-Stim",9,84,NA,-1.40861374311984
"A","trial","RL","DA","Pre-Stim",9,85,NA,-2.13652157548683
"A","trial","RL","DA","Pre-Stim",9,86,NA,-0.926958293219541
"A","trial","RL","DA","Pre-Stim",9,87,NA,-2.08895760695383
"A","trial","RL","DA","Pre-Stim",9,88,NA,-3.29487343385676
"A","trial","RL","DA","Pre-Stim",9,89,NA,-3.204337238008
"A","trial","RL","DA","Pre-Stim",9,90,NA,-2.10088712764747
"A","trial","RL","DA","Pre-Stim",9,91,NA,-1.80244524445381
"A","trial","RL","DA","Pre-Stim",9,92,NA,-1.24838503573447
"A","trial","RL","DA","Pre-Stim",9,93,NA,0.561252476213033
"A","trial","RL","DA","Pre-Stim",9,94,NA,-0.389931385127334
"A","trial","RL","DA","Pre-Stim",9,95,NA,-0.77143802414799
"A","trial","RL","DA","Pre-Stim",9,96,NA,-2.65448062125153
"A","trial","RL","DA","Pre-Stim",9,97,NA,-1.45325370937176
"A","trial","RL","DA","Pre-Stim",9,98,NA,-1.05692577151079
"A","trial","RL","DA","Pre-Stim",9,99,NA,-1.29120872393192
"A","trial","RL","DA","Pre-Stim",9,100,NA,-0.402407695957168
"A","trial","RL","DA","Pre-Stim",9,101,NA,0.645657934255752
"A","trial","RL","DA","Pre-Stim",9,102,NA,-1.41025146405173
"A","trial","RL","DA","Pre-Stim",9,103,NA,0.661552446299534
"A","trial","RL","DA","Pre-Stim",9,104,NA,1.10420737352064
"A","trial","RL","DA","Pre-Stim",9,105,NA,0.259281189691678
"A","trial","RL","5-HT","Pre-Stim",9,1,NA,-7.43758713081171
"A","trial","RL","5-HT","Pre-Stim",9,2,NA,-7.54441652735271
"A","trial","RL","5-HT","Pre-Stim",9,3,NA,-7.03965766782772
"A","trial","RL","5-HT","Pre-Stim",9,4,NA,-7.82779573933602
"A","trial","RL","5-HT","Pre-Stim",9,5,NA,-7.00218264057724
"A","trial","RL","5-HT","Pre-Stim",9,6,NA,-7.33518701804121
"A","trial","RL","5-HT","Pre-Stim",9,7,NA,-7.60121867108514
"A","trial","RL","5-HT","Pre-Stim",9,8,NA,-8.34971477740929
"A","trial","RL","5-HT","Pre-Stim",9,9,NA,-7.79909834743479
"A","trial","RL","5-HT","Pre-Stim",9,10,NA,-7.04755697074388
"A","trial","RL","5-HT","Pre-Stim",9,11,NA,-7.20814705936136
"A","trial","RL","5-HT","Pre-Stim",9,12,NA,-8.37410312764853
"A","trial","RL","5-HT","Pre-Stim",9,13,NA,-8.91191276753934
"A","trial","RL","5-HT","Pre-Stim",9,14,NA,-7.6594378820614
"A","trial","RL","5-HT","Pre-Stim",9,15,NA,-7.56863702356994
"A","trial","RL","5-HT","Pre-Stim",9,16,NA,-7.52932826381377
"A","trial","RL","5-HT","Pre-Stim",9,17,NA,-6.97295685556499
"A","trial","RL","5-HT","Pre-Stim",9,18,NA,-7.41944881688612
"A","trial","RL","5-HT","Pre-Stim",9,19,NA,-8.77853650240485
"A","trial","RL","5-HT","Pre-Stim",9,20,NA,-7.88262937101705
"A","trial","RL","5-HT","Pre-Stim",9,21,NA,-6.8250163004429
"A","trial","RL","5-HT","Pre-Stim",9,22,NA,-7.94397382469824
"A","trial","RL","5-HT","Pre-Stim",9,23,NA,-8.02154432466016
"A","trial","RL","5-HT","Pre-Stim",9,24,NA,-8.46676150544002
"A","trial","RL","5-HT","Pre-Stim",9,25,NA,-7.02187865783849
"A","trial","RL","5-HT","Pre-Stim",9,26,NA,-7.60569321734732
"A","trial","RL","5-HT","Pre-Stim",9,27,NA,-7.07974093296308
"A","trial","RL","5-HT","Pre-Stim",9,28,NA,-6.5498264730597
"A","trial","RL","5-HT","Pre-Stim",9,29,NA,-8.23702567430617
"A","trial","RL","5-HT","Pre-Stim",9,30,NA,-8.20813388551462
"A","trial","RL","5-HT","Pre-Stim",9,31,NA,-7.22988824812112
"A","trial","RL","5-HT","Pre-Stim",9,32,NA,-7.70775249385624
"A","trial","RL","5-HT","Pre-Stim",9,33,NA,-7.98857681628468
"A","trial","RL","5-HT","Pre-Stim",9,34,NA,-8.43403850681574
"A","trial","RL","5-HT","Pre-Stim",9,35,NA,-7.5998325083106
"A","trial","RL","5-HT","Pre-Stim",9,37,NA,-6.8755996081337
"A","trial","RL","5-HT","Pre-Stim",9,38,NA,-6.36779444554622
"A","trial","RL","5-HT","Pre-Stim",9,39,NA,-6.52900025691396
"A","trial","RL","5-HT","Pre-Stim",9,40,NA,-7.08297421871029
"A","trial","RL","5-HT","Pre-Stim",9,41,NA,-5.80073062243258
"A","trial","RL","5-HT","Pre-Stim",9,42,NA,-6.47828382761498
"A","trial","RL","5-HT","Pre-Stim",9,43,NA,-5.56040902610526
"A","trial","RL","5-HT","Pre-Stim",9,44,NA,-6.56807159973582
"A","trial","RL","5-HT","Pre-Stim",9,45,NA,-6.75437757955999
"A","trial","RL","5-HT","Pre-Stim",9,46,NA,-6.90834050857273
"A","trial","RL","5-HT","Pre-Stim",9,47,NA,-6.26718527860698
"A","trial","RL","5-HT","Pre-Stim",9,48,NA,-5.93293463521597
"A","trial","RL","5-HT","Pre-Stim",9,49,NA,-5.72626366648899
"A","trial","RL","5-HT","Pre-Stim",9,50,NA,-7.12410513497148
"A","trial","RL","5-HT","Pre-Stim",9,51,NA,-6.20049880168468
"A","trial","RL","5-HT","Pre-Stim",9,52,NA,-6.1560422485141
"A","trial","RL","5-HT","Pre-Stim",9,53,NA,-6.11688934594612
"A","trial","RL","5-HT","Pre-Stim",9,54,NA,-5.97598900199959
"A","trial","RL","5-HT","Pre-Stim",9,55,NA,-5.69430974490736
"A","trial","RL","5-HT","Pre-Stim",9,56,NA,-7.14036695094823
"A","trial","RL","5-HT","Pre-Stim",9,57,NA,-5.85630679570176
"A","trial","RL","5-HT","Pre-Stim",9,58,NA,-5.65964328240178
"A","trial","RL","5-HT","Pre-Stim",9,59,NA,-6.05312969606294
"A","trial","RL","5-HT","Pre-Stim",9,60,NA,-6.33319689447543
"A","trial","RL","5-HT","Pre-Stim",9,61,NA,-5.81240407985699
"A","trial","RL","5-HT","Pre-Stim",9,62,NA,-6.13533120945097
"A","trial","RL","5-HT","Pre-Stim",9,63,NA,-5.71510273753834
"A","trial","RL","5-HT","Pre-Stim",9,64,NA,-5.91229438067619
"A","trial","RL","5-HT","Pre-Stim",9,65,NA,-5.49746405275399
"A","trial","RL","5-HT","Pre-Stim",9,66,NA,-4.81958900196146
"A","trial","RL","5-HT","Pre-Stim",9,67,NA,-6.23901158715078
"A","trial","RL","5-HT","Pre-Stim",9,68,NA,-5.98040110957185
"A","trial","RL","5-HT","Pre-Stim",9,69,NA,-6.04130861503539
"A","trial","RL","5-HT","Pre-Stim",9,70,NA,-5.84635902884453
"A","trial","RL","5-HT","Pre-Stim",9,72,NA,-6.06184017834163
"A","trial","RL","5-HT","Pre-Stim",9,73,NA,-5.24511195282296
"A","trial","RL","5-HT","Pre-Stim",9,74,NA,-5.33891393306174
"A","trial","RL","5-HT","Pre-Stim",9,75,NA,-4.51354113009448
"A","trial","RL","5-HT","Pre-Stim",9,76,NA,-5.16317928500255
"A","trial","RL","5-HT","Pre-Stim",9,77,NA,-5.32351398488592
"A","trial","RL","5-HT","Pre-Stim",9,78,NA,-5.2717806639715
"A","trial","RL","5-HT","Pre-Stim",9,79,NA,-5.33359356403614
"A","trial","RL","5-HT","Pre-Stim",9,80,NA,-4.39307481414807
"A","trial","RL","5-HT","Pre-Stim",9,81,NA,-4.38560502640586
"A","trial","RL","5-HT","Pre-Stim",9,82,NA,-6.03866448377752
"A","trial","RL","5-HT","Pre-Stim",9,83,NA,-5.01950640781301
"A","trial","RL","5-HT","Pre-Stim",9,84,NA,-5.42965416274409
"A","trial","RL","5-HT","Pre-Stim",9,85,NA,-4.20070898236226
"A","trial","RL","5-HT","Pre-Stim",9,86,NA,-5.97531188865356
"A","trial","RL","5-HT","Pre-Stim",9,87,NA,-5.52335967578096
"A","trial","RL","5-HT","Pre-Stim",9,88,NA,-4.70616303923685
"A","trial","RL","5-HT","Pre-Stim",9,89,NA,-3.75576231141846
"A","trial","RL","5-HT","Pre-Stim",9,90,NA,-4.7579474010598
"A","trial","RL","5-HT","Pre-Stim",9,91,NA,-4.19080697742615
"A","trial","RL","5-HT","Pre-Stim",9,92,NA,-5.00031821124135
"A","trial","RL","5-HT","Pre-Stim",9,93,NA,-4.87649734778107
"A","trial","RL","5-HT","Pre-Stim",9,94,NA,-4.42006913129914
"A","trial","RL","5-HT","Pre-Stim",9,95,NA,-4.77204934426094
"A","trial","RL","5-HT","Pre-Stim",9,96,NA,-4.1944620021115
"A","trial","RL","5-HT","Pre-Stim",9,97,NA,-4.10851680242457
"A","trial","RL","5-HT","Pre-Stim",9,98,NA,-5.4490887736715
"A","trial","RL","5-HT","Pre-Stim",9,99,NA,-3.71821777885407
"A","trial","RL","5-HT","Pre-Stim",9,100,NA,-3.13189954696515
"A","trial","RL","5-HT","Pre-Stim",9,101,NA,-4.77599830563888
"A","trial","RL","5-HT","Pre-Stim",9,102,NA,-4.69580472919787
"A","trial","RL","5-HT","Pre-Stim",9,103,NA,-5.02029277524479
"A","trial","RL","5-HT","Pre-Stim",9,104,NA,-4.02829579720413
"A","trial","RL","5-HT","Pre-Stim",9,105,NA,-3.45399475528552
"A","trial","RL","DA","Post-Stim",10,1,NA,8.14787803751535
"A","trial","RL","DA","Post-Stim",10,2,NA,7.35952453666171
"A","trial","RL","DA","Post-Stim",10,3,NA,6.84376910601036
"A","trial","RL","DA","Post-Stim",10,5,NA,6.74074545098325
"A","trial","RL","DA","Post-Stim",10,6,NA,6.78678273359342
"A","trial","RL","DA","Post-Stim",10,7,NA,7.00424983537415
"A","trial","RL","DA","Post-Stim",10,8,NA,6.19645886967123
"A","trial","RL","DA","Post-Stim",10,9,NA,6.62862193643014
"A","trial","RL","DA","Post-Stim",10,10,NA,6.66058114663398
"A","trial","RL","DA","Post-Stim",10,11,NA,5.98273821085039
"A","trial","RL","DA","Post-Stim",10,12,NA,6.09738178763262
"A","trial","RL","DA","Post-Stim",10,13,NA,6.20129260904046
"A","trial","RL","DA","Post-Stim",10,14,NA,6.22466878422775
"A","trial","RL","DA","Post-Stim",10,15,NA,6.45415166137285
"A","trial","RL","DA","Post-Stim",10,16,NA,6.09796921472982
"A","trial","RL","DA","Post-Stim",10,17,NA,5.36973697728244
"A","trial","RL","DA","Post-Stim",10,18,NA,5.70077490773929
"A","trial","RL","DA","Post-Stim",10,19,NA,5.47406826977788
"A","trial","RL","DA","Post-Stim",10,20,NA,5.27022387992656
"A","trial","RL","DA","Post-Stim",10,21,NA,5.8158146283956
"A","trial","RL","DA","Post-Stim",10,22,NA,5.59877807103196
"A","trial","RL","DA","Post-Stim",10,23,NA,5.72417078698746
"A","trial","RL","DA","Post-Stim",10,24,NA,5.38280727344257
"A","trial","RL","DA","Post-Stim",10,25,NA,4.99235449724285
"A","trial","RL","DA","Post-Stim",10,26,NA,5.41866892150378
"A","trial","RL","DA","Post-Stim",10,27,NA,5.22155181353236
"A","trial","RL","DA","Post-Stim",10,28,NA,4.97575684536
"A","trial","RL","DA","Post-Stim",10,29,NA,5.28482449189464
"A","trial","RL","DA","Post-Stim",10,30,NA,4.73015677426896
"A","trial","RL","DA","Post-Stim",10,31,NA,4.88174790464354
"A","trial","RL","DA","Post-Stim",10,32,NA,4.93591316688985
"A","trial","RL","DA","Post-Stim",10,33,NA,4.65707330096501
"A","trial","RL","DA","Post-Stim",10,34,NA,4.54696737569131
"A","trial","RL","DA","Post-Stim",10,35,NA,4.64482905838997
"A","trial","RL","DA","Post-Stim",10,36,NA,4.55920223362947
"A","trial","RL","DA","Post-Stim",10,37,NA,4.77685046040969
"A","trial","RL","DA","Post-Stim",10,38,NA,4.89466987438956
"A","trial","RL","DA","Post-Stim",10,39,NA,3.94208206049461
"A","trial","RL","DA","Post-Stim",10,40,NA,3.98948764492788
"A","trial","RL","DA","Post-Stim",10,41,NA,4.35073298972302
"A","trial","RL","DA","Post-Stim",10,42,NA,4.45732785124124
"A","trial","RL","DA","Post-Stim",10,43,NA,4.63255502973625
"A","trial","RL","DA","Post-Stim",10,44,NA,3.63954633372469
"A","trial","RL","DA","Post-Stim",10,45,NA,3.6885846340005
"A","trial","RL","DA","Post-Stim",10,46,NA,3.49119651033403
"A","trial","RL","DA","Post-Stim",10,47,NA,3.40127814027305
"A","trial","RL","DA","Post-Stim",10,48,NA,3.78981770831668
"A","trial","RL","DA","Post-Stim",10,49,NA,3.73506234100388
"A","trial","RL","DA","Post-Stim",10,50,NA,3.37966176772291
"A","trial","RL","DA","Post-Stim",10,51,NA,2.82433225223449
"A","trial","RL","DA","Post-Stim",10,52,NA,3.87513887910024
"A","trial","RL","DA","Post-Stim",10,53,NA,2.8725696634756
"A","trial","RL","DA","Post-Stim",10,54,NA,3.2169114110022
"A","trial","RL","DA","Post-Stim",10,55,NA,3.2418624842325
"A","trial","RL","DA","Post-Stim",10,56,NA,2.98595328251515
"A","trial","RL","DA","Post-Stim",10,57,NA,3.59893923429604
"A","trial","RL","DA","Post-Stim",10,58,NA,3.47095846461644
"A","trial","RL","DA","Post-Stim",10,59,NA,3.37597624811884
"A","trial","RL","DA","Post-Stim",10,60,NA,2.86295678143153
"A","trial","RL","DA","Post-Stim",10,61,NA,3.14609762689404
"A","trial","RL","DA","Post-Stim",10,62,NA,2.88426208227629
"A","trial","RL","DA","Post-Stim",10,63,NA,2.83225913412685
"A","trial","RL","DA","Post-Stim",10,64,NA,3.13165943241367
"A","trial","RL","DA","Post-Stim",10,65,NA,2.8898749604499
"A","trial","RL","DA","Post-Stim",10,66,NA,2.10735063760882
"A","trial","RL","DA","Post-Stim",10,67,NA,2.86201212155121
"A","trial","RL","DA","Post-Stim",10,68,NA,2.82131944830802
"A","trial","RL","DA","Post-Stim",10,69,NA,2.18104679567714
"A","trial","RL","DA","Post-Stim",10,70,NA,2.58941787514414
"A","trial","RL","DA","Post-Stim",10,71,NA,2.49379189870564
"A","trial","RL","DA","Post-Stim",10,72,NA,2.46010807597221
"A","trial","RL","DA","Post-Stim",10,73,NA,2.21874090565545
"A","trial","RL","DA","Post-Stim",10,74,NA,2.54262067082123
"A","trial","RL","DA","Post-Stim",10,75,NA,2.54511780420661
"A","trial","RL","DA","Post-Stim",10,76,NA,1.92648671581235
"A","trial","RL","DA","Post-Stim",10,77,NA,2.07648488128757
"A","trial","RL","DA","Post-Stim",10,78,NA,2.61033737147837
"A","trial","RL","DA","Post-Stim",10,79,NA,3.00213489085081
"A","trial","RL","DA","Post-Stim",10,80,NA,2.81244356405561
"A","trial","RL","DA","Post-Stim",10,81,NA,2.48960331502957
"A","trial","RL","DA","Post-Stim",10,82,NA,2.39661640747324
"A","trial","RL","DA","Post-Stim",10,83,NA,2.3121532297428
"A","trial","RL","DA","Post-Stim",10,84,NA,2.40680735913773
"A","trial","RL","DA","Post-Stim",10,85,NA,2.27600355032622
"A","trial","RL","DA","Post-Stim",10,86,NA,2.08853536467954
"A","trial","RL","DA","Post-Stim",10,87,NA,1.859566352514
"A","trial","RL","DA","Post-Stim",10,88,NA,1.68001741401927
"A","trial","RL","DA","Post-Stim",10,89,NA,2.14026126105137
"A","trial","RL","DA","Post-Stim",10,90,NA,1.46465172394808
"A","trial","RL","DA","Post-Stim",10,91,NA,1.93750356404757
"A","trial","RL","DA","Post-Stim",10,92,NA,1.29000158471594
"A","trial","RL","DA","Post-Stim",10,93,NA,1.62859975064879
"A","trial","RL","DA","Post-Stim",10,94,NA,1.50213902221634
"A","trial","RL","DA","Post-Stim",10,95,NA,2.06738554417116
"A","trial","RL","DA","Post-Stim",10,96,NA,2.2635715650183
"A","trial","RL","DA","Post-Stim",10,97,NA,2.18262410694603
"A","trial","RL","DA","Post-Stim",10,98,NA,1.53655974408322
"A","trial","RL","DA","Post-Stim",10,99,NA,1.48866106117134
"A","trial","RL","DA","Post-Stim",10,100,NA,1.23501831493846
"A","trial","RL","DA","Post-Stim",10,101,NA,1.67808112785001
"A","trial","RL","DA","Post-Stim",10,102,NA,1.57587956180724
"A","trial","RL","DA","Post-Stim",10,103,NA,1.24898687083865
"A","trial","RL","DA","Post-Stim",10,104,NA,1.80826743811894
"A","trial","RL","DA","Post-Stim",10,105,NA,1.6555649155082
"A","trial","RL","5-HT","Post-Stim",10,1,NA,-2.56768736282328
"A","trial","RL","5-HT","Post-Stim",10,2,NA,-4.90372832854756
"A","trial","RL","5-HT","Post-Stim",10,3,NA,-4.54833158026625
"A","trial","RL","5-HT","Post-Stim",10,5,NA,-5.00319916618475
"A","trial","RL","5-HT","Post-Stim",10,6,NA,-4.26992245317125
"A","trial","RL","5-HT","Post-Stim",10,7,NA,-4.57577721811184
"A","trial","RL","5-HT","Post-Stim",10,8,NA,-4.80593821547348
"A","trial","RL","5-HT","Post-Stim",10,9,NA,-5.85870061399272
"A","trial","RL","5-HT","Post-Stim",10,10,NA,-4.92378879172258
"A","trial","RL","5-HT","Post-Stim",10,11,NA,-4.57217553326239
"A","trial","RL","5-HT","Post-Stim",10,12,NA,-5.61796766970013
"A","trial","RL","5-HT","Post-Stim",10,13,NA,-5.16316921735506
"A","trial","RL","5-HT","Post-Stim",10,14,NA,-4.99099762941826
"A","trial","RL","5-HT","Post-Stim",10,15,NA,-5.66360837675258
"A","trial","RL","5-HT","Post-Stim",10,16,NA,-4.70785627714586
"A","trial","RL","5-HT","Post-Stim",10,17,NA,-6.3290699617818
"A","trial","RL","5-HT","Post-Stim",10,18,NA,-5.37710030279641
"A","trial","RL","5-HT","Post-Stim",10,19,NA,-5.10727531759031
"A","trial","RL","5-HT","Post-Stim",10,20,NA,-5.56862295511055
"A","trial","RL","5-HT","Post-Stim",10,21,NA,-5.38505623062595
"A","trial","RL","5-HT","Post-Stim",10,22,NA,-5.05591489137526
"A","trial","RL","5-HT","Post-Stim",10,23,NA,-6.50766969308298
"A","trial","RL","5-HT","Post-Stim",10,24,NA,-5.88766957883983
"A","trial","RL","5-HT","Post-Stim",10,25,NA,-5.39948524265609
"A","trial","RL","5-HT","Post-Stim",10,26,NA,-5.97021987641089
"A","trial","RL","5-HT","Post-Stim",10,27,NA,-6.2668946162899
"A","trial","RL","5-HT","Post-Stim",10,28,NA,-5.3379604077995
"A","trial","RL","5-HT","Post-Stim",10,29,NA,-5.70101632245762
"A","trial","RL","5-HT","Post-Stim",10,30,NA,-5.30068019192062
"A","trial","RL","5-HT","Post-Stim",10,31,NA,-5.87135783801773
"A","trial","RL","5-HT","Post-Stim",10,32,NA,-4.29813726847986
"A","trial","RL","5-HT","Post-Stim",10,33,NA,-5.78362701482299
"A","trial","RL","5-HT","Post-Stim",10,34,NA,-5.18305605134802
"A","trial","RL","5-HT","Post-Stim",10,35,NA,-5.99031297344308
"A","trial","RL","5-HT","Post-Stim",10,36,NA,-6.60805463404495
"A","trial","RL","5-HT","Post-Stim",10,37,NA,-5.9489029627366
"A","trial","RL","5-HT","Post-Stim",10,38,NA,-5.85409267201569
"A","trial","RL","5-HT","Post-Stim",10,39,NA,-5.73084422926729
"A","trial","RL","5-HT","Post-Stim",10,40,NA,-6.15365343706017
"A","trial","RL","5-HT","Post-Stim",10,41,NA,-5.85447401915984
"A","trial","RL","5-HT","Post-Stim",10,42,NA,-6.51830013886814
"A","trial","RL","5-HT","Post-Stim",10,43,NA,-7.7326360326419
"A","trial","RL","5-HT","Post-Stim",10,44,NA,-6.2372846677982
"A","trial","RL","5-HT","Post-Stim",10,45,NA,-5.80897529952761
"A","trial","RL","5-HT","Post-Stim",10,46,NA,-5.69255365601848
"A","trial","RL","5-HT","Post-Stim",10,47,NA,-4.94675996771159
"A","trial","RL","5-HT","Post-Stim",10,48,NA,-5.5388039065899
"A","trial","RL","5-HT","Post-Stim",10,49,NA,-5.52687136874303
"A","trial","RL","5-HT","Post-Stim",10,50,NA,-6.07551041152364
"A","trial","RL","5-HT","Post-Stim",10,51,NA,-5.46909233727447
"A","trial","RL","5-HT","Post-Stim",10,52,NA,-5.30829543306107
"A","trial","RL","5-HT","Post-Stim",10,53,NA,-7.45541514163018
"A","trial","RL","5-HT","Post-Stim",10,54,NA,-6.14192930857753
"A","trial","RL","5-HT","Post-Stim",10,55,NA,-4.97192830075654
"A","trial","RL","5-HT","Post-Stim",10,56,NA,-6.42170668385077
"A","trial","RL","5-HT","Post-Stim",10,57,NA,-6.72993930980606
"A","trial","RL","5-HT","Post-Stim",10,58,NA,-6.47577194759154
"A","trial","RL","5-HT","Post-Stim",10,59,NA,-6.26175813597839
"A","trial","RL","5-HT","Post-Stim",10,60,NA,-6.58908335226501
"A","trial","RL","5-HT","Post-Stim",10,61,NA,-5.83622287133893
"A","trial","RL","5-HT","Post-Stim",10,62,NA,-7.18892063343787
"A","trial","RL","5-HT","Post-Stim",10,63,NA,-6.84862154644005
"A","trial","RL","5-HT","Post-Stim",10,64,NA,-6.14277746719021
"A","trial","RL","5-HT","Post-Stim",10,65,NA,-5.8632138459619
"A","trial","RL","5-HT","Post-Stim",10,66,NA,-6.88191103937941
"A","trial","RL","5-HT","Post-Stim",10,67,NA,-6.66150514935343
"A","trial","RL","5-HT","Post-Stim",10,68,NA,-6.60087586404005
"A","trial","RL","5-HT","Post-Stim",10,69,NA,-6.69527596835542
"A","trial","RL","5-HT","Post-Stim",10,70,NA,-6.45659651888975
"A","trial","RL","5-HT","Post-Stim",10,71,NA,-6.40653350787892
"A","trial","RL","5-HT","Post-Stim",10,72,NA,-5.72278138195385
"A","trial","RL","5-HT","Post-Stim",10,73,NA,-6.96489138640487
"A","trial","RL","5-HT","Post-Stim",10,74,NA,-6.9368848390589
"A","trial","RL","5-HT","Post-Stim",10,75,NA,-6.50027713551218
"A","trial","RL","5-HT","Post-Stim",10,76,NA,-6.79772407030225
"A","trial","RL","5-HT","Post-Stim",10,77,NA,-6.51875580371656
"A","trial","RL","5-HT","Post-Stim",10,78,NA,-6.67365509771225
"A","trial","RL","5-HT","Post-Stim",10,79,NA,-8.79355126855977
"A","trial","RL","5-HT","Post-Stim",10,80,NA,-8.51577283949043
"A","trial","RL","5-HT","Post-Stim",10,81,NA,-7.34001553147419
"A","trial","RL","5-HT","Post-Stim",10,82,NA,-6.673827701429
"A","trial","RL","5-HT","Post-Stim",10,83,NA,-6.83958992631657
"A","trial","RL","5-HT","Post-Stim",10,84,NA,-7.58081520213055
"A","trial","RL","5-HT","Post-Stim",10,85,NA,-6.97933000696849
"A","trial","RL","5-HT","Post-Stim",10,86,NA,-7.40792166406834
"A","trial","RL","5-HT","Post-Stim",10,87,NA,-7.7531112771518
"A","trial","RL","5-HT","Post-Stim",10,88,NA,-6.71505763293839
"A","trial","RL","5-HT","Post-Stim",10,89,NA,-6.40264614442888
"A","trial","RL","5-HT","Post-Stim",10,90,NA,-7.47083020813148
"A","trial","RL","5-HT","Post-Stim",10,91,NA,-7.69486504329625
"A","trial","RL","5-HT","Post-Stim",10,92,NA,-6.04850946746811
"A","trial","RL","5-HT","Post-Stim",10,93,NA,-5.8565277319049
"A","trial","RL","5-HT","Post-Stim",10,94,NA,-6.19159472159721
"A","trial","RL","5-HT","Post-Stim",10,95,NA,-8.00440809617122
"A","trial","RL","5-HT","Post-Stim",10,96,NA,-7.26027774622428
"A","trial","RL","5-HT","Post-Stim",10,97,NA,-7.0421861204558
"A","trial","RL","5-HT","Post-Stim",10,98,NA,-6.92187171255239
"A","trial","RL","5-HT","Post-Stim",10,99,NA,-7.189380112639
"A","trial","RL","5-HT","Post-Stim",10,100,NA,-7.1290546215255
"A","trial","RL","5-HT","Post-Stim",10,101,NA,-7.23908322243138
"A","trial","RL","5-HT","Post-Stim",10,102,NA,-7.25562193947998
"A","trial","RL","5-HT","Post-Stim",10,103,NA,-5.95916816149256
"A","trial","RL","5-HT","Post-Stim",10,104,NA,-6.97757057094634
"A","trial","RL","5-HT","Post-Stim",10,105,NA,-7.28977286332534
"A","trial","RL","DA","Pre-Stim",10,2,NA,-9.05408825435931
"A","trial","RL","DA","Pre-Stim",10,4,NA,-9.03053778177457
"A","trial","RL","DA","Pre-Stim",10,5,NA,-9.25741403854998
"A","trial","RL","DA","Pre-Stim",10,6,NA,-9.17540149908629
"A","trial","RL","DA","Pre-Stim",10,7,NA,-9.33968590536439
"A","trial","RL","DA","Pre-Stim",10,8,NA,-8.9817784633456
"A","trial","RL","DA","Pre-Stim",10,9,NA,-9.38709165217216
"A","trial","RL","DA","Pre-Stim",10,10,NA,-9.27660676921911
"A","trial","RL","DA","Pre-Stim",10,11,NA,-9.24403914114243
"A","trial","RL","DA","Pre-Stim",10,12,NA,-9.45199969926858
"A","trial","RL","DA","Pre-Stim",10,13,NA,-9.20678076730582
"A","trial","RL","DA","Pre-Stim",10,14,NA,-9.10522895776683
"A","trial","RL","DA","Pre-Stim",10,15,NA,-9.41358176162221
"A","trial","RL","DA","Pre-Stim",10,16,NA,-8.98348356068447
"A","trial","RL","DA","Pre-Stim",10,17,NA,-9.00675644212395
"A","trial","RL","DA","Pre-Stim",10,18,NA,-8.68160252063542
"A","trial","RL","DA","Pre-Stim",10,19,NA,-9.22959753338566
"A","trial","RL","DA","Pre-Stim",10,20,NA,-9.12804881365726
"A","trial","RL","DA","Pre-Stim",10,21,NA,-8.9622716291703
"A","trial","RL","DA","Pre-Stim",10,22,NA,-9.15046341065291
"A","trial","RL","DA","Pre-Stim",10,23,NA,-8.75860181308796
"A","trial","RL","DA","Pre-Stim",10,24,NA,-8.78309653511111
"A","trial","RL","DA","Pre-Stim",10,25,NA,-8.69249394869512
"A","trial","RL","DA","Pre-Stim",10,27,NA,-8.54113537938008
"A","trial","RL","DA","Pre-Stim",10,28,NA,-9.07417175521907
"A","trial","RL","DA","Pre-Stim",10,29,NA,-8.63825184065976
"A","trial","RL","DA","Pre-Stim",10,30,NA,-8.79798625057634
"A","trial","RL","DA","Pre-Stim",10,32,NA,-8.31263117654997
"A","trial","RL","DA","Pre-Stim",10,34,NA,-8.25178827738892
"A","trial","RL","DA","Pre-Stim",10,35,NA,-8.13986861620042
"A","trial","RL","DA","Pre-Stim",10,37,NA,-8.41459051644105
"A","trial","RL","DA","Pre-Stim",10,39,NA,-8.14358256837066
"A","trial","RL","DA","Pre-Stim",10,40,NA,-8.30552996071749
"A","trial","RL","DA","Pre-Stim",10,41,NA,-7.94394769599968
"A","trial","RL","DA","Pre-Stim",10,42,NA,-8.74491989861484
"A","trial","RL","DA","Pre-Stim",10,43,NA,-8.36035291371129
"A","trial","RL","DA","Pre-Stim",10,44,NA,-9.13161886870954
"A","trial","RL","DA","Pre-Stim",10,45,NA,-8.37265762888705
"A","trial","RL","DA","Pre-Stim",10,46,NA,-8.44684348700807
"A","trial","RL","DA","Pre-Stim",10,47,NA,-8.81501118959687
"A","trial","RL","DA","Pre-Stim",10,48,NA,-8.65995805266796
"A","trial","RL","DA","Pre-Stim",10,49,NA,-8.41888121064125
"A","trial","RL","DA","Pre-Stim",10,50,NA,-8.3040940283834
"A","trial","RL","DA","Pre-Stim",10,51,NA,-8.4026394513955
"A","trial","RL","DA","Pre-Stim",10,52,NA,-8.17805059273705
"A","trial","RL","DA","Pre-Stim",10,53,NA,-8.56376957253997
"A","trial","RL","DA","Pre-Stim",10,54,NA,-8.27105276837665
"A","trial","RL","DA","Pre-Stim",10,55,NA,-8.19362638023845
"A","trial","RL","DA","Pre-Stim",10,56,NA,-8.00819290905104
"A","trial","RL","DA","Pre-Stim",10,57,NA,-8.43000791917807
"A","trial","RL","DA","Pre-Stim",10,58,NA,-8.32688273226156
"A","trial","RL","DA","Pre-Stim",10,59,NA,-8.11274193004699
"A","trial","RL","DA","Pre-Stim",10,60,NA,-8.36922264025311
"A","trial","RL","DA","Pre-Stim",10,62,NA,-8.78299817149125
"A","trial","RL","DA","Pre-Stim",10,63,NA,-8.64048629088812
"A","trial","RL","DA","Pre-Stim",10,64,NA,-7.93036232276161
"A","trial","RL","DA","Pre-Stim",10,65,NA,-8.00199583320177
"A","trial","RL","DA","Pre-Stim",10,67,NA,-7.99093957786164
"A","trial","RL","DA","Pre-Stim",10,70,NA,-7.661181806842
"A","trial","RL","DA","Pre-Stim",10,71,NA,-7.50090493404709
"A","trial","RL","DA","Pre-Stim",10,72,NA,-7.84658518955188
"A","trial","RL","DA","Pre-Stim",10,73,NA,-7.08165007521989
"A","trial","RL","DA","Pre-Stim",10,74,NA,-7.60795897456345
"A","trial","RL","DA","Pre-Stim",10,75,NA,-7.60812709522671
"A","trial","RL","DA","Pre-Stim",10,76,NA,-6.88664157107494
"A","trial","RL","DA","Pre-Stim",10,77,NA,-7.2132615931499
"A","trial","RL","DA","Pre-Stim",10,78,NA,-6.67573486835867
"A","trial","RL","DA","Pre-Stim",10,79,NA,-6.69620343722441
"A","trial","RL","DA","Pre-Stim",10,80,NA,-6.44765012453958
"A","trial","RL","DA","Pre-Stim",10,81,NA,-5.48646777115267
"A","trial","RL","DA","Pre-Stim",10,82,NA,-6.75050885535088
"A","trial","RL","DA","Pre-Stim",10,83,NA,-6.13426513561046
"A","trial","RL","DA","Pre-Stim",10,84,NA,-5.48167246579504
"A","trial","RL","DA","Pre-Stim",10,85,NA,-5.72749374154138
"A","trial","RL","DA","Pre-Stim",10,86,NA,-5.6679755989778
"A","trial","RL","DA","Pre-Stim",10,87,NA,-6.10987136452576
"A","trial","RL","DA","Pre-Stim",10,88,NA,-5.10816713518428
"A","trial","RL","DA","Pre-Stim",10,89,NA,-4.67941090047552
"A","trial","RL","DA","Pre-Stim",10,90,NA,-4.81895035187164
"A","trial","RL","DA","Pre-Stim",10,91,NA,-5.98621381514132
"A","trial","RL","DA","Pre-Stim",10,92,NA,-5.24471690572954
"A","trial","RL","DA","Pre-Stim",10,93,NA,-4.70399066875695
"A","trial","RL","DA","Pre-Stim",10,94,NA,-4.24818328939983
"A","trial","RL","DA","Pre-Stim",10,95,NA,-4.88240531934757
"A","trial","RL","DA","Pre-Stim",10,96,NA,-4.07272097768898
"A","trial","RL","DA","Pre-Stim",10,97,NA,-2.79124338804112
"A","trial","RL","DA","Pre-Stim",10,98,NA,-3.55307667295499
"A","trial","RL","DA","Pre-Stim",10,99,NA,-2.93849163641798
"A","trial","RL","DA","Pre-Stim",10,100,NA,-3.0212630234761
"A","trial","RL","DA","Pre-Stim",10,101,NA,-2.83164860368594
"A","trial","RL","DA","Pre-Stim",10,102,NA,-3.09669521664216
"A","trial","RL","DA","Pre-Stim",10,103,NA,-3.51114171112184
"A","trial","RL","DA","Pre-Stim",10,105,NA,-2.33819006749476
"A","trial","RL","5-HT","Pre-Stim",10,2,NA,-4.27918936636582
"A","trial","RL","5-HT","Pre-Stim",10,4,NA,-3.55614027079918
"A","trial","RL","5-HT","Pre-Stim",10,5,NA,-2.26556427061208
"A","trial","RL","5-HT","Pre-Stim",10,6,NA,-3.24562984357219
"A","trial","RL","5-HT","Pre-Stim",10,7,NA,-3.69828152766442
"A","trial","RL","5-HT","Pre-Stim",10,8,NA,-3.75986378762698
"A","trial","RL","5-HT","Pre-Stim",10,9,NA,-2.70554582492331
"A","trial","RL","5-HT","Pre-Stim",10,10,NA,-1.73013152454962
"A","trial","RL","5-HT","Pre-Stim",10,11,NA,-2.65648351617887
"A","trial","RL","5-HT","Pre-Stim",10,12,NA,-1.80484811590059
"A","trial","RL","5-HT","Pre-Stim",10,13,NA,-1.76967919851494
"A","trial","RL","5-HT","Pre-Stim",10,14,NA,-1.28556910221166
"A","trial","RL","5-HT","Pre-Stim",10,15,NA,-1.29516823516801
"A","trial","RL","5-HT","Pre-Stim",10,16,NA,-0.669684246797293
"A","trial","RL","5-HT","Pre-Stim",10,17,NA,-2.3552324793796
"A","trial","RL","5-HT","Pre-Stim",10,18,NA,-2.12208492673253
"A","trial","RL","5-HT","Pre-Stim",10,19,NA,-1.72069642572597
"A","trial","RL","5-HT","Pre-Stim",10,20,NA,-0.213920018130367
"A","trial","RL","5-HT","Pre-Stim",10,21,NA,-0.578447046486859
"A","trial","RL","5-HT","Pre-Stim",10,22,NA,-0.54099399526231
"A","trial","RL","5-HT","Pre-Stim",10,23,NA,-0.873099366205461
"A","trial","RL","5-HT","Pre-Stim",10,24,NA,-0.0457165270793885
"A","trial","RL","5-HT","Pre-Stim",10,25,NA,-1.18873289266975
"A","trial","RL","5-HT","Pre-Stim",10,27,NA,0.764054546521032
"A","trial","RL","5-HT","Pre-Stim",10,28,NA,0.248366586622459
"A","trial","RL","5-HT","Pre-Stim",10,29,NA,0.361785572943865
"A","trial","RL","5-HT","Pre-Stim",10,30,NA,0.475019629260059
"A","trial","RL","5-HT","Pre-Stim",10,32,NA,1.63562258274971
"A","trial","RL","5-HT","Pre-Stim",10,34,NA,2.73922290734591
"A","trial","RL","5-HT","Pre-Stim",10,35,NA,2.19197770686543
"A","trial","RL","5-HT","Pre-Stim",10,37,NA,2.44886207426002
"A","trial","RL","5-HT","Pre-Stim",10,39,NA,4.67307998530056
"A","trial","RL","5-HT","Pre-Stim",10,40,NA,5.28713304251505
"A","trial","RL","5-HT","Pre-Stim",10,41,NA,2.8417926891536
"A","trial","RL","5-HT","Pre-Stim",10,42,NA,4.46942024076292
"A","trial","RL","5-HT","Pre-Stim",10,43,NA,5.10142649628274
"A","trial","RL","5-HT","Pre-Stim",10,44,NA,6.09699915856776
"A","trial","RL","5-HT","Pre-Stim",10,45,NA,5.14647652164219
"A","trial","RL","5-HT","Pre-Stim",10,46,NA,4.03610450849348
"A","trial","RL","5-HT","Pre-Stim",10,47,NA,6.73070826985668
"A","trial","RL","5-HT","Pre-Stim",10,48,NA,6.39556389524443
"A","trial","RL","5-HT","Pre-Stim",10,49,NA,5.78589000804149
"A","trial","RL","5-HT","Pre-Stim",10,50,NA,5.95700485199899
"A","trial","RL","5-HT","Pre-Stim",10,51,NA,5.6927982797163
"A","trial","RL","5-HT","Pre-Stim",10,52,NA,5.28826975940585
"A","trial","RL","5-HT","Pre-Stim",10,53,NA,6.81954553589945
"A","trial","RL","5-HT","Pre-Stim",10,54,NA,5.64717057396555
"A","trial","RL","5-HT","Pre-Stim",10,55,NA,7.09700739708356
"A","trial","RL","5-HT","Pre-Stim",10,56,NA,6.18634789810596
"A","trial","RL","5-HT","Pre-Stim",10,57,NA,5.61975057936489
"A","trial","RL","5-HT","Pre-Stim",10,58,NA,6.77629634442402
"A","trial","RL","5-HT","Pre-Stim",10,59,NA,6.1990177242567
"A","trial","RL","5-HT","Pre-Stim",10,60,NA,6.22436908110271
"A","trial","RL","5-HT","Pre-Stim",10,62,NA,6.74748442089699
"A","trial","RL","5-HT","Pre-Stim",10,63,NA,6.42960348186144
"A","trial","RL","5-HT","Pre-Stim",10,64,NA,6.28102871781418
"A","trial","RL","5-HT","Pre-Stim",10,65,NA,7.56430133197326
"A","trial","RL","5-HT","Pre-Stim",10,67,NA,8.00133504844645
"A","trial","RL","5-HT","Pre-Stim",10,70,NA,7.45188560317828
"A","trial","RL","5-HT","Pre-Stim",10,71,NA,7.67871236980694
"A","trial","RL","5-HT","Pre-Stim",10,72,NA,6.99608438555963
"A","trial","RL","5-HT","Pre-Stim",10,73,NA,7.22044050419448
"A","trial","RL","5-HT","Pre-Stim",10,74,NA,8.63857643267633
"A","trial","RL","5-HT","Pre-Stim",10,75,NA,7.90759458804978
"A","trial","RL","5-HT","Pre-Stim",10,76,NA,8.71007276303005
"A","trial","RL","5-HT","Pre-Stim",10,77,NA,7.72803798622443
"A","trial","RL","5-HT","Pre-Stim",10,78,NA,8.05385373815751
"A","trial","RL","5-HT","Pre-Stim",10,79,NA,7.19987864436836
"A","trial","RL","5-HT","Pre-Stim",10,80,NA,7.8945573448874
"A","trial","RL","5-HT","Pre-Stim",10,81,NA,8.07307433136718
"A","trial","RL","5-HT","Pre-Stim",10,82,NA,8.30146078872033
"A","trial","RL","5-HT","Pre-Stim",10,83,NA,6.66846357267891
"A","trial","RL","5-HT","Pre-Stim",10,84,NA,7.41209905372648
"A","trial","RL","5-HT","Pre-Stim",10,85,NA,7.04611250360281
"A","trial","RL","5-HT","Pre-Stim",10,86,NA,5.57050100235615
"A","trial","RL","5-HT","Pre-Stim",10,87,NA,7.74625099348683
"A","trial","RL","5-HT","Pre-Stim",10,88,NA,7.78195713571914
"A","trial","RL","5-HT","Pre-Stim",10,89,NA,7.41368031526721
"A","trial","RL","5-HT","Pre-Stim",10,90,NA,7.33065552775604
"A","trial","RL","5-HT","Pre-Stim",10,91,NA,6.67365004492283
"A","trial","RL","5-HT","Pre-Stim",10,92,NA,6.15817091177122
"A","trial","RL","5-HT","Pre-Stim",10,93,NA,7.9483955170754
"A","trial","RL","5-HT","Pre-Stim",10,94,NA,7.49506044527497
"A","trial","RL","5-HT","Pre-Stim",10,95,NA,7.71920157502067
"A","trial","RL","5-HT","Pre-Stim",10,96,NA,6.66836071691241
"A","trial","RL","5-HT","Pre-Stim",10,97,NA,8.65781798302835
"A","trial","RL","5-HT","Pre-Stim",10,98,NA,7.4315568780843
"A","trial","RL","5-HT","Pre-Stim",10,99,NA,7.27471855628331
"A","trial","RL","5-HT","Pre-Stim",10,100,NA,6.82547828980598
"A","trial","RL","5-HT","Pre-Stim",10,101,NA,7.35116481462936
"A","trial","RL","5-HT","Pre-Stim",10,102,NA,6.94820467154621
"A","trial","RL","5-HT","Pre-Stim",10,103,NA,6.13125478160577
"A","trial","RL","5-HT","Pre-Stim",10,105,NA,6.4337741337834
"B","trial","UG","DA","Post-Stim",1,1,NA,3.56518248562172
"B","trial","UG","DA","Post-Stim",1,2,NA,-2.82670928781551
"B","trial","UG","DA","Post-Stim",1,3,NA,5.2506836699173
"B","trial","UG","DA","Post-Stim",1,4,NA,2.07614632284482
"B","trial","UG","DA","Post-Stim",1,5,NA,-1.28341272392935
"B","trial","UG","DA","Post-Stim",1,6,NA,1.22344738960152
"B","trial","UG","DA","Post-Stim",1,7,NA,1.31369611787935
"B","trial","UG","DA","Post-Stim",1,8,NA,2.90407478672136
"B","trial","UG","DA","Post-Stim",1,9,NA,-1.81645911435241
"B","trial","UG","DA","Post-Stim",1,10,NA,1.71803992079253
"B","trial","UG","DA","Post-Stim",1,11,NA,3.36589712815521
"B","trial","UG","DA","Post-Stim",1,12,NA,0.813599536062913
"B","trial","UG","DA","Post-Stim",1,13,NA,-0.575346397231839
"B","trial","UG","DA","Post-Stim",1,14,NA,0.678314607033613
"B","trial","UG","DA","Post-Stim",1,15,NA,-3.41004249991774
"B","trial","UG","DA","Post-Stim",1,16,NA,-3.93476790535461
"B","trial","UG","DA","Post-Stim",1,17,NA,3.28135279393796
"B","trial","UG","DA","Post-Stim",1,18,NA,-0.200617261156572
"B","trial","UG","DA","Post-Stim",1,19,NA,1.0909595531717
"B","trial","UG","DA","Post-Stim",1,20,NA,0.213694622218468
"B","trial","UG","DA","Post-Stim",1,21,NA,3.93237848191604
"B","trial","UG","DA","Post-Stim",1,22,NA,4.56961193149067
"B","trial","UG","DA","Post-Stim",1,23,NA,-2.39687337157046
"B","trial","UG","DA","Post-Stim",1,24,NA,-5.17283354606334
"B","trial","UG","DA","Post-Stim",1,25,NA,-7.27660862879441
"B","trial","UG","DA","Post-Stim",1,26,NA,9.81474787572316
"B","trial","UG","DA","Post-Stim",1,27,NA,-5.00979307688329
"B","trial","UG","DA","Post-Stim",1,28,NA,-0.243314494119885
"B","trial","UG","DA","Post-Stim",1,29,NA,4.55629814594209
"B","trial","UG","DA","Post-Stim",1,30,NA,0.571806206316904
"B","trial","UG","5-HT","Post-Stim",1,1,NA,3.48856440489158
"B","trial","UG","5-HT","Post-Stim",1,2,NA,0.588577511242156
"B","trial","UG","5-HT","Post-Stim",1,3,NA,5.24192272776386
"B","trial","UG","5-HT","Post-Stim",1,4,NA,2.77384992959123
"B","trial","UG","5-HT","Post-Stim",1,5,NA,-2.49055315524883
"B","trial","UG","5-HT","Post-Stim",1,6,NA,2.73820846263118
"B","trial","UG","5-HT","Post-Stim",1,7,NA,2.98978405068194
"B","trial","UG","5-HT","Post-Stim",1,8,NA,2.29456471359267
"B","trial","UG","5-HT","Post-Stim",1,9,NA,5.42686928251948
"B","trial","UG","5-HT","Post-Stim",1,10,NA,0.200316880370091
"B","trial","UG","5-HT","Post-Stim",1,11,NA,1.10548879265279
"B","trial","UG","5-HT","Post-Stim",1,12,NA,4.47957305996187
"B","trial","UG","5-HT","Post-Stim",1,13,NA,-1.59959130331198
"B","trial","UG","5-HT","Post-Stim",1,14,NA,-0.741426077145685
"B","trial","UG","5-HT","Post-Stim",1,15,NA,3.07001440360513
"B","trial","UG","5-HT","Post-Stim",1,16,NA,-2.51761055641623
"B","trial","UG","5-HT","Post-Stim",1,17,NA,1.8339838891982
"B","trial","UG","5-HT","Post-Stim",1,18,NA,2.33184139771131
"B","trial","UG","5-HT","Post-Stim",1,19,NA,1.59803856153957
"B","trial","UG","5-HT","Post-Stim",1,20,NA,2.73727155079347
"B","trial","UG","5-HT","Post-Stim",1,21,NA,1.14646908616274
"B","trial","UG","5-HT","Post-Stim",1,22,NA,-0.7378728524718
"B","trial","UG","5-HT","Post-Stim",1,23,NA,3.89269696738856
"B","trial","UG","5-HT","Post-Stim",1,24,NA,-0.62512309440651
"B","trial","UG","5-HT","Post-Stim",1,25,NA,-1.06023115688905
"B","trial","UG","5-HT","Post-Stim",1,26,NA,-0.328309132846104
"B","trial","UG","5-HT","Post-Stim",1,27,NA,1.34989283392513
"B","trial","UG","5-HT","Post-Stim",1,28,NA,3.9698253221206
"B","trial","UG","5-HT","Post-Stim",1,29,NA,4.17497550854811
"B","trial","UG","5-HT","Post-Stim",1,30,NA,0.189878199194337
"B","trial","UG","DA","Pre-Stim",1,2,NA,-0.800700941146196
"B","trial","UG","DA","Pre-Stim",1,3,NA,-3.20009187761273
"B","trial","UG","DA","Pre-Stim",1,4,NA,-1.48833246681703
"B","trial","UG","DA","Pre-Stim",1,5,NA,-3.8934483290751
"B","trial","UG","DA","Pre-Stim",1,6,NA,-0.460359595991907
"B","trial","UG","DA","Pre-Stim",1,7,NA,-1.06486985968739
"B","trial","UG","DA","Pre-Stim",1,8,NA,-1.68034056635503
"B","trial","UG","DA","Pre-Stim",1,9,NA,-1.81920179296425
"B","trial","UG","DA","Pre-Stim",1,10,NA,-0.735008470003904
"B","trial","UG","DA","Pre-Stim",1,11,NA,-2.1397683146389
"B","trial","UG","DA","Pre-Stim",1,12,NA,0.651866086529954
"B","trial","UG","DA","Pre-Stim",1,13,NA,3.54388226512138
"B","trial","UG","DA","Pre-Stim",1,14,NA,6.71069818409514
"B","trial","UG","DA","Pre-Stim",1,15,NA,1.56209899416114
"B","trial","UG","DA","Pre-Stim",1,16,NA,3.41386061998164
"B","trial","UG","DA","Pre-Stim",1,17,NA,-1.27670170063124
"B","trial","UG","DA","Pre-Stim",1,18,NA,-1.31981285050547
"B","trial","UG","DA","Pre-Stim",1,19,NA,1.61321553142589
"B","trial","UG","DA","Pre-Stim",1,20,NA,0.794048771918224
"B","trial","UG","DA","Pre-Stim",1,21,NA,-5.25260550783655
"B","trial","UG","DA","Pre-Stim",1,22,NA,2.15591022971628
"B","trial","UG","DA","Pre-Stim",1,23,NA,-1.9008067947118
"B","trial","UG","DA","Pre-Stim",1,24,NA,-0.0698785101262708
"B","trial","UG","DA","Pre-Stim",1,25,NA,1.73802241855437
"B","trial","UG","DA","Pre-Stim",1,26,NA,-4.47821006949271
"B","trial","UG","DA","Pre-Stim",1,27,NA,2.9380646515804
"B","trial","UG","DA","Pre-Stim",1,28,NA,-1.08673393283891
"B","trial","UG","DA","Pre-Stim",1,29,NA,1.14845146494561
"B","trial","UG","DA","Pre-Stim",1,30,NA,3.2651498278812
"B","trial","UG","5-HT","Pre-Stim",1,2,NA,-7.91583265204989
"B","trial","UG","5-HT","Pre-Stim",1,3,NA,-0.844168152731341
"B","trial","UG","5-HT","Pre-Stim",1,4,NA,1.28676610841373
"B","trial","UG","5-HT","Pre-Stim",1,5,NA,-3.25091548520223
"B","trial","UG","5-HT","Pre-Stim",1,6,NA,1.86852363857686
"B","trial","UG","5-HT","Pre-Stim",1,7,NA,-3.28745262916963
"B","trial","UG","5-HT","Pre-Stim",1,8,NA,-3.30277723629102
"B","trial","UG","5-HT","Pre-Stim",1,9,NA,-0.419905184003751
"B","trial","UG","5-HT","Pre-Stim",1,10,NA,-0.389520980137481
"B","trial","UG","5-HT","Pre-Stim",1,11,NA,-6.33544701737143
"B","trial","UG","5-HT","Pre-Stim",1,12,NA,-6.712744079891
"B","trial","UG","5-HT","Pre-Stim",1,13,NA,-1.83276264125626
"B","trial","UG","5-HT","Pre-Stim",1,14,NA,-2.2440519479948
"B","trial","UG","5-HT","Pre-Stim",1,15,NA,-3.16128440080443
"B","trial","UG","5-HT","Pre-Stim",1,16,NA,-6.01472459011343
"B","trial","UG","5-HT","Pre-Stim",1,17,NA,-1.89014652945619
"B","trial","UG","5-HT","Pre-Stim",1,18,NA,-11.2592442924053
"B","trial","UG","5-HT","Pre-Stim",1,19,NA,-1.39361758563806
"B","trial","UG","5-HT","Pre-Stim",1,20,NA,-1.72311377653173
"B","trial","UG","5-HT","Pre-Stim",1,21,NA,-4.76410811252848
"B","trial","UG","5-HT","Pre-Stim",1,22,NA,-4.59860641832459
"B","trial","UG","5-HT","Pre-Stim",1,23,NA,2.14538701783929
"B","trial","UG","5-HT","Pre-Stim",1,24,NA,-3.89920590893636
"B","trial","UG","5-HT","Pre-Stim",1,25,NA,-0.656351641913025
"B","trial","UG","5-HT","Pre-Stim",1,26,NA,3.77773943342826
"B","trial","UG","5-HT","Pre-Stim",1,27,NA,-3.94765078368164
"B","trial","UG","5-HT","Pre-Stim",1,28,NA,1.2721427582941
"B","trial","UG","5-HT","Pre-Stim",1,29,NA,0.63115401591461
"B","trial","UG","5-HT","Pre-Stim",1,30,NA,-9.67775766223746
"B","trial","UG","DA","Post-Stim",2,1,NA,-0.2411625417461
"B","trial","UG","DA","Post-Stim",2,2,NA,3.13174030139852
"B","trial","UG","DA","Post-Stim",2,3,NA,-2.99874686328536
"B","trial","UG","DA","Post-Stim",2,4,NA,1.76544243792119
"B","trial","UG","DA","Post-Stim",2,5,NA,-6.74636549033836
"B","trial","UG","DA","Post-Stim",2,6,NA,3.07194593152038
"B","trial","UG","DA","Post-Stim",2,7,NA,1.60746404182496
"B","trial","UG","DA","Post-Stim",2,8,NA,1.5536432628439
"B","trial","UG","DA","Post-Stim",2,9,NA,2.53242900057729
"B","trial","UG","DA","Post-Stim",2,10,NA,0.419461421891664
"B","trial","UG","DA","Post-Stim",2,11,NA,4.96941960920995
"B","trial","UG","DA","Post-Stim",2,12,NA,2.67820523640414
"B","trial","UG","DA","Post-Stim",2,13,NA,1.25911492670277
"B","trial","UG","DA","Post-Stim",2,14,NA,-0.836212754163262
"B","trial","UG","DA","Post-Stim",2,15,NA,-0.877563399025817
"B","trial","UG","DA","Post-Stim",2,16,NA,2.94863412546316
"B","trial","UG","DA","Post-Stim",2,17,NA,-0.636307633488762
"B","trial","UG","DA","Post-Stim",2,18,NA,2.71531227947898
"B","trial","UG","DA","Post-Stim",2,19,NA,-0.473151852151254
"B","trial","UG","DA","Post-Stim",2,20,NA,0.726188968627704
"B","trial","UG","DA","Post-Stim",2,21,NA,3.39355775579681
"B","trial","UG","DA","Post-Stim",2,22,NA,-1.57758679204115
"B","trial","UG","DA","Post-Stim",2,23,NA,-4.59854436270662
"B","trial","UG","DA","Post-Stim",2,24,NA,-2.78722795228162
"B","trial","UG","DA","Post-Stim",2,25,NA,0.349814764373033
"B","trial","UG","DA","Post-Stim",2,26,NA,0.164764670637143
"B","trial","UG","DA","Post-Stim",2,27,NA,3.0931464106468
"B","trial","UG","DA","Post-Stim",2,28,NA,-1.34969327201445
"B","trial","UG","DA","Post-Stim",2,29,NA,6.19342904439649
"B","trial","UG","DA","Post-Stim",2,30,NA,-0.987753681601789
"B","trial","UG","5-HT","Post-Stim",2,1,NA,2.26009390944664
"B","trial","UG","5-HT","Post-Stim",2,2,NA,4.4628254359864
"B","trial","UG","5-HT","Post-Stim",2,3,NA,2.97564880219104
"B","trial","UG","5-HT","Post-Stim",2,4,NA,-0.462002709601847
"B","trial","UG","5-HT","Post-Stim",2,5,NA,1.47815862946709
"B","trial","UG","5-HT","Post-Stim",2,6,NA,6.5716410222814
"B","trial","UG","5-HT","Post-Stim",2,7,NA,-2.92284503392587
"B","trial","UG","5-HT","Post-Stim",2,8,NA,4.05058268351771
"B","trial","UG","5-HT","Post-Stim",2,9,NA,0.0506470745889548
"B","trial","UG","5-HT","Post-Stim",2,10,NA,3.2302135250816
"B","trial","UG","5-HT","Post-Stim",2,11,NA,3.08300041794558
"B","trial","UG","5-HT","Post-Stim",2,12,NA,3.31491907683052
"B","trial","UG","5-HT","Post-Stim",2,13,NA,2.83986479590354
"B","trial","UG","5-HT","Post-Stim",2,14,NA,8.60370176740228
"B","trial","UG","5-HT","Post-Stim",2,15,NA,7.02725680109921
"B","trial","UG","5-HT","Post-Stim",2,16,NA,2.82448373245211
"B","trial","UG","5-HT","Post-Stim",2,17,NA,3.7047458221076
"B","trial","UG","5-HT","Post-Stim",2,18,NA,2.22818466073838
"B","trial","UG","5-HT","Post-Stim",2,19,NA,4.11190816932103
"B","trial","UG","5-HT","Post-Stim",2,20,NA,4.36530924243161
"B","trial","UG","5-HT","Post-Stim",2,21,NA,4.34548489700608
"B","trial","UG","5-HT","Post-Stim",2,22,NA,5.06478145887287
"B","trial","UG","5-HT","Post-Stim",2,23,NA,-0.353134912720084
"B","trial","UG","5-HT","Post-Stim",2,24,NA,3.43362770897729
"B","trial","UG","5-HT","Post-Stim",2,25,NA,4.88971162595802
"B","trial","UG","5-HT","Post-Stim",2,26,NA,2.47343663662897
"B","trial","UG","5-HT","Post-Stim",2,27,NA,6.46366180250766
"B","trial","UG","5-HT","Post-Stim",2,28,NA,4.98205163229153
"B","trial","UG","5-HT","Post-Stim",2,29,NA,5.91923984956061
"B","trial","UG","5-HT","Post-Stim",2,30,NA,9.63952903478253
"B","trial","UG","DA","Pre-Stim",2,1,NA,1.20713719474015
"B","trial","UG","DA","Pre-Stim",2,2,NA,-2.66508393096301
"B","trial","UG","DA","Pre-Stim",2,3,NA,3.90059042767502
"B","trial","UG","DA","Pre-Stim",2,4,NA,2.15841553879435
"B","trial","UG","DA","Pre-Stim",2,5,NA,-0.119878160246077
"B","trial","UG","DA","Pre-Stim",2,6,NA,0.523592872695892
"B","trial","UG","DA","Pre-Stim",2,7,NA,-1.97125940870349
"B","trial","UG","DA","Pre-Stim",2,8,NA,-3.47666253701119
"B","trial","UG","DA","Pre-Stim",2,9,NA,-2.03221666238379
"B","trial","UG","DA","Pre-Stim",2,10,NA,-1.58900784560753
"B","trial","UG","DA","Pre-Stim",2,11,NA,-2.64844445484173
"B","trial","UG","DA","Pre-Stim",2,12,NA,-2.80544893563867
"B","trial","UG","DA","Pre-Stim",2,13,NA,-0.101011195569248
"B","trial","UG","DA","Pre-Stim",2,14,NA,1.0627155196001
"B","trial","UG","DA","Pre-Stim",2,15,NA,0.105678468286957
"B","trial","UG","DA","Pre-Stim",2,16,NA,-0.549442841178139
"B","trial","UG","DA","Pre-Stim",2,17,NA,4.35331871370318
"B","trial","UG","DA","Pre-Stim",2,18,NA,1.47394012696068
"B","trial","UG","DA","Pre-Stim",2,19,NA,0.31273280853709
"B","trial","UG","DA","Pre-Stim",2,20,NA,-3.23107618208963
"B","trial","UG","DA","Pre-Stim",2,21,NA,-3.48389925445318
"B","trial","UG","DA","Pre-Stim",2,22,NA,-0.247104871012268
"B","trial","UG","DA","Pre-Stim",2,23,NA,3.36410237516385
"B","trial","UG","DA","Pre-Stim",2,24,NA,-6.73261038810196
"B","trial","UG","DA","Pre-Stim",2,25,NA,4.60692706557529
"B","trial","UG","DA","Pre-Stim",2,26,NA,2.11871654008531
"B","trial","UG","DA","Pre-Stim",2,27,NA,-1.0277561228735
"B","trial","UG","DA","Pre-Stim",2,28,NA,-3.82115544199488
"B","trial","UG","DA","Pre-Stim",2,29,NA,3.36640448546372
"B","trial","UG","DA","Pre-Stim",2,30,NA,-0.778517839403111
"B","trial","UG","5-HT","Pre-Stim",2,1,NA,-3.09305620517155
"B","trial","UG","5-HT","Pre-Stim",2,2,NA,-4.57638814605809
"B","trial","UG","5-HT","Pre-Stim",2,3,NA,-6.12852003535872
"B","trial","UG","5-HT","Pre-Stim",2,4,NA,-1.79650908954774
"B","trial","UG","5-HT","Pre-Stim",2,5,NA,-3.83037147856909
"B","trial","UG","5-HT","Pre-Stim",2,6,NA,-3.08873025677082
"B","trial","UG","5-HT","Pre-Stim",2,7,NA,-6.67212022272489
"B","trial","UG","5-HT","Pre-Stim",2,8,NA,-8.34208059793975
"B","trial","UG","5-HT","Pre-Stim",2,9,NA,-5.75274285379227
"B","trial","UG","5-HT","Pre-Stim",2,10,NA,-8.01025307074136
"B","trial","UG","5-HT","Pre-Stim",2,11,NA,-7.52987121835842
"B","trial","UG","5-HT","Pre-Stim",2,12,NA,-4.17240466908729
"B","trial","UG","5-HT","Pre-Stim",2,13,NA,-5.89395948267769
"B","trial","UG","5-HT","Pre-Stim",2,14,NA,-1.12948727466946
"B","trial","UG","5-HT","Pre-Stim",2,15,NA,-4.59273758413655
"B","trial","UG","5-HT","Pre-Stim",2,16,NA,-5.53241652690863
"B","trial","UG","5-HT","Pre-Stim",2,17,NA,-1.96666558068381
"B","trial","UG","5-HT","Pre-Stim",2,18,NA,-3.20666823803024
"B","trial","UG","5-HT","Pre-Stim",2,19,NA,-3.17435364152287
"B","trial","UG","5-HT","Pre-Stim",2,20,NA,-2.91085042963234
"B","trial","UG","5-HT","Pre-Stim",2,21,NA,-4.81173389843689
"B","trial","UG","5-HT","Pre-Stim",2,22,NA,-3.6750299688115
"B","trial","UG","5-HT","Pre-Stim",2,23,NA,-2.27994475797193
"B","trial","UG","5-HT","Pre-Stim",2,24,NA,-4.00594373903256
"B","trial","UG","5-HT","Pre-Stim",2,25,NA,-3.31870594401208
"B","trial","UG","5-HT","Pre-Stim",2,26,NA,-0.829845595037462
"B","trial","UG","5-HT","Pre-Stim",2,27,NA,-1.99489382134028
"B","trial","UG","5-HT","Pre-Stim",2,28,NA,-0.720395889882918
"B","trial","UG","5-HT","Pre-Stim",2,29,NA,-1.2603552177631
"B","trial","UG","5-HT","Pre-Stim",2,30,NA,-0.578764379393904
"B","trial","UG","DA","Post-Stim",3,1,NA,9.047881579746
"B","trial","UG","DA","Post-Stim",3,2,NA,12.1227318777844
"B","trial","UG","DA","Post-Stim",3,3,NA,8.33454879289873
"B","trial","UG","DA","Post-Stim",3,4,NA,8.45876925720022
"B","trial","UG","DA","Post-Stim",3,5,NA,7.0629029626318
"B","trial","UG","DA","Post-Stim",3,6,NA,7.89632785062923
"B","trial","UG","DA","Post-Stim",3,7,NA,7.16677662420548
"B","trial","UG","DA","Post-Stim",3,8,NA,6.34096253985992
"B","trial","UG","DA","Post-Stim",3,9,NA,7.10830850923859
"B","trial","UG","DA","Post-Stim",3,10,NA,6.04056331652024
"B","trial","UG","DA","Post-Stim",3,11,NA,4.54608064968863
"B","trial","UG","DA","Post-Stim",3,12,NA,5.30695376016109
"B","trial","UG","DA","Post-Stim",3,13,NA,4.79838306380445
"B","trial","UG","DA","Post-Stim",3,14,NA,5.098601242439
"B","trial","UG","DA","Post-Stim",3,15,NA,5.08708617817426
"B","trial","UG","DA","Post-Stim",3,16,NA,6.46428763639063
"B","trial","UG","DA","Post-Stim",3,17,NA,1.56818628012557
"B","trial","UG","DA","Post-Stim",3,18,NA,3.51552942116872
"B","trial","UG","DA","Post-Stim",3,19,NA,4.58007561743652
"B","trial","UG","DA","Post-Stim",3,20,NA,4.18203557652652
"B","trial","UG","DA","Post-Stim",3,21,NA,4.63684225208583
"B","trial","UG","DA","Post-Stim",3,23,NA,5.0391224966506
"B","trial","UG","DA","Post-Stim",3,24,NA,3.46033732480749
"B","trial","UG","DA","Post-Stim",3,25,NA,3.66781984757455
"B","trial","UG","DA","Post-Stim",3,26,NA,3.26328674396126
"B","trial","UG","DA","Post-Stim",3,27,NA,4.55985593173615
"B","trial","UG","DA","Post-Stim",3,28,NA,2.91893265692245
"B","trial","UG","DA","Post-Stim",3,29,NA,7.29643867127555
"B","trial","UG","DA","Post-Stim",3,30,NA,2.40292011884089
"B","trial","UG","5-HT","Post-Stim",3,1,NA,10.5635432842143
"B","trial","UG","5-HT","Post-Stim",3,2,NA,5.27242006357043
"B","trial","UG","5-HT","Post-Stim",3,3,NA,5.32746520250458
"B","trial","UG","5-HT","Post-Stim",3,4,NA,5.59967360960147
"B","trial","UG","5-HT","Post-Stim",3,5,NA,7.24730844167968
"B","trial","UG","5-HT","Post-Stim",3,6,NA,5.36717819564897
"B","trial","UG","5-HT","Post-Stim",3,7,NA,1.01194693480356
"B","trial","UG","5-HT","Post-Stim",3,8,NA,0.808649733807413
"B","trial","UG","5-HT","Post-Stim",3,9,NA,6.03286123723527
"B","trial","UG","5-HT","Post-Stim",3,10,NA,5.65569754478951
"B","trial","UG","5-HT","Post-Stim",3,11,NA,-0.368146109880194
"B","trial","UG","5-HT","Post-Stim",3,12,NA,3.9924347197337
"B","trial","UG","5-HT","Post-Stim",3,13,NA,1.3404153114125
"B","trial","UG","5-HT","Post-Stim",3,14,NA,4.85600097960933
"B","trial","UG","5-HT","Post-Stim",3,15,NA,4.14511806201201
"B","trial","UG","5-HT","Post-Stim",3,16,NA,0.933574464772499
"B","trial","UG","5-HT","Post-Stim",3,17,NA,-3.68374770902675
"B","trial","UG","5-HT","Post-Stim",3,18,NA,2.66713226458325
"B","trial","UG","5-HT","Post-Stim",3,19,NA,3.05817052603523
"B","trial","UG","5-HT","Post-Stim",3,20,NA,4.17841787708085
"B","trial","UG","5-HT","Post-Stim",3,21,NA,1.28926802582758
"B","trial","UG","5-HT","Post-Stim",3,23,NA,-0.400686684148211
"B","trial","UG","5-HT","Post-Stim",3,24,NA,5.2203202736113
"B","trial","UG","5-HT","Post-Stim",3,25,NA,1.69354169087321
"B","trial","UG","5-HT","Post-Stim",3,26,NA,3.3306932019008
"B","trial","UG","5-HT","Post-Stim",3,27,NA,3.65488659596114
"B","trial","UG","5-HT","Post-Stim",3,28,NA,6.07286475982618
"B","trial","UG","5-HT","Post-Stim",3,29,NA,1.68390187034049
"B","trial","UG","5-HT","Post-Stim",3,30,NA,-1.43816563191218
"B","trial","UG","DA","Pre-Stim",3,1,NA,1.09485500144574
"B","trial","UG","DA","Pre-Stim",3,2,NA,0.511462314735639
"B","trial","UG","DA","Pre-Stim",3,3,NA,-1.5844055404359
"B","trial","UG","DA","Pre-Stim",3,4,NA,-1.11416974353981
"B","trial","UG","DA","Pre-Stim",3,5,NA,2.06530371767107
"B","trial","UG","DA","Pre-Stim",3,6,NA,-0.245063085198718
"B","trial","UG","DA","Pre-Stim",3,7,NA,2.37988015012211
"B","trial","UG","DA","Pre-Stim",3,8,NA,0.86750504777562
"B","trial","UG","DA","Pre-Stim",3,9,NA,2.51200936098128
"B","trial","UG","DA","Pre-Stim",3,10,NA,1.8135301723939
"B","trial","UG","DA","Pre-Stim",3,11,NA,0.949025339444261
"B","trial","UG","DA","Pre-Stim",3,12,NA,1.05205159617807
"B","trial","UG","DA","Pre-Stim",3,13,NA,0.334863662131897
"B","trial","UG","DA","Pre-Stim",3,14,NA,3.12265431805787
"B","trial","UG","DA","Pre-Stim",3,15,NA,1.29150802448989
"B","trial","UG","DA","Pre-Stim",3,16,NA,1.15802639797353
"B","trial","UG","DA","Pre-Stim",3,17,NA,2.28859247683111
"B","trial","UG","DA","Pre-Stim",3,18,NA,3.50254371128124
"B","trial","UG","DA","Pre-Stim",3,19,NA,1.86896634589206
"B","trial","UG","DA","Pre-Stim",3,20,NA,2.19302221947584
"B","trial","UG","DA","Pre-Stim",3,21,NA,3.03719836760015
"B","trial","UG","DA","Pre-Stim",3,22,NA,3.63376667508472
"B","trial","UG","DA","Pre-Stim",3,23,NA,5.11655272455026
"B","trial","UG","DA","Pre-Stim",3,24,NA,3.78054949826417
"B","trial","UG","DA","Pre-Stim",3,25,NA,2.78867142904074
"B","trial","UG","DA","Pre-Stim",3,26,NA,5.21857836418733
"B","trial","UG","DA","Pre-Stim",3,27,NA,3.05988251324932
"B","trial","UG","DA","Pre-Stim",3,28,NA,2.77622669964778
"B","trial","UG","DA","Pre-Stim",3,29,NA,2.6240762264402
"B","trial","UG","DA","Pre-Stim",3,30,NA,4.06435871783156
"B","trial","UG","5-HT","Pre-Stim",3,1,NA,-4.94439959070262
"B","trial","UG","5-HT","Pre-Stim",3,2,NA,-4.99076457083299
"B","trial","UG","5-HT","Pre-Stim",3,3,NA,-2.57103348281514
"B","trial","UG","5-HT","Pre-Stim",3,4,NA,-5.5034348263594
"B","trial","UG","5-HT","Pre-Stim",3,5,NA,-0.306912259321496
"B","trial","UG","5-HT","Pre-Stim",3,6,NA,0.280838292511134
"B","trial","UG","5-HT","Pre-Stim",3,7,NA,3.21092590470894
"B","trial","UG","5-HT","Pre-Stim",3,8,NA,-5.4153575251554
"B","trial","UG","5-HT","Pre-Stim",3,9,NA,-8.76923008647115
"B","trial","UG","5-HT","Pre-Stim",3,10,NA,-3.58645110903327
"B","trial","UG","5-HT","Pre-Stim",3,11,NA,0.842473911183873
"B","trial","UG","5-HT","Pre-Stim",3,12,NA,-3.80547525088835
"B","trial","UG","5-HT","Pre-Stim",3,13,NA,-4.90223662227299
"B","trial","UG","5-HT","Pre-Stim",3,14,NA,-5.57362696821648
"B","trial","UG","5-HT","Pre-Stim",3,15,NA,-7.53385834007284
"B","trial","UG","5-HT","Pre-Stim",3,16,NA,-4.7864731600599
"B","trial","UG","5-HT","Pre-Stim",3,17,NA,-5.3714594264093
"B","trial","UG","5-HT","Pre-Stim",3,18,NA,-5.43749911349007
"B","trial","UG","5-HT","Pre-Stim",3,19,NA,-5.96356652420717
"B","trial","UG","5-HT","Pre-Stim",3,20,NA,-1.95626159494692
"B","trial","UG","5-HT","Pre-Stim",3,21,NA,-2.81134254823463
"B","trial","UG","5-HT","Pre-Stim",3,22,NA,-4.31996089288304
"B","trial","UG","5-HT","Pre-Stim",3,23,NA,-11.364526350098
"B","trial","UG","5-HT","Pre-Stim",3,24,NA,-7.27986470419424
"B","trial","UG","5-HT","Pre-Stim",3,25,NA,-8.51338745772276
"B","trial","UG","5-HT","Pre-Stim",3,26,NA,-4.84513101979135
"B","trial","UG","5-HT","Pre-Stim",3,27,NA,-8.50945541470552
"B","trial","UG","5-HT","Pre-Stim",3,28,NA,-9.27470559003602
"B","trial","UG","5-HT","Pre-Stim",3,29,NA,-3.79496745714451
"B","trial","UG","5-HT","Pre-Stim",3,30,NA,-8.6748842091658
"B","trial","UG","DA","Post-Stim",4,1,NA,-5.73803646854702
"B","trial","UG","DA","Post-Stim",4,2,NA,-4.87047917496339
"B","trial","UG","DA","Post-Stim",4,3,NA,-5.86523031580604
"B","trial","UG","DA","Post-Stim",4,4,NA,-7.93273989112159
"B","trial","UG","DA","Post-Stim",4,5,NA,-6.15699569255658
"B","trial","UG","DA","Post-Stim",4,6,NA,-5.09962198451659
"B","trial","UG","DA","Post-Stim",4,7,NA,-5.34018005311154
"B","trial","UG","DA","Post-Stim",4,8,NA,-3.87302462784996
"B","trial","UG","DA","Post-Stim",4,9,NA,-6.66437341040359
"B","trial","UG","DA","Post-Stim",4,10,NA,-3.94831139159348
"B","trial","UG","DA","Post-Stim",4,11,NA,-6.6794846351113
"B","trial","UG","DA","Post-Stim",4,12,NA,-5.56475204913537
"B","trial","UG","DA","Post-Stim",4,13,NA,-3.50053077336707
"B","trial","UG","DA","Post-Stim",4,14,NA,-5.61403468590613
"B","trial","UG","DA","Post-Stim",4,15,NA,-5.82831588028041
"B","trial","UG","DA","Post-Stim",4,16,NA,-5.26264845446081
"B","trial","UG","DA","Post-Stim",4,17,NA,-7.08468197392604
"B","trial","UG","DA","Post-Stim",4,18,NA,-5.76590108140435
"B","trial","UG","DA","Post-Stim",4,19,NA,-5.46191053563549
"B","trial","UG","DA","Post-Stim",4,20,NA,-6.24318294534284
"B","trial","UG","DA","Post-Stim",4,21,NA,-6.31868712969726
"B","trial","UG","DA","Post-Stim",4,22,NA,-4.98202214134084
"B","trial","UG","DA","Post-Stim",4,23,NA,-4.99914256829033
"B","trial","UG","DA","Post-Stim",4,24,NA,-6.10818437654644
"B","trial","UG","DA","Post-Stim",4,25,NA,-6.68239362318018
"B","trial","UG","DA","Post-Stim",4,26,NA,-4.8384277466872
"B","trial","UG","DA","Post-Stim",4,27,NA,-6.697226831676
"B","trial","UG","DA","Post-Stim",4,28,NA,-7.2168759700657
"B","trial","UG","DA","Post-Stim",4,29,NA,-8.18828034696371
"B","trial","UG","DA","Post-Stim",4,30,NA,-8.74068093839288
"B","trial","UG","5-HT","Post-Stim",4,1,NA,5.47236575619416
"B","trial","UG","5-HT","Post-Stim",4,2,NA,5.30882337356395
"B","trial","UG","5-HT","Post-Stim",4,3,NA,4.35016798541752
"B","trial","UG","5-HT","Post-Stim",4,4,NA,4.84869891982826
"B","trial","UG","5-HT","Post-Stim",4,5,NA,6.87816707062426
"B","trial","UG","5-HT","Post-Stim",4,6,NA,4.65576655384427
"B","trial","UG","5-HT","Post-Stim",4,7,NA,5.91928421860927
"B","trial","UG","5-HT","Post-Stim",4,8,NA,5.7682824701823
"B","trial","UG","5-HT","Post-Stim",4,9,NA,7.63901691501302
"B","trial","UG","5-HT","Post-Stim",4,10,NA,4.94671512875566
"B","trial","UG","5-HT","Post-Stim",4,11,NA,7.59761681563058
"B","trial","UG","5-HT","Post-Stim",4,12,NA,7.28672239512515
"B","trial","UG","5-HT","Post-Stim",4,13,NA,7.31334803309623
"B","trial","UG","5-HT","Post-Stim",4,14,NA,6.92419768852604
"B","trial","UG","5-HT","Post-Stim",4,15,NA,6.50552433136046
"B","trial","UG","5-HT","Post-Stim",4,16,NA,7.20720144782551
"B","trial","UG","5-HT","Post-Stim",4,17,NA,8.98047098191463
"B","trial","UG","5-HT","Post-Stim",4,18,NA,6.8531979071581
"B","trial","UG","5-HT","Post-Stim",4,19,NA,6.53579472353939
"B","trial","UG","5-HT","Post-Stim",4,20,NA,7.65058691027466
"B","trial","UG","5-HT","Post-Stim",4,21,NA,6.7699553561992
"B","trial","UG","5-HT","Post-Stim",4,22,NA,6.26166886839992
"B","trial","UG","5-HT","Post-Stim",4,23,NA,4.55652168943596
"B","trial","UG","5-HT","Post-Stim",4,24,NA,5.03232283271387
"B","trial","UG","5-HT","Post-Stim",4,25,NA,7.32750835442888
"B","trial","UG","5-HT","Post-Stim",4,26,NA,4.59804475507557
"B","trial","UG","5-HT","Post-Stim",4,27,NA,6.59620905722201
"B","trial","UG","5-HT","Post-Stim",4,28,NA,6.01496785684095
"B","trial","UG","5-HT","Post-Stim",4,29,NA,5.64255896234654
"B","trial","UG","5-HT","Post-Stim",4,30,NA,5.51733785049432
"B","trial","UG","DA","Pre-Stim",4,1,NA,3.70523850549097
"B","trial","UG","DA","Pre-Stim",4,2,NA,3.05101507288251
"B","trial","UG","DA","Pre-Stim",4,3,NA,4.71382419909056
"B","trial","UG","DA","Pre-Stim",4,4,NA,2.94993002750039
"B","trial","UG","DA","Pre-Stim",4,5,NA,6.83304613759435
"B","trial","UG","DA","Pre-Stim",4,6,NA,3.95680828043284
"B","trial","UG","DA","Pre-Stim",4,7,NA,3.97694104764088
"B","trial","UG","DA","Pre-Stim",4,8,NA,4.46496492312638
"B","trial","UG","DA","Pre-Stim",4,9,NA,-1.97944090971096
"B","trial","UG","DA","Pre-Stim",4,10,NA,-4.56010458766674
"B","trial","UG","DA","Pre-Stim",4,11,NA,0.640770953316555
"B","trial","UG","DA","Pre-Stim",4,12,NA,-1.19524233247976
"B","trial","UG","DA","Pre-Stim",4,13,NA,3.43710832848615
"B","trial","UG","DA","Pre-Stim",4,14,NA,3.1241044642421
"B","trial","UG","DA","Pre-Stim",4,15,NA,1.93353371321182
"B","trial","UG","DA","Pre-Stim",4,16,NA,3.32833650743205
"B","trial","UG","DA","Pre-Stim",4,17,NA,0.570217773543171
"B","trial","UG","DA","Pre-Stim",4,18,NA,2.80200418135625
"B","trial","UG","DA","Pre-Stim",4,19,NA,-2.45046398471495
"B","trial","UG","DA","Pre-Stim",4,20,NA,3.52326570907676
"B","trial","UG","DA","Pre-Stim",4,21,NA,0.455435859912259
"B","trial","UG","DA","Pre-Stim",4,22,NA,2.31902824931215
"B","trial","UG","DA","Pre-Stim",4,23,NA,2.54216900005761
"B","trial","UG","DA","Pre-Stim",4,24,NA,2.46729211940255
"B","trial","UG","DA","Pre-Stim",4,25,NA,0.927570200824435
"B","trial","UG","DA","Pre-Stim",4,26,NA,3.7509295361967
"B","trial","UG","DA","Pre-Stim",4,27,NA,3.58458717705139
"B","trial","UG","DA","Pre-Stim",4,28,NA,3.70706206461188
"B","trial","UG","DA","Pre-Stim",4,29,NA,4.52276111223402
"B","trial","UG","DA","Pre-Stim",4,30,NA,0.880422496409396
"B","trial","UG","5-HT","Pre-Stim",4,1,NA,-2.21628100519295
"B","trial","UG","5-HT","Pre-Stim",4,2,NA,-0.34038067155658
"B","trial","UG","5-HT","Pre-Stim",4,3,NA,-0.0586206519039627
"B","trial","UG","5-HT","Pre-Stim",4,4,NA,-2.13439189345921
"B","trial","UG","5-HT","Pre-Stim",4,5,NA,-2.25219426957738
"B","trial","UG","5-HT","Pre-Stim",4,6,NA,0.0622774371408277
"B","trial","UG","5-HT","Pre-Stim",4,7,NA,-2.03597275224038
"B","trial","UG","5-HT","Pre-Stim",4,8,NA,-2.37457430841134
"B","trial","UG","5-HT","Pre-Stim",4,9,NA,-1.22311564084127
"B","trial","UG","5-HT","Pre-Stim",4,10,NA,-6.30783942631115
"B","trial","UG","5-HT","Pre-Stim",4,11,NA,-0.249559410837199
"B","trial","UG","5-HT","Pre-Stim",4,12,NA,-2.22616456422876
"B","trial","UG","5-HT","Pre-Stim",4,13,NA,-1.95732191548006
"B","trial","UG","5-HT","Pre-Stim",4,14,NA,-1.90462633617262
"B","trial","UG","5-HT","Pre-Stim",4,15,NA,-1.13297330252293
"B","trial","UG","5-HT","Pre-Stim",4,16,NA,-0.209184835618591
"B","trial","UG","5-HT","Pre-Stim",4,17,NA,-1.05598650575139
"B","trial","UG","5-HT","Pre-Stim",4,18,NA,0.0805366041568464
"B","trial","UG","5-HT","Pre-Stim",4,19,NA,-1.52588343093068
"B","trial","UG","5-HT","Pre-Stim",4,20,NA,-0.0997982580154543
"B","trial","UG","5-HT","Pre-Stim",4,21,NA,-0.627651768574664
"B","trial","UG","5-HT","Pre-Stim",4,22,NA,-1.26948068563819
"B","trial","UG","5-HT","Pre-Stim",4,23,NA,0.522570010905562
"B","trial","UG","5-HT","Pre-Stim",4,24,NA,-0.0133951437523308
"B","trial","UG","5-HT","Pre-Stim",4,25,NA,-0.434803075181849
"B","trial","UG","5-HT","Pre-Stim",4,26,NA,-1.89929862486148
"B","trial","UG","5-HT","Pre-Stim",4,27,NA,-0.149994341412522
"B","trial","UG","5-HT","Pre-Stim",4,28,NA,-0.2824299426264
"B","trial","UG","5-HT","Pre-Stim",4,29,NA,-1.05374924383307
"B","trial","UG","5-HT","Pre-Stim",4,30,NA,0.722277148253436
"B","trial","UG","DA","Post-Stim",5,1,NA,9.48890855467729
"B","trial","UG","DA","Post-Stim",5,2,NA,7.2753091894224
"B","trial","UG","DA","Post-Stim",5,3,NA,9.93055742344101
"B","trial","UG","DA","Post-Stim",5,4,NA,8.2567875946754
"B","trial","UG","DA","Post-Stim",5,5,NA,6.97741129508478
"B","trial","UG","DA","Post-Stim",5,6,NA,6.33264049086376
"B","trial","UG","DA","Post-Stim",5,7,NA,6.51586130212323
"B","trial","UG","DA","Post-Stim",5,8,NA,5.35353705824608
"B","trial","UG","DA","Post-Stim",5,9,NA,6.1732426645137
"B","trial","UG","DA","Post-Stim",5,10,NA,5.09076780513794
"B","trial","UG","DA","Post-Stim",5,11,NA,7.74955673714943
"B","trial","UG","DA","Post-Stim",5,12,NA,7.68110091583404
"B","trial","UG","DA","Post-Stim",5,13,NA,6.35400542408875
"B","trial","UG","DA","Post-Stim",5,14,NA,4.85673364462772
"B","trial","UG","DA","Post-Stim",5,15,NA,5.72419025001907
"B","trial","UG","DA","Post-Stim",5,16,NA,5.44978987026374
"B","trial","UG","DA","Post-Stim",5,17,NA,3.2831410009361
"B","trial","UG","DA","Post-Stim",5,18,NA,5.42841441525707
"B","trial","UG","DA","Post-Stim",5,19,NA,4.75419943246574
"B","trial","UG","DA","Post-Stim",5,20,NA,6.68821460412394
"B","trial","UG","DA","Post-Stim",5,21,NA,4.97027955613523
"B","trial","UG","DA","Post-Stim",5,22,NA,5.79311132199156
"B","trial","UG","DA","Post-Stim",5,23,NA,6.23439071619736
"B","trial","UG","DA","Post-Stim",5,24,NA,6.75350410450708
"B","trial","UG","DA","Post-Stim",5,25,NA,5.36903674400582
"B","trial","UG","DA","Post-Stim",5,26,NA,5.25005660949208
"B","trial","UG","DA","Post-Stim",5,27,NA,4.52319963617522
"B","trial","UG","DA","Post-Stim",5,28,NA,4.55826041924173
"B","trial","UG","DA","Post-Stim",5,29,NA,5.41963657515896
"B","trial","UG","DA","Post-Stim",5,30,NA,6.6795901291541
"B","trial","UG","5-HT","Post-Stim",5,1,NA,13.9434694674559
"B","trial","UG","5-HT","Post-Stim",5,2,NA,15.7302493935515
"B","trial","UG","5-HT","Post-Stim",5,3,NA,14.5387952560395
"B","trial","UG","5-HT","Post-Stim",5,4,NA,17.2688104311467
"B","trial","UG","5-HT","Post-Stim",5,5,NA,13.1408997376597
"B","trial","UG","5-HT","Post-Stim",5,6,NA,11.350324079527
"B","trial","UG","5-HT","Post-Stim",5,7,NA,10.3167956451494
"B","trial","UG","5-HT","Post-Stim",5,8,NA,7.90640781030935
"B","trial","UG","5-HT","Post-Stim",5,9,NA,7.44079651682129
"B","trial","UG","5-HT","Post-Stim",5,10,NA,9.21518413667294
"B","trial","UG","5-HT","Post-Stim",5,11,NA,5.46518622373783
"B","trial","UG","5-HT","Post-Stim",5,12,NA,5.11083479373877
"B","trial","UG","5-HT","Post-Stim",5,13,NA,6.19870416952197
"B","trial","UG","5-HT","Post-Stim",5,14,NA,9.45866430700813
"B","trial","UG","5-HT","Post-Stim",5,15,NA,4.86788226642447
"B","trial","UG","5-HT","Post-Stim",5,16,NA,5.57718499637976
"B","trial","UG","5-HT","Post-Stim",5,17,NA,6.48377875645446
"B","trial","UG","5-HT","Post-Stim",5,18,NA,5.83386693920271
"B","trial","UG","5-HT","Post-Stim",5,19,NA,6.35126519785039
"B","trial","UG","5-HT","Post-Stim",5,20,NA,6.49495881631948
"B","trial","UG","5-HT","Post-Stim",5,21,NA,7.15633726943789
"B","trial","UG","5-HT","Post-Stim",5,22,NA,5.62289819814613
"B","trial","UG","5-HT","Post-Stim",5,23,NA,4.60166381130347
"B","trial","UG","5-HT","Post-Stim",5,24,NA,8.50803633685226
"B","trial","UG","5-HT","Post-Stim",5,25,NA,3.66210933683261
"B","trial","UG","5-HT","Post-Stim",5,26,NA,1.19755692559054
"B","trial","UG","5-HT","Post-Stim",5,27,NA,3.22826136047579
"B","trial","UG","5-HT","Post-Stim",5,28,NA,6.01799099969633
"B","trial","UG","5-HT","Post-Stim",5,29,NA,4.511877835861
"B","trial","UG","5-HT","Post-Stim",5,30,NA,1.51583443977336
"B","trial","UG","DA","Pre-Stim",5,1,NA,4.12288196491777
"B","trial","UG","DA","Pre-Stim",5,2,NA,5.17637028315174
"B","trial","UG","DA","Pre-Stim",5,3,NA,4.45134169216021
"B","trial","UG","DA","Pre-Stim",5,4,NA,2.64041367291831
"B","trial","UG","DA","Pre-Stim",5,5,NA,2.74432005029013
"B","trial","UG","DA","Pre-Stim",5,6,NA,1.01991854395043
"B","trial","UG","DA","Pre-Stim",5,7,NA,-2.41295152067651
"B","trial","UG","DA","Pre-Stim",5,8,NA,0.0643529804730348
"B","trial","UG","DA","Pre-Stim",5,9,NA,2.47230209353352
"B","trial","UG","DA","Pre-Stim",5,10,NA,-1.85312339314877
"B","trial","UG","DA","Pre-Stim",5,11,NA,-3.15316510651197
"B","trial","UG","DA","Pre-Stim",5,12,NA,-0.228997107363927
"B","trial","UG","DA","Pre-Stim",5,13,NA,2.48945658926706
"B","trial","UG","DA","Pre-Stim",5,14,NA,1.14410329349079
"B","trial","UG","DA","Pre-Stim",5,15,NA,-1.29050091376883
"B","trial","UG","DA","Pre-Stim",5,16,NA,-0.405464226139414
"B","trial","UG","DA","Pre-Stim",5,17,NA,0.151380717107272
"B","trial","UG","DA","Pre-Stim",5,18,NA,0.0460577129947684
"B","trial","UG","DA","Pre-Stim",5,19,NA,1.21153765587392
"B","trial","UG","DA","Pre-Stim",5,20,NA,0.181042987601461
"B","trial","UG","DA","Pre-Stim",5,21,NA,0.542827704105806
"B","trial","UG","DA","Pre-Stim",5,22,NA,-2.39278123072799
"B","trial","UG","DA","Pre-Stim",5,23,NA,-1.28045508808005
"B","trial","UG","DA","Pre-Stim",5,24,NA,0.102634161987461
"B","trial","UG","DA","Pre-Stim",5,25,NA,-1.48560882911931
"B","trial","UG","DA","Pre-Stim",5,26,NA,-1.70062199142773
"B","trial","UG","DA","Pre-Stim",5,27,NA,-0.539710393566149
"B","trial","UG","DA","Pre-Stim",5,28,NA,-0.0810515121015807
"B","trial","UG","DA","Pre-Stim",5,29,NA,-0.036634069590796
"B","trial","UG","DA","Pre-Stim",5,30,NA,2.90582203790378
"B","trial","UG","5-HT","Pre-Stim",5,1,NA,1.8391079826285
"B","trial","UG","5-HT","Pre-Stim",5,2,NA,1.70670623789482
"B","trial","UG","5-HT","Pre-Stim",5,3,NA,-2.824309031268
"B","trial","UG","5-HT","Pre-Stim",5,4,NA,-4.09122218381339
"B","trial","UG","5-HT","Pre-Stim",5,5,NA,-3.76110683640954
"B","trial","UG","5-HT","Pre-Stim",5,6,NA,-4.49029901584225
"B","trial","UG","5-HT","Pre-Stim",5,7,NA,-5.87102085245077
"B","trial","UG","5-HT","Pre-Stim",5,8,NA,-6.42950782452147
"B","trial","UG","5-HT","Pre-Stim",5,9,NA,-7.16494543830154
"B","trial","UG","5-HT","Pre-Stim",5,10,NA,-7.80855758118281
"B","trial","UG","5-HT","Pre-Stim",5,11,NA,-6.84102088984781
"B","trial","UG","5-HT","Pre-Stim",5,12,NA,-8.82833510375506
"B","trial","UG","5-HT","Pre-Stim",5,13,NA,-7.08385176768353
"B","trial","UG","5-HT","Pre-Stim",5,14,NA,-6.54528824966124
"B","trial","UG","5-HT","Pre-Stim",5,15,NA,-6.90807529353476
"B","trial","UG","5-HT","Pre-Stim",5,16,NA,-9.52467602430508
"B","trial","UG","5-HT","Pre-Stim",5,17,NA,-7.19079634464235
"B","trial","UG","5-HT","Pre-Stim",5,18,NA,-7.77298694387495
"B","trial","UG","5-HT","Pre-Stim",5,19,NA,-8.28598753063375
"B","trial","UG","5-HT","Pre-Stim",5,20,NA,-7.2162229378248
"B","trial","UG","5-HT","Pre-Stim",5,21,NA,-7.98011461890119
"B","trial","UG","5-HT","Pre-Stim",5,22,NA,-6.00772627305914
"B","trial","UG","5-HT","Pre-Stim",5,23,NA,-5.24358304581421
"B","trial","UG","5-HT","Pre-Stim",5,24,NA,-7.25748614438751
"B","trial","UG","5-HT","Pre-Stim",5,25,NA,-6.44535503841851
"B","trial","UG","5-HT","Pre-Stim",5,26,NA,-6.36634521090836
"B","trial","UG","5-HT","Pre-Stim",5,27,NA,-6.27106815036694
"B","trial","UG","5-HT","Pre-Stim",5,28,NA,-8.39002967767161
"B","trial","UG","5-HT","Pre-Stim",5,29,NA,-7.96448732007212
"B","trial","UG","5-HT","Pre-Stim",5,30,NA,-6.79311079266729
"B","trial","UG","DA","Post-Stim",6,1,NA,5.96518196103874
"B","trial","UG","DA","Post-Stim",6,2,NA,6.35705512952927
"B","trial","UG","DA","Post-Stim",6,3,NA,6.27092705662406
"B","trial","UG","DA","Post-Stim",6,4,NA,6.09979992738685
"B","trial","UG","DA","Post-Stim",6,5,NA,5.69631284540799
"B","trial","UG","DA","Post-Stim",6,6,NA,6.24030925104739
"B","trial","UG","DA","Post-Stim",6,7,NA,6.39611597781715
"B","trial","UG","DA","Post-Stim",6,8,NA,6.78626859781971
"B","trial","UG","DA","Post-Stim",6,9,NA,7.32730716188243
"B","trial","UG","DA","Post-Stim",6,10,NA,6.68727865547732
"B","trial","UG","DA","Post-Stim",6,11,NA,6.78687055035192
"B","trial","UG","DA","Post-Stim",6,12,NA,6.57598378175308
"B","trial","UG","DA","Post-Stim",6,13,NA,6.933705344509
"B","trial","UG","DA","Post-Stim",6,14,NA,6.85962804375366
"B","trial","UG","DA","Post-Stim",6,15,NA,5.85923514122504
"B","trial","UG","DA","Post-Stim",6,16,NA,6.04657614337988
"B","trial","UG","DA","Post-Stim",6,17,NA,6.66426785120685
"B","trial","UG","DA","Post-Stim",6,18,NA,5.74574268894957
"B","trial","UG","DA","Post-Stim",6,19,NA,6.80805616742663
"B","trial","UG","DA","Post-Stim",6,20,NA,5.06257018194988
"B","trial","UG","DA","Post-Stim",6,21,NA,6.49340356727898
"B","trial","UG","DA","Post-Stim",6,22,NA,5.90007273393393
"B","trial","UG","DA","Post-Stim",6,23,NA,5.55416671771149
"B","trial","UG","DA","Post-Stim",6,24,NA,6.51117642360113
"B","trial","UG","DA","Post-Stim",6,25,NA,6.5601949897009
"B","trial","UG","DA","Post-Stim",6,26,NA,5.55586923868795
"B","trial","UG","DA","Post-Stim",6,27,NA,6.41446520975075
"B","trial","UG","DA","Post-Stim",6,28,NA,5.86396338679282
"B","trial","UG","DA","Post-Stim",6,29,NA,6.1392387380087
"B","trial","UG","DA","Post-Stim",6,30,NA,5.66018963503221
"B","trial","UG","5-HT","Post-Stim",6,1,NA,-6.48533976578514
"B","trial","UG","5-HT","Post-Stim",6,2,NA,-6.28322556438344
"B","trial","UG","5-HT","Post-Stim",6,3,NA,-4.82368040012276
"B","trial","UG","5-HT","Post-Stim",6,4,NA,-5.92218451730643
"B","trial","UG","5-HT","Post-Stim",6,5,NA,-4.97220589747722
"B","trial","UG","5-HT","Post-Stim",6,6,NA,-6.19277364010398
"B","trial","UG","5-HT","Post-Stim",6,7,NA,-5.34661123253991
"B","trial","UG","5-HT","Post-Stim",6,8,NA,-5.24446237883303
"B","trial","UG","5-HT","Post-Stim",6,9,NA,-6.4327036069424
"B","trial","UG","5-HT","Post-Stim",6,10,NA,-6.07127711583728
"B","trial","UG","5-HT","Post-Stim",6,11,NA,-5.89137588097355
"B","trial","UG","5-HT","Post-Stim",6,12,NA,-6.68588632769912
"B","trial","UG","5-HT","Post-Stim",6,13,NA,-5.78251361153872
"B","trial","UG","5-HT","Post-Stim",6,14,NA,-5.87962267886621
"B","trial","UG","5-HT","Post-Stim",6,15,NA,-5.40868386270819
"B","trial","UG","5-HT","Post-Stim",6,16,NA,-6.49786010407229
"B","trial","UG","5-HT","Post-Stim",6,17,NA,-5.30901219312778
"B","trial","UG","5-HT","Post-Stim",6,18,NA,-5.93163639244885
"B","trial","UG","5-HT","Post-Stim",6,19,NA,-6.90027577408331
"B","trial","UG","5-HT","Post-Stim",6,20,NA,-6.53180403300062
"B","trial","UG","5-HT","Post-Stim",6,21,NA,-5.5492108338591
"B","trial","UG","5-HT","Post-Stim",6,22,NA,-6.01541681280154
"B","trial","UG","5-HT","Post-Stim",6,23,NA,-5.9245223983734
"B","trial","UG","5-HT","Post-Stim",6,24,NA,-5.44150518517982
"B","trial","UG","5-HT","Post-Stim",6,25,NA,-7.00809644038152
"B","trial","UG","5-HT","Post-Stim",6,26,NA,-5.77895491013133
"B","trial","UG","5-HT","Post-Stim",6,27,NA,-7.0373307917968
"B","trial","UG","5-HT","Post-Stim",6,28,NA,-5.93338449755067
"B","trial","UG","5-HT","Post-Stim",6,29,NA,-6.74309558884212
"B","trial","UG","5-HT","Post-Stim",6,30,NA,-5.46784995809201
"B","trial","UG","DA","Pre-Stim",6,1,NA,0.0762093733218186
"B","trial","UG","DA","Pre-Stim",6,2,NA,0.808918343282268
"B","trial","UG","DA","Pre-Stim",6,3,NA,0.105241309815082
"B","trial","UG","DA","Pre-Stim",6,4,NA,1.39012862984934
"B","trial","UG","DA","Pre-Stim",6,5,NA,1.60221782506096
"B","trial","UG","DA","Pre-Stim",6,6,NA,1.05520324665339
"B","trial","UG","DA","Pre-Stim",6,7,NA,1.92938043051162
"B","trial","UG","DA","Pre-Stim",6,8,NA,1.64879152472383
"B","trial","UG","DA","Pre-Stim",6,9,NA,1.50862630286471
"B","trial","UG","DA","Pre-Stim",6,10,NA,1.57142713718544
"B","trial","UG","DA","Pre-Stim",6,11,NA,1.69121673781116
"B","trial","UG","DA","Pre-Stim",6,12,NA,2.46092448152473
"B","trial","UG","DA","Pre-Stim",6,13,NA,2.40900856584143
"B","trial","UG","DA","Pre-Stim",6,14,NA,1.96181069473753
"B","trial","UG","DA","Pre-Stim",6,15,NA,3.01240571048105
"B","trial","UG","DA","Pre-Stim",6,16,NA,2.5332320357155
"B","trial","UG","DA","Pre-Stim",6,17,NA,1.90530957744798
"B","trial","UG","DA","Pre-Stim",6,18,NA,2.59926851864335
"B","trial","UG","DA","Pre-Stim",6,19,NA,2.11048556585291
"B","trial","UG","DA","Pre-Stim",6,20,NA,2.67534823581067
"B","trial","UG","DA","Pre-Stim",6,21,NA,2.24271053838222
"B","trial","UG","DA","Pre-Stim",6,22,NA,3.87594388628025
"B","trial","UG","DA","Pre-Stim",6,23,NA,2.66612539911151
"B","trial","UG","DA","Pre-Stim",6,24,NA,3.18348046353731
"B","trial","UG","DA","Pre-Stim",6,25,NA,3.80519060244293
"B","trial","UG","DA","Pre-Stim",6,26,NA,2.49125447438815
"B","trial","UG","DA","Pre-Stim",6,27,NA,3.52238838490333
"B","trial","UG","DA","Pre-Stim",6,28,NA,3.36020756498485
"B","trial","UG","DA","Pre-Stim",6,29,NA,4.62408764007509
"B","trial","UG","DA","Pre-Stim",6,30,NA,2.15789029900483
"B","trial","UG","5-HT","Pre-Stim",6,1,NA,1.24920904946784
"B","trial","UG","5-HT","Pre-Stim",6,2,NA,0.208392772233937
"B","trial","UG","5-HT","Pre-Stim",6,3,NA,0.732420712252455
"B","trial","UG","5-HT","Pre-Stim",6,4,NA,0.988049958885569
"B","trial","UG","5-HT","Pre-Stim",6,5,NA,0.545154683201952
"B","trial","UG","5-HT","Pre-Stim",6,6,NA,0.843362406134353
"B","trial","UG","5-HT","Pre-Stim",6,7,NA,0.743157931815436
"B","trial","UG","5-HT","Pre-Stim",6,8,NA,0.746112879249971
"B","trial","UG","5-HT","Pre-Stim",6,9,NA,0.0146135678779746
"B","trial","UG","5-HT","Pre-Stim",6,10,NA,0.257758421554732
"B","trial","UG","5-HT","Pre-Stim",6,11,NA,1.88359359960794
"B","trial","UG","5-HT","Pre-Stim",6,12,NA,0.387315549196744
"B","trial","UG","5-HT","Pre-Stim",6,13,NA,0.482209407125642
"B","trial","UG","5-HT","Pre-Stim",6,14,NA,0.654131833120957
"B","trial","UG","5-HT","Pre-Stim",6,15,NA,0.418663308939538
"B","trial","UG","5-HT","Pre-Stim",6,16,NA,1.33280927591704
"B","trial","UG","5-HT","Pre-Stim",6,17,NA,0.789868728036276
"B","trial","UG","5-HT","Pre-Stim",6,18,NA,1.11558689950227
"B","trial","UG","5-HT","Pre-Stim",6,19,NA,1.11184352015212
"B","trial","UG","5-HT","Pre-Stim",6,20,NA,0.265318771874209
"B","trial","UG","5-HT","Pre-Stim",6,21,NA,1.55435647620779
"B","trial","UG","5-HT","Pre-Stim",6,22,NA,0.902781274272807
"B","trial","UG","5-HT","Pre-Stim",6,23,NA,0.494947771072571
"B","trial","UG","5-HT","Pre-Stim",6,24,NA,0.519825302855972
"B","trial","UG","5-HT","Pre-Stim",6,25,NA,0.57199185537167
"B","trial","UG","5-HT","Pre-Stim",6,26,NA,-0.238332722031295
"B","trial","UG","5-HT","Pre-Stim",6,27,NA,1.07152331131261
"B","trial","UG","5-HT","Pre-Stim",6,28,NA,1.22283132775294
"B","trial","UG","5-HT","Pre-Stim",6,29,NA,0.46892847518253
"B","trial","UG","5-HT","Pre-Stim",6,30,NA,0.525841958825315
"B","trial","UG","DA","Post-Stim",7,1,NA,9.24351288288458
"B","trial","UG","DA","Post-Stim",7,2,NA,5.08624747438593
"B","trial","UG","DA","Post-Stim",7,3,NA,3.11080252662175
"B","trial","UG","DA","Post-Stim",7,4,NA,4.2050326449788
"B","trial","UG","DA","Post-Stim",7,5,NA,9.41031118590129
"B","trial","UG","DA","Post-Stim",7,6,NA,-4.4771541521277
"B","trial","UG","DA","Post-Stim",7,7,NA,-1.40420993983987
"B","trial","UG","DA","Post-Stim",7,8,NA,2.26227389991249
"B","trial","UG","DA","Post-Stim",7,9,NA,-5.20732704635747
"B","trial","UG","DA","Post-Stim",7,10,NA,3.01207670230709
"B","trial","UG","DA","Post-Stim",7,11,NA,-3.97554489476662
"B","trial","UG","DA","Post-Stim",7,12,NA,1.98166060626461
"B","trial","UG","DA","Post-Stim",7,13,NA,1.64342976170083
"B","trial","UG","DA","Post-Stim",7,14,NA,0.696565701919148
"B","trial","UG","DA","Post-Stim",7,15,NA,3.1403265156138
"B","trial","UG","DA","Post-Stim",7,16,NA,4.65770092933297
"B","trial","UG","DA","Post-Stim",7,17,NA,2.72650792650278
"B","trial","UG","DA","Post-Stim",7,18,NA,1.91454559059628
"B","trial","UG","DA","Post-Stim",7,19,NA,2.29807548649341
"B","trial","UG","DA","Post-Stim",7,20,NA,-0.868109049430442
"B","trial","UG","DA","Post-Stim",7,21,NA,-1.63531646698068
"B","trial","UG","DA","Post-Stim",7,22,NA,10.5444954168871
"B","trial","UG","DA","Post-Stim",7,23,NA,3.92812595298013
"B","trial","UG","DA","Post-Stim",7,24,NA,1.07321493603721
"B","trial","UG","DA","Post-Stim",7,25,NA,3.6645166310929
"B","trial","UG","DA","Post-Stim",7,26,NA,2.40721344237887
"B","trial","UG","DA","Post-Stim",7,27,NA,-0.115672158300194
"B","trial","UG","DA","Post-Stim",7,28,NA,2.13160630440852
"B","trial","UG","DA","Post-Stim",7,29,NA,4.32838550622982
"B","trial","UG","DA","Post-Stim",7,30,NA,3.11776399706223
"B","trial","UG","5-HT","Post-Stim",7,1,NA,-0.545402138338278
"B","trial","UG","5-HT","Post-Stim",7,2,NA,0.910575911875465
"B","trial","UG","5-HT","Post-Stim",7,3,NA,-2.31656719561084
"B","trial","UG","5-HT","Post-Stim",7,4,NA,2.27696388983998
"B","trial","UG","5-HT","Post-Stim",7,5,NA,1.71993755212543
"B","trial","UG","5-HT","Post-Stim",7,6,NA,0.425659220363442
"B","trial","UG","5-HT","Post-Stim",7,7,NA,3.63561265403394
"B","trial","UG","5-HT","Post-Stim",7,8,NA,0.41599849260103
"B","trial","UG","5-HT","Post-Stim",7,9,NA,0.169169182804823
"B","trial","UG","5-HT","Post-Stim",7,10,NA,1.43538332244054
"B","trial","UG","5-HT","Post-Stim",7,11,NA,0.368751394844532
"B","trial","UG","5-HT","Post-Stim",7,12,NA,0.966729161366077
"B","trial","UG","5-HT","Post-Stim",7,13,NA,2.08555085379765
"B","trial","UG","5-HT","Post-Stim",7,14,NA,3.88206894837771
"B","trial","UG","5-HT","Post-Stim",7,15,NA,5.61563643377859
"B","trial","UG","5-HT","Post-Stim",7,16,NA,0.677013531653648
"B","trial","UG","5-HT","Post-Stim",7,17,NA,0.632340538332272
"B","trial","UG","5-HT","Post-Stim",7,18,NA,1.13129776488493
"B","trial","UG","5-HT","Post-Stim",7,19,NA,1.47023180127106
"B","trial","UG","5-HT","Post-Stim",7,20,NA,1.04924273103435
"B","trial","UG","5-HT","Post-Stim",7,21,NA,3.96922449496909
"B","trial","UG","5-HT","Post-Stim",7,22,NA,0.787382125270275
"B","trial","UG","5-HT","Post-Stim",7,23,NA,-0.390881126296794
"B","trial","UG","5-HT","Post-Stim",7,24,NA,1.08009034225222
"B","trial","UG","5-HT","Post-Stim",7,25,NA,3.70682397979373
"B","trial","UG","5-HT","Post-Stim",7,26,NA,2.07366753191593
"B","trial","UG","5-HT","Post-Stim",7,27,NA,1.42026570041268
"B","trial","UG","5-HT","Post-Stim",7,28,NA,3.17142885181187
"B","trial","UG","5-HT","Post-Stim",7,29,NA,0.218270052668413
"B","trial","UG","5-HT","Post-Stim",7,30,NA,0.439073707938863
"B","trial","UG","DA","Pre-Stim",7,1,NA,-0.625041631825444
"B","trial","UG","DA","Pre-Stim",7,2,NA,-1.95321242628203
"B","trial","UG","DA","Pre-Stim",7,3,NA,0.569973261594578
"B","trial","UG","DA","Pre-Stim",7,4,NA,1.378956486812
"B","trial","UG","DA","Pre-Stim",7,5,NA,3.78366816985795
"B","trial","UG","DA","Pre-Stim",7,6,NA,2.18455252595612
"B","trial","UG","DA","Pre-Stim",7,7,NA,-7.53135662055065
"B","trial","UG","DA","Pre-Stim",7,8,NA,-3.48548226208276
"B","trial","UG","DA","Pre-Stim",7,9,NA,-5.29695153330893
"B","trial","UG","DA","Pre-Stim",7,10,NA,-6.10814658923753
"B","trial","UG","DA","Pre-Stim",7,11,NA,5.2810597459781
"B","trial","UG","DA","Pre-Stim",7,12,NA,-0.484616336521094
"B","trial","UG","DA","Pre-Stim",7,13,NA,4.03655046351481
"B","trial","UG","DA","Pre-Stim",7,14,NA,5.83731531726537
"B","trial","UG","DA","Pre-Stim",7,15,NA,1.78194413332916
"B","trial","UG","DA","Pre-Stim",7,16,NA,-1.48610558125153
"B","trial","UG","DA","Pre-Stim",7,17,NA,1.23491068219451
"B","trial","UG","DA","Pre-Stim",7,18,NA,-1.38280138227147
"B","trial","UG","DA","Pre-Stim",7,19,NA,3.03405484346306
"B","trial","UG","DA","Pre-Stim",7,20,NA,-6.50495126726972
"B","trial","UG","DA","Pre-Stim",7,21,NA,-1.44623308505887
"B","trial","UG","DA","Pre-Stim",7,22,NA,1.63669379966468
"B","trial","UG","DA","Pre-Stim",7,23,NA,5.01354786133293
"B","trial","UG","DA","Pre-Stim",7,24,NA,1.10285217932058
"B","trial","UG","DA","Pre-Stim",7,25,NA,5.31955948490348
"B","trial","UG","DA","Pre-Stim",7,26,NA,0.956566070668886
"B","trial","UG","DA","Pre-Stim",7,27,NA,0.138359504044675
"B","trial","UG","DA","Pre-Stim",7,28,NA,0.843188409278514
"B","trial","UG","DA","Pre-Stim",7,29,NA,2.79378451529081
"B","trial","UG","DA","Pre-Stim",7,30,NA,0.874676735480171
"B","trial","UG","5-HT","Pre-Stim",7,1,NA,-6.4160976076324
"B","trial","UG","5-HT","Pre-Stim",7,2,NA,-2.89666801279072
"B","trial","UG","5-HT","Pre-Stim",7,3,NA,-5.37838586043111
"B","trial","UG","5-HT","Pre-Stim",7,4,NA,-5.21473788275372
"B","trial","UG","5-HT","Pre-Stim",7,5,NA,-2.64827441081919
"B","trial","UG","5-HT","Pre-Stim",7,6,NA,-5.75211437107807
"B","trial","UG","5-HT","Pre-Stim",7,7,NA,-3.11289263045174
"B","trial","UG","5-HT","Pre-Stim",7,8,NA,-3.97484433891497
"B","trial","UG","5-HT","Pre-Stim",7,9,NA,-4.62880897400198
"B","trial","UG","5-HT","Pre-Stim",7,10,NA,-3.72354513697331
"B","trial","UG","5-HT","Pre-Stim",7,11,NA,-0.332737094516539
"B","trial","UG","5-HT","Pre-Stim",7,12,NA,-1.24955497527665
"B","trial","UG","5-HT","Pre-Stim",7,13,NA,-2.82772771459366
"B","trial","UG","5-HT","Pre-Stim",7,14,NA,-2.09383682336534
"B","trial","UG","5-HT","Pre-Stim",7,15,NA,-1.54441180681465
"B","trial","UG","5-HT","Pre-Stim",7,16,NA,-1.55000072004221
"B","trial","UG","5-HT","Pre-Stim",7,17,NA,-0.478397722224
"B","trial","UG","5-HT","Pre-Stim",7,18,NA,-2.53227621249063
"B","trial","UG","5-HT","Pre-Stim",7,19,NA,-3.81885305625202
"B","trial","UG","5-HT","Pre-Stim",7,20,NA,-4.13320846397098
"B","trial","UG","5-HT","Pre-Stim",7,21,NA,-2.68686199918313
"B","trial","UG","5-HT","Pre-Stim",7,22,NA,-4.69763446706125
"B","trial","UG","5-HT","Pre-Stim",7,23,NA,-1.79060995414099
"B","trial","UG","5-HT","Pre-Stim",7,24,NA,-3.35213550693063
"B","trial","UG","5-HT","Pre-Stim",7,25,NA,-1.99980062155057
"B","trial","UG","5-HT","Pre-Stim",7,26,NA,-1.37076053499211
"B","trial","UG","5-HT","Pre-Stim",7,27,NA,-5.09018080273636
"B","trial","UG","5-HT","Pre-Stim",7,28,NA,-3.03999459231852
"B","trial","UG","5-HT","Pre-Stim",7,29,NA,-1.64634718263497
"B","trial","UG","5-HT","Pre-Stim",7,30,NA,-4.09982441195732
"B","trial","UG","DA","Post-Stim",8,1,NA,8.817457005839
"B","trial","UG","DA","Post-Stim",8,2,NA,10.7533512800651
"B","trial","UG","DA","Post-Stim",8,3,NA,10.4369792252476
"B","trial","UG","DA","Post-Stim",8,4,NA,8.45735670127051
"B","trial","UG","DA","Post-Stim",8,5,NA,8.2312675370256
"B","trial","UG","DA","Post-Stim",8,6,NA,8.51807919399332
"B","trial","UG","DA","Post-Stim",8,7,NA,8.52528074378898
"B","trial","UG","DA","Post-Stim",8,8,NA,9.81508980860108
"B","trial","UG","DA","Post-Stim",8,9,NA,8.27714176812629
"B","trial","UG","DA","Post-Stim",8,10,NA,8.14632872546883
"B","trial","UG","DA","Post-Stim",8,11,NA,7.09832389766749
"B","trial","UG","DA","Post-Stim",8,12,NA,7.64552015043792
"B","trial","UG","DA","Post-Stim",8,13,NA,7.47250924966996
"B","trial","UG","DA","Post-Stim",8,14,NA,7.10436267294464
"B","trial","UG","DA","Post-Stim",8,15,NA,10.3230059091584
"B","trial","UG","DA","Post-Stim",8,16,NA,9.15038016955021
"B","trial","UG","DA","Post-Stim",8,17,NA,9.99476689080978
"B","trial","UG","DA","Post-Stim",8,18,NA,6.50085016577801
"B","trial","UG","DA","Post-Stim",8,19,NA,4.92244103590321
"B","trial","UG","DA","Post-Stim",8,20,NA,5.62135434844275
"B","trial","UG","DA","Post-Stim",8,21,NA,7.03304615654369
"B","trial","UG","DA","Post-Stim",8,22,NA,7.60476280709237
"B","trial","UG","DA","Post-Stim",8,23,NA,5.43427687075004
"B","trial","UG","DA","Post-Stim",8,24,NA,6.8699382805393
"B","trial","UG","DA","Post-Stim",8,25,NA,7.15534755097418
"B","trial","UG","DA","Post-Stim",8,26,NA,5.61213613103909
"B","trial","UG","DA","Post-Stim",8,27,NA,7.34664491618724
"B","trial","UG","DA","Post-Stim",8,28,NA,5.64639038727383
"B","trial","UG","DA","Post-Stim",8,29,NA,5.18186795509747
"B","trial","UG","DA","Post-Stim",8,30,NA,6.48662336343306
"B","trial","UG","5-HT","Post-Stim",8,1,NA,-9.09135918163565
"B","trial","UG","5-HT","Post-Stim",8,2,NA,-10.4571900852825
"B","trial","UG","5-HT","Post-Stim",8,3,NA,-11.1396128273782
"B","trial","UG","5-HT","Post-Stim",8,4,NA,-9.5935375345482
"B","trial","UG","5-HT","Post-Stim",8,5,NA,-3.76161641963009
"B","trial","UG","5-HT","Post-Stim",8,6,NA,-6.41263733444515
"B","trial","UG","5-HT","Post-Stim",8,7,NA,-4.74398028780498
"B","trial","UG","5-HT","Post-Stim",8,8,NA,-5.13628096196977
"B","trial","UG","5-HT","Post-Stim",8,9,NA,-7.17921768848901
"B","trial","UG","5-HT","Post-Stim",8,10,NA,-8.32593812525177
"B","trial","UG","5-HT","Post-Stim",8,11,NA,-5.50325363419538
"B","trial","UG","5-HT","Post-Stim",8,12,NA,-6.68272766303779
"B","trial","UG","5-HT","Post-Stim",8,13,NA,-8.13017272499662
"B","trial","UG","5-HT","Post-Stim",8,14,NA,-6.26337503014594
"B","trial","UG","5-HT","Post-Stim",8,15,NA,-6.11468543949478
"B","trial","UG","5-HT","Post-Stim",8,16,NA,-4.43460958673113
"B","trial","UG","5-HT","Post-Stim",8,17,NA,-8.28401337671338
"B","trial","UG","5-HT","Post-Stim",8,18,NA,-7.00854757301844
"B","trial","UG","5-HT","Post-Stim",8,19,NA,-4.12350679995313
"B","trial","UG","5-HT","Post-Stim",8,20,NA,-4.29418274758334
"B","trial","UG","5-HT","Post-Stim",8,21,NA,-4.74815786064959
"B","trial","UG","5-HT","Post-Stim",8,22,NA,-5.12923363796717
"B","trial","UG","5-HT","Post-Stim",8,23,NA,-5.92133329410611
"B","trial","UG","5-HT","Post-Stim",8,24,NA,-4.94639157621633
"B","trial","UG","5-HT","Post-Stim",8,25,NA,-4.41961512288527
"B","trial","UG","5-HT","Post-Stim",8,26,NA,-4.55923917132276
"B","trial","UG","5-HT","Post-Stim",8,27,NA,-4.31237884765739
"B","trial","UG","5-HT","Post-Stim",8,28,NA,-4.27305411210988
"B","trial","UG","5-HT","Post-Stim",8,29,NA,-2.92078751811665
"B","trial","UG","5-HT","Post-Stim",8,30,NA,-3.73044786652942
"B","trial","UG","DA","Pre-Stim",8,1,NA,0.38811344662459
"B","trial","UG","DA","Pre-Stim",8,2,NA,0.874786914986552
"B","trial","UG","DA","Pre-Stim",8,3,NA,-0.127939743356612
"B","trial","UG","DA","Pre-Stim",8,4,NA,4.48564675385692
"B","trial","UG","DA","Pre-Stim",8,5,NA,5.6563836619559
"B","trial","UG","DA","Pre-Stim",8,6,NA,5.75110453827382
"B","trial","UG","DA","Pre-Stim",8,7,NA,7.02501236927315
"B","trial","UG","DA","Pre-Stim",8,8,NA,4.52737381979948
"B","trial","UG","DA","Pre-Stim",8,9,NA,8.22111076617938
"B","trial","UG","DA","Pre-Stim",8,10,NA,7.03842237153043
"B","trial","UG","DA","Pre-Stim",8,11,NA,3.85169135426705
"B","trial","UG","DA","Pre-Stim",8,12,NA,5.5097124234436
"B","trial","UG","DA","Pre-Stim",8,13,NA,6.13327145656826
"B","trial","UG","DA","Pre-Stim",8,14,NA,5.1000973414104
"B","trial","UG","DA","Pre-Stim",8,15,NA,7.27212053352164
"B","trial","UG","DA","Pre-Stim",8,16,NA,5.18077439482564
"B","trial","UG","DA","Pre-Stim",8,17,NA,5.31061708534146
"B","trial","UG","DA","Pre-Stim",8,18,NA,7.83704478488325
"B","trial","UG","DA","Pre-Stim",8,19,NA,10.3759376628871
"B","trial","UG","DA","Pre-Stim",8,20,NA,8.72664144246621
"B","trial","UG","DA","Pre-Stim",8,21,NA,7.91422207903168
"B","trial","UG","DA","Pre-Stim",8,22,NA,5.99959581501496
"B","trial","UG","DA","Pre-Stim",8,23,NA,6.8758313624686
"B","trial","UG","DA","Pre-Stim",8,24,NA,7.54506737393913
"B","trial","UG","DA","Pre-Stim",8,25,NA,8.88162633141461
"B","trial","UG","DA","Pre-Stim",8,26,NA,8.3211359510712
"B","trial","UG","DA","Pre-Stim",8,27,NA,9.92890866473635
"B","trial","UG","DA","Pre-Stim",8,28,NA,9.30621449375115
"B","trial","UG","DA","Pre-Stim",8,29,NA,8.83102426130847
"B","trial","UG","DA","Pre-Stim",8,30,NA,9.09768926052561
"B","trial","UG","5-HT","Pre-Stim",8,1,NA,2.52044341241345
"B","trial","UG","5-HT","Pre-Stim",8,2,NA,-5.01766089562514
"B","trial","UG","5-HT","Pre-Stim",8,3,NA,-2.22284916688213
"B","trial","UG","5-HT","Pre-Stim",8,4,NA,-6.22460859562328
"B","trial","UG","5-HT","Pre-Stim",8,5,NA,-0.698904651702652
"B","trial","UG","5-HT","Pre-Stim",8,6,NA,-8.51624423749895
"B","trial","UG","5-HT","Pre-Stim",8,7,NA,-7.09403570043701
"B","trial","UG","5-HT","Pre-Stim",8,8,NA,-2.8984898918908
"B","trial","UG","5-HT","Pre-Stim",8,9,NA,-3.47182026181407
"B","trial","UG","5-HT","Pre-Stim",8,10,NA,-6.19192655033252
"B","trial","UG","5-HT","Pre-Stim",8,11,NA,-1.58818925213435
"B","trial","UG","5-HT","Pre-Stim",8,12,NA,-6.26582820004855
"B","trial","UG","5-HT","Pre-Stim",8,13,NA,-2.20757446929948
"B","trial","UG","5-HT","Pre-Stim",8,14,NA,-4.94586745355143
"B","trial","UG","5-HT","Pre-Stim",8,15,NA,-3.4430548244993
"B","trial","UG","5-HT","Pre-Stim",8,16,NA,-7.64219025571083
"B","trial","UG","5-HT","Pre-Stim",8,17,NA,-5.50302769095831
"B","trial","UG","5-HT","Pre-Stim",8,18,NA,-2.03404111948902
"B","trial","UG","5-HT","Pre-Stim",8,19,NA,-5.37833993053905
"B","trial","UG","5-HT","Pre-Stim",8,20,NA,-6.11254322821255
"B","trial","UG","5-HT","Pre-Stim",8,21,NA,-4.85383955451331
"B","trial","UG","5-HT","Pre-Stim",8,22,NA,-6.37981413457438
"B","trial","UG","5-HT","Pre-Stim",8,23,NA,-2.74653667176442
"B","trial","UG","5-HT","Pre-Stim",8,24,NA,-2.17845735966569
"B","trial","UG","5-HT","Pre-Stim",8,25,NA,-6.91770279333139
"B","trial","UG","5-HT","Pre-Stim",8,26,NA,-8.95889056323029
"B","trial","UG","5-HT","Pre-Stim",8,27,NA,-3.66852468844682
"B","trial","UG","5-HT","Pre-Stim",8,28,NA,-5.89890738124414
"B","trial","UG","5-HT","Pre-Stim",8,29,NA,-3.8765278982689
"B","trial","UG","5-HT","Pre-Stim",8,30,NA,-7.42637193507349
"B","trial","UG","DA","Post-Stim",9,2,NA,11.907261529855
"B","trial","UG","DA","Post-Stim",9,3,NA,11.9119181857613
"B","trial","UG","DA","Post-Stim",9,4,NA,9.62874693483258
"B","trial","UG","DA","Post-Stim",9,5,NA,9.94427065489407
"B","trial","UG","DA","Post-Stim",9,6,NA,8.47854090079558
"B","trial","UG","DA","Post-Stim",9,7,NA,9.54627495651854
"B","trial","UG","DA","Post-Stim",9,8,NA,7.33451019446661
"B","trial","UG","DA","Post-Stim",9,9,NA,8.20229168584863
"B","trial","UG","DA","Post-Stim",9,10,NA,10.0939918979372
"B","trial","UG","DA","Post-Stim",9,11,NA,9.69520684404926
"B","trial","UG","DA","Post-Stim",9,12,NA,10.1097057336799
"B","trial","UG","DA","Post-Stim",9,13,NA,9.0201288298699
"B","trial","UG","DA","Post-Stim",9,14,NA,9.09319262578605
"B","trial","UG","DA","Post-Stim",9,15,NA,8.42111587253173
"B","trial","UG","DA","Post-Stim",9,16,NA,6.37861867113363
"B","trial","UG","DA","Post-Stim",9,17,NA,6.21468393613137
"B","trial","UG","DA","Post-Stim",9,18,NA,7.17679348261726
"B","trial","UG","DA","Post-Stim",9,19,NA,7.07597535158218
"B","trial","UG","DA","Post-Stim",9,20,NA,6.20416349728336
"B","trial","UG","DA","Post-Stim",9,21,NA,7.28210828878102
"B","trial","UG","DA","Post-Stim",9,22,NA,6.84021881250748
"B","trial","UG","DA","Post-Stim",9,23,NA,6.89819443349707
"B","trial","UG","DA","Post-Stim",9,24,NA,6.09643830238267
"B","trial","UG","DA","Post-Stim",9,25,NA,5.22276383538958
"B","trial","UG","DA","Post-Stim",9,26,NA,6.68288397637107
"B","trial","UG","DA","Post-Stim",9,27,NA,7.88137257977068
"B","trial","UG","DA","Post-Stim",9,28,NA,6.9220389169813
"B","trial","UG","DA","Post-Stim",9,29,NA,5.63134793109397
"B","trial","UG","DA","Post-Stim",9,30,NA,4.31747219813964
"B","trial","UG","5-HT","Post-Stim",9,2,NA,1.221621836053
"B","trial","UG","5-HT","Post-Stim",9,3,NA,2.08744759851215
"B","trial","UG","5-HT","Post-Stim",9,4,NA,1.36805032081811
"B","trial","UG","5-HT","Post-Stim",9,5,NA,1.5941837267217
"B","trial","UG","5-HT","Post-Stim",9,6,NA,0.246900625368028
"B","trial","UG","5-HT","Post-Stim",9,7,NA,1.43234961293286
"B","trial","UG","5-HT","Post-Stim",9,8,NA,1.82337076793897
"B","trial","UG","5-HT","Post-Stim",9,9,NA,2.16010254230711
"B","trial","UG","5-HT","Post-Stim",9,10,NA,2.26404486578987
"B","trial","UG","5-HT","Post-Stim",9,11,NA,2.87125848284957
"B","trial","UG","5-HT","Post-Stim",9,12,NA,2.86169214409278
"B","trial","UG","5-HT","Post-Stim",9,13,NA,2.75997770214462
"B","trial","UG","5-HT","Post-Stim",9,14,NA,3.41366771686321
"B","trial","UG","5-HT","Post-Stim",9,15,NA,2.29954874124257
"B","trial","UG","5-HT","Post-Stim",9,16,NA,1.46227894653284
"B","trial","UG","5-HT","Post-Stim",9,17,NA,3.36889824190965
"B","trial","UG","5-HT","Post-Stim",9,18,NA,2.90530280149074
"B","trial","UG","5-HT","Post-Stim",9,19,NA,1.661302678155
"B","trial","UG","5-HT","Post-Stim",9,20,NA,2.67315588754749
"B","trial","UG","5-HT","Post-Stim",9,21,NA,4.32704692208326
"B","trial","UG","5-HT","Post-Stim",9,22,NA,4.30432021753334
"B","trial","UG","5-HT","Post-Stim",9,23,NA,2.70660302722876
"B","trial","UG","5-HT","Post-Stim",9,24,NA,4.2357674807317
"B","trial","UG","5-HT","Post-Stim",9,25,NA,4.12667668866273
"B","trial","UG","5-HT","Post-Stim",9,26,NA,3.91699294102768
"B","trial","UG","5-HT","Post-Stim",9,27,NA,4.52829556606813
"B","trial","UG","5-HT","Post-Stim",9,28,NA,3.36199542351357
"B","trial","UG","5-HT","Post-Stim",9,29,NA,4.72406761795532
"B","trial","UG","5-HT","Post-Stim",9,30,NA,3.78279400410255
"B","trial","UG","DA","Pre-Stim",9,1,NA,6.86914543494389
"B","trial","UG","DA","Pre-Stim",9,2,NA,6.25251409870351
"B","trial","UG","DA","Pre-Stim",9,3,NA,4.52665973683363
"B","trial","UG","DA","Pre-Stim",9,4,NA,6.33231571979356
"B","trial","UG","DA","Pre-Stim",9,5,NA,7.23889782716458
"B","trial","UG","DA","Pre-Stim",9,6,NA,5.74457239923042
"B","trial","UG","DA","Pre-Stim",9,7,NA,7.00860650231792
"B","trial","UG","DA","Pre-Stim",9,8,NA,6.22541501746632
"B","trial","UG","DA","Pre-Stim",9,9,NA,8.78416555005866
"B","trial","UG","DA","Pre-Stim",9,10,NA,8.92938323830726
"B","trial","UG","DA","Pre-Stim",9,11,NA,8.8346513093982
"B","trial","UG","DA","Pre-Stim",9,12,NA,7.13900059540025
"B","trial","UG","DA","Pre-Stim",9,13,NA,7.71482525551223
"B","trial","UG","DA","Pre-Stim",9,14,NA,7.67070125589854
"B","trial","UG","DA","Pre-Stim",9,15,NA,7.48006398587152
"B","trial","UG","DA","Pre-Stim",9,16,NA,8.80152826507107
"B","trial","UG","DA","Pre-Stim",9,17,NA,10.6113582377446
"B","trial","UG","DA","Pre-Stim",9,18,NA,8.60315136715633
"B","trial","UG","DA","Pre-Stim",9,19,NA,8.47925029120496
"B","trial","UG","DA","Pre-Stim",9,20,NA,9.10906731650942
"B","trial","UG","DA","Pre-Stim",9,21,NA,8.22073793929634
"B","trial","UG","DA","Pre-Stim",9,22,NA,9.05668682467714
"B","trial","UG","DA","Pre-Stim",9,23,NA,8.95534128087084
"B","trial","UG","DA","Pre-Stim",9,24,NA,9.70753473581686
"B","trial","UG","DA","Pre-Stim",9,25,NA,10.9845681403795
"B","trial","UG","DA","Pre-Stim",9,26,NA,9.4690135254181
"B","trial","UG","DA","Pre-Stim",9,27,NA,10.7799330322033
"B","trial","UG","DA","Pre-Stim",9,28,NA,9.90516079400178
"B","trial","UG","DA","Pre-Stim",9,29,NA,10.1920896935305
"B","trial","UG","DA","Pre-Stim",9,30,NA,11.7623877281415
"B","trial","UG","5-HT","Pre-Stim",9,1,NA,-4.60476932543634
"B","trial","UG","5-HT","Pre-Stim",9,2,NA,-5.53259379701082
"B","trial","UG","5-HT","Pre-Stim",9,3,NA,-4.44087446412147
"B","trial","UG","5-HT","Pre-Stim",9,4,NA,-3.72058385414976
"B","trial","UG","5-HT","Pre-Stim",9,5,NA,-4.24334696829723
"B","trial","UG","5-HT","Pre-Stim",9,6,NA,-4.2653702670888
"B","trial","UG","5-HT","Pre-Stim",9,7,NA,-4.26874636733036
"B","trial","UG","5-HT","Pre-Stim",9,8,NA,-4.01041969045139
"B","trial","UG","5-HT","Pre-Stim",9,9,NA,-3.98577088521213
"B","trial","UG","5-HT","Pre-Stim",9,10,NA,-4.20447220450477
"B","trial","UG","5-HT","Pre-Stim",9,11,NA,-2.84855575191654
"B","trial","UG","5-HT","Pre-Stim",9,12,NA,-3.70341321185566
"B","trial","UG","5-HT","Pre-Stim",9,13,NA,-4.33054344134932
"B","trial","UG","5-HT","Pre-Stim",9,14,NA,-3.93793296980647
"B","trial","UG","5-HT","Pre-Stim",9,15,NA,-3.01057746514715
"B","trial","UG","5-HT","Pre-Stim",9,16,NA,-2.85354909622594
"B","trial","UG","5-HT","Pre-Stim",9,17,NA,-3.33662677536222
"B","trial","UG","5-HT","Pre-Stim",9,18,NA,-3.43878760246509
"B","trial","UG","5-HT","Pre-Stim",9,19,NA,-3.74552882690229
"B","trial","UG","5-HT","Pre-Stim",9,20,NA,-3.36259771313274
"B","trial","UG","5-HT","Pre-Stim",9,21,NA,-2.69834594808773
"B","trial","UG","5-HT","Pre-Stim",9,22,NA,-3.47900894095767
"B","trial","UG","5-HT","Pre-Stim",9,23,NA,-2.87078807704876
"B","trial","UG","5-HT","Pre-Stim",9,24,NA,-3.14663640622204
"B","trial","UG","5-HT","Pre-Stim",9,25,NA,-3.31911417385284
"B","trial","UG","5-HT","Pre-Stim",9,26,NA,-2.6884649520562
"B","trial","UG","5-HT","Pre-Stim",9,27,NA,-2.87543463092709
"B","trial","UG","5-HT","Pre-Stim",9,28,NA,-2.59754213001175
"B","trial","UG","5-HT","Pre-Stim",9,29,NA,-3.45798779798136
"B","trial","UG","5-HT","Pre-Stim",9,30,NA,-2.30695717656957
"B","trial","UG","DA","Post-Stim",10,1,NA,6.55180512167016
"B","trial","UG","DA","Post-Stim",10,2,NA,6.76034600286767
"B","trial","UG","DA","Post-Stim",10,3,NA,6.77011638393662
"B","trial","UG","DA","Post-Stim",10,4,NA,7.04176010907915
"B","trial","UG","DA","Post-Stim",10,5,NA,7.10131041540573
"B","trial","UG","DA","Post-Stim",10,6,NA,6.96914531839808
"B","trial","UG","DA","Post-Stim",10,7,NA,7.35594043028325
"B","trial","UG","DA","Post-Stim",10,8,NA,7.35760934977911
"B","trial","UG","DA","Post-Stim",10,9,NA,7.36614276718564
"B","trial","UG","DA","Post-Stim",10,10,NA,7.67128458260317
"B","trial","UG","DA","Post-Stim",10,11,NA,7.19559569616636
"B","trial","UG","DA","Post-Stim",10,12,NA,8.05268408094187
"B","trial","UG","DA","Post-Stim",10,13,NA,7.67964889257529
"B","trial","UG","DA","Post-Stim",10,14,NA,7.42996047177722
"B","trial","UG","DA","Post-Stim",10,15,NA,7.09196390893635
"B","trial","UG","DA","Post-Stim",10,16,NA,7.47264323106334
"B","trial","UG","DA","Post-Stim",10,17,NA,7.63740859267232
"B","trial","UG","DA","Post-Stim",10,18,NA,7.61429372843533
"B","trial","UG","DA","Post-Stim",10,19,NA,7.47161439357691
"B","trial","UG","DA","Post-Stim",10,20,NA,7.75485251179274
"B","trial","UG","DA","Post-Stim",10,21,NA,7.09639038424669
"B","trial","UG","DA","Post-Stim",10,23,NA,7.07184628615758
"B","trial","UG","DA","Post-Stim",10,24,NA,7.10403202009553
"B","trial","UG","DA","Post-Stim",10,25,NA,7.45387919051423
"B","trial","UG","DA","Post-Stim",10,26,NA,7.61869360295719
"B","trial","UG","DA","Post-Stim",10,27,NA,7.52378242688182
"B","trial","UG","DA","Post-Stim",10,28,NA,7.33413952512663
"B","trial","UG","DA","Post-Stim",10,29,NA,7.17410868831789
"B","trial","UG","DA","Post-Stim",10,30,NA,7.16409260023711
"B","trial","UG","5-HT","Post-Stim",10,1,NA,9.13632017031212
"B","trial","UG","5-HT","Post-Stim",10,2,NA,8.24486448537812
"B","trial","UG","5-HT","Post-Stim",10,3,NA,9.22769228832342
"B","trial","UG","5-HT","Post-Stim",10,4,NA,9.47527169143346
"B","trial","UG","5-HT","Post-Stim",10,5,NA,10.5438045084519
"B","trial","UG","5-HT","Post-Stim",10,6,NA,8.79100431056602
"B","trial","UG","5-HT","Post-Stim",10,7,NA,10.5967108788501
"B","trial","UG","5-HT","Post-Stim",10,8,NA,9.77832802572917
"B","trial","UG","5-HT","Post-Stim",10,9,NA,10.6555717311093
"B","trial","UG","5-HT","Post-Stim",10,10,NA,8.3637458291331
"B","trial","UG","5-HT","Post-Stim",10,11,NA,9.57982685419437
"B","trial","UG","5-HT","Post-Stim",10,12,NA,7.63885951094668
"B","trial","UG","5-HT","Post-Stim",10,13,NA,7.18809338564734
"B","trial","UG","5-HT","Post-Stim",10,14,NA,8.57837530377076
"B","trial","UG","5-HT","Post-Stim",10,15,NA,8.55643058622752
"B","trial","UG","5-HT","Post-Stim",10,16,NA,6.97831877633659
"B","trial","UG","5-HT","Post-Stim",10,17,NA,6.7716440944862
"B","trial","UG","5-HT","Post-Stim",10,18,NA,6.48885596313819
"B","trial","UG","5-HT","Post-Stim",10,19,NA,7.1437929442348
"B","trial","UG","5-HT","Post-Stim",10,20,NA,6.25095026566888
"B","trial","UG","5-HT","Post-Stim",10,21,NA,5.82875373291799
"B","trial","UG","5-HT","Post-Stim",10,23,NA,7.2703200507741
"B","trial","UG","5-HT","Post-Stim",10,24,NA,5.10676747300689
"B","trial","UG","5-HT","Post-Stim",10,25,NA,5.55411885518678
"B","trial","UG","5-HT","Post-Stim",10,26,NA,5.48864656013775
"B","trial","UG","5-HT","Post-Stim",10,27,NA,5.154415649093
"B","trial","UG","5-HT","Post-Stim",10,28,NA,5.04332772362393
"B","trial","UG","5-HT","Post-Stim",10,29,NA,4.17206868863449
"B","trial","UG","5-HT","Post-Stim",10,30,NA,3.95029090802106
"B","trial","UG","DA","Pre-Stim",10,1,NA,0.891861219973087
"B","trial","UG","DA","Pre-Stim",10,2,NA,0.350664068253759
"B","trial","UG","DA","Pre-Stim",10,3,NA,0.830813612409173
"B","trial","UG","DA","Pre-Stim",10,4,NA,1.38995747734985
"B","trial","UG","DA","Pre-Stim",10,5,NA,1.77672784378574
"B","trial","UG","DA","Pre-Stim",10,6,NA,1.5037297966966
"B","trial","UG","DA","Pre-Stim",10,7,NA,2.46743577759396
"B","trial","UG","DA","Pre-Stim",10,8,NA,2.84859818063262
"B","trial","UG","DA","Pre-Stim",10,9,NA,3.291373395224
"B","trial","UG","DA","Pre-Stim",10,10,NA,3.42070320683864
"B","trial","UG","DA","Pre-Stim",10,11,NA,3.41073097593703
"B","trial","UG","DA","Pre-Stim",10,12,NA,3.28305300444852
"B","trial","UG","DA","Pre-Stim",10,13,NA,3.7137146417687
"B","trial","UG","DA","Pre-Stim",10,14,NA,3.80930307776494
"B","trial","UG","DA","Pre-Stim",10,15,NA,4.42998679768715
"B","trial","UG","DA","Pre-Stim",10,16,NA,3.69133249569913
"B","trial","UG","DA","Pre-Stim",10,17,NA,4.13275104668076
"B","trial","UG","DA","Pre-Stim",10,18,NA,3.54768125775553
"B","trial","UG","DA","Pre-Stim",10,19,NA,4.0916643564763
"B","trial","UG","DA","Pre-Stim",10,21,NA,5.2335705269795
"B","trial","UG","DA","Pre-Stim",10,22,NA,4.72061769465521
"B","trial","UG","DA","Pre-Stim",10,23,NA,5.1577898737196
"B","trial","UG","DA","Pre-Stim",10,24,NA,4.44445308501318
"B","trial","UG","DA","Pre-Stim",10,25,NA,4.24977957836853
"B","trial","UG","DA","Pre-Stim",10,26,NA,4.21131484734483
"B","trial","UG","DA","Pre-Stim",10,27,NA,4.44262691898187
"B","trial","UG","DA","Pre-Stim",10,28,NA,3.33082097190391
"B","trial","UG","DA","Pre-Stim",10,29,NA,4.02033556861347
"B","trial","UG","DA","Pre-Stim",10,30,NA,4.13749397265826
"B","trial","UG","5-HT","Pre-Stim",10,1,NA,2.36792764110871
"B","trial","UG","5-HT","Pre-Stim",10,2,NA,1.46821737470297
"B","trial","UG","5-HT","Pre-Stim",10,3,NA,2.62487677526221
"B","trial","UG","5-HT","Pre-Stim",10,4,NA,2.14952480200523
"B","trial","UG","5-HT","Pre-Stim",10,5,NA,2.91363272383974
"B","trial","UG","5-HT","Pre-Stim",10,6,NA,2.53006208486022
"B","trial","UG","5-HT","Pre-Stim",10,7,NA,2.38224468555238
"B","trial","UG","5-HT","Pre-Stim",10,8,NA,2.51008765237056
"B","trial","UG","5-HT","Pre-Stim",10,9,NA,3.31829414416924
"B","trial","UG","5-HT","Pre-Stim",10,10,NA,2.45969714971242
"B","trial","UG","5-HT","Pre-Stim",10,11,NA,1.68976023672252
"B","trial","UG","5-HT","Pre-Stim",10,12,NA,0.703813485646167
"B","trial","UG","5-HT","Pre-Stim",10,13,NA,1.88623852571861
"B","trial","UG","5-HT","Pre-Stim",10,14,NA,1.36328783885282
"B","trial","UG","5-HT","Pre-Stim",10,15,NA,1.22473883681478
"B","trial","UG","5-HT","Pre-Stim",10,16,NA,2.09941465279785
"B","trial","UG","5-HT","Pre-Stim",10,17,NA,0.247904327695261
"B","trial","UG","5-HT","Pre-Stim",10,18,NA,-0.162652314132417
"B","trial","UG","5-HT","Pre-Stim",10,19,NA,1.5585522437681
"B","trial","UG","5-HT","Pre-Stim",10,21,NA,1.41952332386234
"B","trial","UG","5-HT","Pre-Stim",10,22,NA,-0.971297669555566
"B","trial","UG","5-HT","Pre-Stim",10,23,NA,0.123327625531279
"B","trial","UG","5-HT","Pre-Stim",10,24,NA,-0.364535652099902
"B","trial","UG","5-HT","Pre-Stim",10,25,NA,-0.789237339271106
"B","trial","UG","5-HT","Pre-Stim",10,26,NA,-0.673478457632615
"B","trial","UG","5-HT","Pre-Stim",10,27,NA,-0.24842214333006
"B","trial","UG","5-HT","Pre-Stim",10,28,NA,-1.14226957304565
"B","trial","UG","5-HT","Pre-Stim",10,29,NA,-0.942139145987771
"B","trial","UG","5-HT","Pre-Stim",10,30,NA,-0.757778859417221
"C","subject","RL","DA","Post-Stim",3,NA,NA,4.47700008417383
"C","subject","RL","5-HT","Post-Stim",3,NA,NA,-0.647597993729912
"C","subject","RL","DA","Pre-Stim",3,NA,NA,-6.39655574598761
"C","subject","RL","5-HT","Pre-Stim",3,NA,NA,1.16542328163778
"C","subject","RL","DA","Post-Stim",4,NA,NA,-5.2737082046824
"C","subject","RL","5-HT","Post-Stim",4,NA,NA,5.01290153202992
"C","subject","RL","DA","Pre-Stim",4,NA,NA,6.43896208960399
"C","subject","RL","5-HT","Pre-Stim",4,NA,NA,-6.32494016907436
"C","subject","RL","DA","Post-Stim",5,NA,NA,4.76226549560915
"C","subject","RL","5-HT","Post-Stim",5,NA,NA,4.43606063718899
"C","subject","RL","DA","Pre-Stim",5,NA,NA,-6.59370636931757
"C","subject","RL","5-HT","Pre-Stim",5,NA,NA,-4.7629792584147
"C","subject","RL","DA","Post-Stim",6,NA,NA,4.5709499409173
"C","subject","RL","5-HT","Post-Stim",6,NA,NA,-5.00228064181207
"C","subject","RL","DA","Pre-Stim",6,NA,NA,-6.85482738774223
"C","subject","RL","5-HT","Pre-Stim",6,NA,NA,6.75669442852681
"C","subject","RL","DA","Post-Stim",7,NA,NA,-0.531690574108054
"C","subject","RL","5-HT","Post-Stim",7,NA,NA,6.3360717803787
"C","subject","RL","DA","Pre-Stim",7,NA,NA,-0.173414967346815
"C","subject","RL","5-HT","Pre-Stim",7,NA,NA,-5.86674145919267
"C","subject","RL","DA","Post-Stim",8,NA,NA,2.47337069163095
"C","subject","RL","5-HT","Post-Stim",8,NA,NA,-3.35985964909951
"C","subject","RL","DA","Pre-Stim",8,NA,NA,-6.49329758410466
"C","subject","RL","5-HT","Pre-Stim",8,NA,NA,6.52319086765286
"C","subject","RL","DA","Post-Stim",9,NA,NA,0.695825562643072
"C","subject","RL","5-HT","Post-Stim",9,NA,NA,6.69067262948842
"C","subject","RL","DA","Pre-Stim",9,NA,NA,-5.36058224195388
"C","subject","RL","5-HT","Pre-Stim",9,NA,NA,-6.21014068610157
"C","subject","RL","DA","Post-Stim",10,NA,NA,3.74474340567252
"C","subject","RL","5-HT","Post-Stim",10,NA,NA,-6.1613115210077
"C","subject","RL","DA","Pre-Stim",10,NA,NA,-7.43797963002549
"C","subject","RL","5-HT","Pre-Stim",10,NA,NA,4.13054724564244
"D","subject","UG","DA","Post-Stim",1,NA,NA,0.559771775605264
"D","subject","UG","5-HT","Post-Stim",1,NA,NA,1.58406300691166
"D","subject","UG","DA","Pre-Stim",1,NA,NA,-0.107986294293936
"D","subject","UG","5-HT","Pre-Stim",1,NA,NA,-2.70826471504147
"D","subject","UG","DA","Post-Stim",2,NA,NA,0.615446586495678
"D","subject","UG","5-HT","Post-Stim",2,NA,NA,3.68855758530435
"D","subject","UG","DA","Pre-Stim",2,NA,NA,-0.290876797826327
"D","subject","UG","5-HT","Pre-Stim",2,NA,NA,-3.82919332713547
"D","subject","UG","DA","Post-Stim",3,NA,NA,5.58526030277534
"D","subject","UG","5-HT","Post-Stim",3,NA,NA,3.27974961160234
"D","subject","UG","DA","Pre-Stim",3,NA,NA,2.07206742345343
"D","subject","UG","5-HT","Pre-Stim",3,NA,NA,-4.88240093289425
"D","subject","UG","DA","Post-Stim",4,NA,NA,-5.90887858992934
"D","subject","UG","5-HT","Post-Stim",4,NA,NA,6.23196817365469
"D","subject","UG","DA","Pre-Stim",4,NA,NA,2.26610386086212
"D","subject","UG","5-HT","Pre-Stim",4,NA,NA,-1.12160036014919
"D","subject","UG","DA","Post-Stim",5,NA,NA,6.16384784950034
"D","subject","UG","5-HT","Post-Stim",5,NA,NA,7.62388751516469
"D","subject","UG","DA","Pre-Stim",5,NA,NA,0.486856625316815
"D","subject","UG","5-HT","Pre-Stim",5,NA,NA,-6.12705673004322
"D","subject","UG","DA","Post-Stim",6,NA,NA,6.26073110330118
"D","subject","UG","5-HT","Post-Stim",6,NA,NA,-5.98308341316195
"D","subject","UG","DA","Pre-Stim",6,NA,NA,2.23281445000818
"D","subject","UG","5-HT","Pre-Stim",6,NA,NA,0.728808943565663
"D","subject","UG","DA","Post-Stim",7,NA,NA,2.29670194382299
"D","subject","UG","5-HT","Post-Stim",7,NA,NA,1.41605132374042
"D","subject","UG","DA","Pre-Stim",7,NA,NA,0.383243849143012
"D","subject","UG","5-HT","Pre-Stim",7,NA,NA,-3.13605079629666
"D","subject","UG","DA","Post-Stim",8,NA,NA,7.67276269662396
"D","subject","UG","5-HT","Post-Stim",8,NA,NA,-6.05470280099553
"D","subject","UG","DA","Pre-Stim",8,NA,NA,6.39464129906667
"D","subject","UG","5-HT","Pre-Stim",8,NA,NA,-4.59474419813163
"D","subject","UG","DA","Post-Stim",9,NA,NA,7.93835279518926
"D","subject","UG","5-HT","Post-Stim",9,NA,NA,2.77550741821301
"D","subject","UG","DA","Pre-Stim",9,NA,NA,8.37962423663076
"D","subject","UG","5-HT","Pre-Stim",9,NA,NA,-3.57617803038272
"D","subject","UG","DA","Post-Stim",10,NA,NA,7.30645140392003
"D","subject","UG","5-HT","Post-Stim",10,NA,NA,7.5019714222529
"D","subject","UG","DA","Pre-Stim",10,NA,NA,3.33899604383496
"D","subject","UG","5-HT","Pre-Stim",10,NA,NA,1.0685970681559
"E","subject","RL","DA","Post-Stim",3,NA,"Mixed",3.26272368711723
"E","subject","RL","DA","Post-Stim",3,NA,"Punishment",5.56360721217851
"E","subject","RL","DA","Post-Stim",3,NA,"Reward",4.56997574188126
"E","subject","RL","5-HT","Post-Stim",3,NA,"Mixed",-1.1125999611047
"E","subject","RL","5-HT","Post-Stim",3,NA,"Punishment",-0.791096980342357
"E","subject","RL","5-HT","Post-Stim",3,NA,"Reward",-0.052382810239105
"E","subject","RL","DA","Pre-Stim",3,NA,"Mixed",-8.69403562060553
"E","subject","RL","DA","Pre-Stim",3,NA,"Punishment",-3.60088595586315
"E","subject","RL","DA","Pre-Stim",3,NA,"Reward",-6.89474566149415
"E","subject","RL","5-HT","Pre-Stim",3,NA,"Mixed",-1.36843719258189
"E","subject","RL","5-HT","Pre-Stim",3,NA,"Punishment",2.63553744115497
"E","subject","RL","5-HT","Pre-Stim",3,NA,"Reward",2.22916959634027
"E","subject","RL","DA","Post-Stim",4,NA,"Mixed",-5.97576033269798
"E","subject","RL","DA","Post-Stim",4,NA,"Punishment",-4.24744291193573
"E","subject","RL","DA","Post-Stim",4,NA,"Reward",-5.59792136941349
"E","subject","RL","5-HT","Post-Stim",4,NA,"Mixed",6.30034613527064
"E","subject","RL","5-HT","Post-Stim",4,NA,"Punishment",4.89160193727758
"E","subject","RL","5-HT","Post-Stim",4,NA,"Reward",3.84675652354153
"E","subject","RL","DA","Pre-Stim",4,NA,"Mixed",5.81655266734603
"E","subject","RL","DA","Pre-Stim",4,NA,"Punishment",6.75777048261291
"E","subject","RL","DA","Pre-Stim",4,NA,"Reward",6.74256311885304
"E","subject","RL","5-HT","Pre-Stim",4,NA,"Mixed",-7.83698037905608
"E","subject","RL","5-HT","Pre-Stim",4,NA,"Punishment",-4.93965146577889
"E","subject","RL","5-HT","Pre-Stim",4,NA,"Reward",-6.19818866238812
"E","subject","RL","DA","Post-Stim",5,NA,"Mixed",3.84413791728349
"E","subject","RL","DA","Post-Stim",5,NA,"Punishment",5.62048257942862
"E","subject","RL","DA","Post-Stim",5,NA,"Reward",4.82046426170087
"E","subject","RL","5-HT","Post-Stim",5,NA,"Mixed",3.29656635007056
"E","subject","RL","5-HT","Post-Stim",5,NA,"Punishment",5.41645653168611
"E","subject","RL","5-HT","Post-Stim",5,NA,"Reward",4.59061336144971
"E","subject","RL","DA","Pre-Stim",5,NA,"Mixed",-5.95013801316188
"E","subject","RL","DA","Pre-Stim",5,NA,"Punishment",-7.05534931323505
"E","subject","RL","DA","Pre-Stim",5,NA,"Reward",-6.77563178155578
"E","subject","RL","5-HT","Pre-Stim",5,NA,"Mixed",-2.68099245156217
"E","subject","RL","5-HT","Pre-Stim",5,NA,"Punishment",-5.92194907911588
"E","subject","RL","5-HT","Pre-Stim",5,NA,"Reward",-5.68599624456605
"E","subject","RL","DA","Post-Stim",6,NA,"Mixed",5.01493640887599
"E","subject","RL","DA","Post-Stim",6,NA,"Punishment",4.20188082783027
"E","subject","RL","DA","Post-Stim",6,NA,"Reward",4.49603258604563
"E","subject","RL","5-HT","Post-Stim",6,NA,"Mixed",-5.6140279120347
"E","subject","RL","5-HT","Post-Stim",6,NA,"Punishment",-4.20757144378156
"E","subject","RL","5-HT","Post-Stim",6,NA,"Reward",-5.18524256961994
"E","subject","RL","DA","Pre-Stim",6,NA,"Mixed",-8.28908984292419
"E","subject","RL","DA","Pre-Stim",6,NA,"Punishment",-5.2892569730108
"E","subject","RL","DA","Pre-Stim",6,NA,"Reward",-6.9861353472917
"E","subject","RL","5-HT","Pre-Stim",6,NA,"Mixed",6.21462155486427
"E","subject","RL","5-HT","Pre-Stim",6,NA,"Punishment",6.39636909498755
"E","subject","RL","5-HT","Pre-Stim",6,NA,"Reward",7.65909263572863
"E","subject","RL","DA","Post-Stim",7,NA,"Mixed",-0.725956035045128
"E","subject","RL","DA","Post-Stim",7,NA,"Punishment",-0.618357783381347
"E","subject","RL","DA","Post-Stim",7,NA,"Reward",-0.250757903897688
"E","subject","RL","5-HT","Post-Stim",7,NA,"Mixed",4.28988892098174
"E","subject","RL","5-HT","Post-Stim",7,NA,"Punishment",8.17415978057013
"E","subject","RL","5-HT","Post-Stim",7,NA,"Reward",6.54416663958425
"E","subject","RL","DA","Pre-Stim",7,NA,"Mixed",6.17467307444574
"E","subject","RL","DA","Pre-Stim",7,NA,"Punishment",-4.02436704233051
"E","subject","RL","DA","Pre-Stim",7,NA,"Reward",-2.67055093415567
"E","subject","RL","5-HT","Pre-Stim",7,NA,"Mixed",-6.088829607649
"E","subject","RL","5-HT","Pre-Stim",7,NA,"Punishment",-5.3514876965453
"E","subject","RL","5-HT","Pre-Stim",7,NA,"Reward",-6.15990707338371
"E","subject","RL","DA","Post-Stim",8,NA,"Mixed",4.6404797271956
"E","subject","RL","DA","Post-Stim",8,NA,"Punishment",-0.304110886310891
"E","subject","RL","DA","Post-Stim",8,NA,"Reward",3.08374323400815
"E","subject","RL","5-HT","Post-Stim",8,NA,"Mixed",-3.98612904499071
"E","subject","RL","5-HT","Post-Stim",8,NA,"Punishment",-1.98317084806268
"E","subject","RL","5-HT","Post-Stim",8,NA,"Reward",-4.11027905424514
"E","subject","RL","DA","Pre-Stim",8,NA,"Mixed",-8.23899124213921
"E","subject","RL","DA","Pre-Stim",8,NA,"Punishment",-4.65657963362847
"E","subject","RL","DA","Pre-Stim",8,NA,"Reward",-6.58432187654629
"E","subject","RL","5-HT","Pre-Stim",8,NA,"Mixed",8.60632963031422
"E","subject","RL","5-HT","Pre-Stim",8,NA,"Punishment",3.9310476156253
"E","subject","RL","5-HT","Pre-Stim",8,NA,"Reward",7.03219535701905
"E","subject","RL","DA","Post-Stim",9,NA,"Mixed",2.13904277349331
"E","subject","RL","DA","Post-Stim",9,NA,"Punishment",-0.637894993064024
"E","subject","RL","DA","Post-Stim",9,NA,"Reward",0.595714335083633
"E","subject","RL","5-HT","Post-Stim",9,NA,"Mixed",6.46358669695553
"E","subject","RL","5-HT","Post-Stim",9,NA,"Punishment",6.76433589643637
"E","subject","RL","5-HT","Post-Stim",9,NA,"Reward",6.83094478088037
"E","subject","RL","DA","Pre-Stim",9,NA,"Mixed",-8.76926678800941
"E","subject","RL","DA","Pre-Stim",9,NA,"Punishment",-1.91123179300563
"E","subject","RL","DA","Pre-Stim",9,NA,"Reward",-5.30099271702144
"E","subject","RL","5-HT","Pre-Stim",9,NA,"Mixed",-7.66312104371846
"E","subject","RL","5-HT","Pre-Stim",9,NA,"Punishment",-4.77275132835953
"E","subject","RL","5-HT","Pre-Stim",9,NA,"Reward",-6.15181496982622
"E","subject","RL","DA","Post-Stim",10,NA,"Mixed",5.82508920193216
"E","subject","RL","DA","Post-Stim",10,NA,"Punishment",2.02575219796708
"E","subject","RL","DA","Post-Stim",10,NA,"Reward",3.44282726844002
"E","subject","RL","5-HT","Post-Stim",10,NA,"Mixed",-5.24982279908169
"E","subject","RL","5-HT","Post-Stim",10,NA,"Punishment",-7.00153899306108
"E","subject","RL","5-HT","Post-Stim",10,NA,"Reward",-6.20653023596816
"E","subject","RL","DA","Pre-Stim",10,NA,"Mixed",-8.96854947313853
"E","subject","RL","DA","Pre-Stim",10,NA,"Punishment",-5.31616124939238
"E","subject","RL","DA","Pre-Stim",10,NA,"Reward",-8.34228065237496
"E","subject","RL","5-HT","Pre-Stim",10,NA,"Mixed",-1.19815509920829
"E","subject","RL","5-HT","Pre-Stim",10,NA,"Punishment",7.3849668618053
"E","subject","RL","5-HT","Pre-Stim",10,NA,"Reward",5.8274715006764
"F","subject","UG","DA","Post-Stim",1,NA,"$1-3",0.65003184972422
"F","subject","UG","DA","Post-Stim",1,NA,"$4-6",1.17961545191582
"F","subject","UG","DA","Post-Stim",1,NA,"$7-9",-0.615214732057161
"F","subject","UG","5-HT","Post-Stim",1,NA,"$1-3",1.73177777610411
"F","subject","UG","5-HT","Post-Stim",1,NA,"$4-6",2.1032806539977
"F","subject","UG","5-HT","Post-Stim",1,NA,"$7-9",0.527717355318629
"F","subject","UG","DA","Pre-Stim",1,NA,"$1-3",-0.668780271773216
"F","subject","UG","DA","Pre-Stim",1,NA,"$4-6",0.435644768265575
"F","subject","UG","DA","Pre-Stim",1,NA,"$7-9",-0.430592793473861
"F","subject","UG","5-HT","Pre-Stim",1,NA,"$1-3",-2.66713217118562
"F","subject","UG","5-HT","Pre-Stim",1,NA,"$4-6",-3.03168252450319
"F","subject","UG","5-HT","Pre-Stim",1,NA,"$7-9",-2.22384331852205
"F","subject","UG","DA","Post-Stim",2,NA,"$1-3",-0.694890395042371
"F","subject","UG","DA","Post-Stim",2,NA,"$4-6",0.93254320897601
"F","subject","UG","DA","Post-Stim",2,NA,"$7-9",1.37086447869315
"F","subject","UG","5-HT","Post-Stim",2,NA,"$1-3",4.42154230285742
"F","subject","UG","5-HT","Post-Stim",2,NA,"$4-6",2.95125931638731
"F","subject","UG","5-HT","Post-Stim",2,NA,"$7-9",4.24584483835609
"F","subject","UG","DA","Pre-Stim",2,NA,"$1-3",-0.339426140185682
"F","subject","UG","DA","Pre-Stim",2,NA,"$4-6",0.0947684557274657
"F","subject","UG","DA","Pre-Stim",2,NA,"$7-9",-0.917206649186108
"F","subject","UG","5-HT","Pre-Stim",2,NA,"$1-3",-3.67500146912854
"F","subject","UG","5-HT","Pre-Stim",2,NA,"$4-6",-3.54051919166626
"F","subject","UG","5-HT","Pre-Stim",2,NA,"$7-9",-4.48856492221354
"F","subject","UG","DA","Post-Stim",3,NA,"$1-3",4.77658572556619
"F","subject","UG","DA","Post-Stim",3,NA,"$4-6",6.51469576346096
"F","subject","UG","DA","Post-Stim",3,NA,"$7-9",4.65058889821454
"F","subject","UG","5-HT","Post-Stim",3,NA,"$1-3",3.16057166021925
"F","subject","UG","5-HT","Post-Stim",3,NA,"$4-6",4.10258626004445
"F","subject","UG","5-HT","Post-Stim",3,NA,"$7-9",1.77027968772738
"F","subject","UG","DA","Pre-Stim",3,NA,"$1-3",2.36326759580489
"F","subject","UG","DA","Pre-Stim",3,NA,"$4-6",2.19206004113035
"F","subject","UG","DA","Pre-Stim",3,NA,"$7-9",1.57088017016737
"F","subject","UG","5-HT","Pre-Stim",3,NA,"$1-3",-5.6316893139555
"F","subject","UG","5-HT","Pre-Stim",3,NA,"$4-6",-4.92650436247128
"F","subject","UG","5-HT","Pre-Stim",3,NA,"$7-9",-4.05593155007319
"F","subject","UG","DA","Post-Stim",4,NA,"$1-3",-6.8457243265325
"F","subject","UG","DA","Post-Stim",4,NA,"$4-6",-5.74831084357521
"F","subject","UG","DA","Post-Stim",4,NA,"$7-9",-5.2530264094459
"F","subject","UG","5-HT","Post-Stim",4,NA,"$1-3",6.55568340534696
"F","subject","UG","5-HT","Post-Stim",4,NA,"$4-6",6.17009953258977
"F","subject","UG","5-HT","Post-Stim",4,NA,"$7-9",6.01652306382602
"F","subject","UG","DA","Pre-Stim",4,NA,"$1-3",1.4197493092298
"F","subject","UG","DA","Pre-Stim",4,NA,"$4-6",2.58624588275107
"F","subject","UG","DA","Pre-Stim",4,NA,"$7-9",2.55220987418879
"F","subject","UG","5-HT","Pre-Stim",4,NA,"$1-3",-0.75444350572224
"F","subject","UG","5-HT","Pre-Stim",4,NA,"$4-6",-1.25428700708276
"F","subject","UG","5-HT","Pre-Stim",4,NA,"$7-9",-1.25655558244241
"F","subject","UG","DA","Post-Stim",5,NA,"$1-3",6.25928106015331
"F","subject","UG","DA","Post-Stim",5,NA,"$4-6",6.39527290601283
"F","subject","UG","DA","Post-Stim",5,NA,"$7-9",5.66342078995052
"F","subject","UG","5-HT","Post-Stim",5,NA,"$1-3",8.63066073951793
"F","subject","UG","5-HT","Post-Stim",5,NA,"$4-6",8.2570820738626
"F","subject","UG","5-HT","Post-Stim",5,NA,"$7-9",5.50902381309011
"F","subject","UG","DA","Pre-Stim",5,NA,"$1-3",0.736837675455569
"F","subject","UG","DA","Pre-Stim",5,NA,"$4-6",0.710039255104656
"F","subject","UG","DA","Pre-Stim",5,NA,"$7-9",-0.15369402695066
"F","subject","UG","5-HT","Pre-Stim",5,NA,"$1-3",-5.79092191333537
"F","subject","UG","5-HT","Pre-Stim",5,NA,"$4-6",-5.94919646522186
"F","subject","UG","5-HT","Pre-Stim",5,NA,"$7-9",-6.77444701018846
"F","subject","UG","DA","Post-Stim",6,NA,"$1-3",6.27503214412157
"F","subject","UG","DA","Post-Stim",6,NA,"$4-6",6.38195378053562
"F","subject","UG","DA","Post-Stim",6,NA,"$7-9",6.03429037732051
"F","subject","UG","5-HT","Post-Stim",6,NA,"$1-3",-5.63920324075239
"F","subject","UG","5-HT","Post-Stim",6,NA,"$4-6",-6.17977363591796
"F","subject","UG","5-HT","Post-Stim",6,NA,"$7-9",-5.9827556957485
"F","subject","UG","DA","Pre-Stim",6,NA,"$1-3",2.30907422746319
"F","subject","UG","DA","Pre-Stim",6,NA,"$4-6",1.84241879793962
"F","subject","UG","DA","Pre-Stim",6,NA,"$7-9",2.83974706367312
"F","subject","UG","5-HT","Pre-Stim",6,NA,"$1-3",0.708084908012143
"F","subject","UG","5-HT","Pre-Stim",6,NA,"$4-6",0.642094501302915
"F","subject","UG","5-HT","Pre-Stim",6,NA,"$7-9",0.901283253078991
"F","subject","UG","DA","Post-Stim",7,NA,"$1-3",1.80085211272478
"F","subject","UG","DA","Post-Stim",7,NA,"$4-6",3.19116563651436
"F","subject","UG","DA","Post-Stim",7,NA,"$7-9",1.22724031271129
"F","subject","UG","5-HT","Post-Stim",7,NA,"$1-3",1.41692830121431
"F","subject","UG","5-HT","Post-Stim",7,NA,"$4-6",1.37492292120238
"F","subject","UG","5-HT","Post-Stim",7,NA,"$7-9",1.48714905070811
"F","subject","UG","DA","Pre-Stim",7,NA,"$1-3",-0.05242510005996
"F","subject","UG","DA","Pre-Stim",7,NA,"$4-6",-0.36925941953656
"F","subject","UG","DA","Pre-Stim",7,NA,"$7-9",2.13579351853523
"F","subject","UG","5-HT","Pre-Stim",7,NA,"$1-3",-4.13397126947707
"F","subject","UG","5-HT","Pre-Stim",7,NA,"$4-6",-3.19978207393758
"F","subject","UG","5-HT","Pre-Stim",7,NA,"$7-9",-2.02660058724463
"F","subject","UG","DA","Post-Stim",8,NA,"$1-3",8.1831436466836
"F","subject","UG","DA","Post-Stim",8,NA,"$4-6",7.94801575879871
"F","subject","UG","DA","Post-Stim",8,NA,"$7-9",6.68068888775851
"F","subject","UG","5-HT","Post-Stim",8,NA,"$1-3",-6.39232677144675
"F","subject","UG","5-HT","Post-Stim",8,NA,"$4-6",-6.31893883786579
"F","subject","UG","5-HT","Post-Stim",8,NA,"$7-9",-5.25466576602134
"F","subject","UG","DA","Pre-Stim",8,NA,"$1-3",6.5774201282432
"F","subject","UG","DA","Pre-Stim",8,NA,"$4-6",5.41780257120208
"F","subject","UG","DA","Pre-Stim",8,NA,"$7-9",7.92133024365316
"F","subject","UG","5-HT","Pre-Stim",8,NA,"$1-3",-5.05588694265083
"F","subject","UG","5-HT","Pre-Stim",8,NA,"$4-6",-3.96739627224409
"F","subject","UG","5-HT","Pre-Stim",8,NA,"$7-9",-5.23146032391562
"F","subject","UG","DA","Post-Stim",9,NA,"$1-3",8.08530639309301
"F","subject","UG","DA","Post-Stim",9,NA,"$4-6",8.35173038600612
"F","subject","UG","DA","Post-Stim",9,NA,"$7-9",7.11966061220813
"F","subject","UG","5-HT","Post-Stim",9,NA,"$1-3",2.87704669253536
"F","subject","UG","5-HT","Post-Stim",9,NA,"$4-6",2.49689668233597
"F","subject","UG","5-HT","Post-Stim",9,NA,"$7-9",3.12671058969085
"F","subject","UG","DA","Pre-Stim",9,NA,"$1-3",8.15036912519746
"F","subject","UG","DA","Pre-Stim",9,NA,"$4-6",8.60007528050711
"F","subject","UG","DA","Pre-Stim",9,NA,"$7-9",8.22309002128043
"F","subject","UG","5-HT","Pre-Stim",9,NA,"$1-3",-3.61826629520597
"F","subject","UG","5-HT","Pre-Stim",9,NA,"$4-6",-3.58411843806732
"F","subject","UG","5-HT","Pre-Stim",9,NA,"$7-9",-3.52019405211141
"F","subject","UG","DA","Post-Stim",10,NA,"$1-3",7.33645130204735
"F","subject","UG","DA","Post-Stim",10,NA,"$4-6",7.40514416682288
"F","subject","UG","DA","Post-Stim",10,NA,"$7-9",7.07478028025454
"F","subject","UG","5-HT","Post-Stim",10,NA,"$1-3",7.77411171160856
"F","subject","UG","5-HT","Post-Stim",10,NA,"$4-6",7.59956775471944
"F","subject","UG","5-HT","Post-Stim",10,NA,"$7-9",6.99576128377048
"F","subject","UG","DA","Pre-Stim",10,NA,"$1-3",2.92098953910495
"F","subject","UG","DA","Pre-Stim",10,NA,"$4-6",3.55529129436341
"F","subject","UG","DA","Pre-Stim",10,NA,"$7-9",3.38412726246949
"F","subject","UG","5-HT","Pre-Stim",10,NA,"$1-3",1.56853052323802
"F","subject","UG","5-HT","Pre-Stim",10,NA,"$4-6",0.790859172491539
"F","subject","UG","5-HT","Pre-Stim",10,NA,"$7-9",1.05272033939077
